ts,open,high,low,close,vol
1696219200000,0.41279,0.41489,0.40154,0.4107,664687.0
1696233600000,0.4107,0.42457,0.41042,0.42221,5025148.0
1696248000000,0.42221,0.4238,0.41205,0.41252,3667134.0
1696262400000,0.41252,0.41432,0.40922,0.41228,2338869.0
1696276800000,0.41228,0.41257,0.40877,0.41257,753131.0
1696291200000,0.41257,0.41257,0.40877,0.41047,603889.0
1696305600000,0.41047,0.4136,0.41047,0.41178,928892.0
1696320000000,0.41178,0.4128,0.41065,0.41127,594157.0
1696334400000,0.41127,0.41424,0.41083,0.41083,790089.0
1696348800000,0.41083,0.41294,0.4101,0.41186,465454.0
1696363200000,0.41186,0.41275,0.41084,0.41126,406620.0
1696377600000,0.41126,0.41162,0.40757,0.40919,679811.0
1696392000000,0.40919,0.40969,0.40548,0.40549,1531180.0
1696406400000,0.40549,0.40839,0.40548,0.40734,594360.0
1696420800000,0.40734,0.4082,0.40538,0.40599,944355.0
1696435200000,0.40599,0.40821,0.40587,0.40634,555144.0
1696449600000,0.40634,0.40744,0.40612,0.40702,279860.0
1696464000000,0.40702,0.40724,0.40579,0.40635,305583.0
1696478400000,0.40635,0.40719,0.40457,0.40596,269747.0
1696492800000,0.40596,0.40622,0.40498,0.4055,305353.0
1696507200000,0.4055,0.4092,0.40356,0.40484,354496.0
1696521600000,0.40484,0.40495,0.39773,0.39904,850149.0
1696536000000,0.39904,0.3997,0.39728,0.39819,1307811.0
1696550400000,0.39819,0.39819,0.3963,0.39713,453976.0
1696564800000,0.39713,0.39963,0.39701,0.39963,250897.0
1696579200000,0.39963,0.39963,0.39692,0.39745,319802.0
1696593600000,0.39745,0.39844,0.39362,0.39654,479896.0
1696608000000,0.39654,0.39825,0.39651,0.39706,318966.0
1696622400000,0.39706,0.39993,0.39614,0.39614,178525.0
1696636800000,0.39614,0.39635,0.39341,0.39386,513751.0
1696651200000,0.39386,0.39821,0.3932,0.39755,920959.0
1696665600000,0.39755,0.39755,0.3935,0.39369,351594.0
1696680000000,0.39369,0.3937,0.39225,0.39317,479001.0
1696694400000,0.39317,0.39416,0.39084,0.39084,168074.0
1696708800000,0.39084,0.39151,0.3901,0.39019,1094052.0
1696723200000,0.39019,0.39187,0.38934,0.39187,411261.0
1696737600000,0.39187,0.39187,0.38582,0.38703,900597.0
1696752000000,0.38703,0.38716,0.38233,0.38275,634812.0
1696766400000,0.38275,0.38412,0.38056,0.38147,472633.0
1696780800000,0.38147,0.38198,0.37985,0.38001,586021.0
1696795200000,0.38001,0.3814,0.3786,0.379,324164.0
1696809600000,0.379,0.38409,0.37749,0.38278,582695.0
1696824000000,0.38278,0.38289,0.38067,0.38078,154069.0
1696838400000,0.38078,0.38081,0.37489,0.37584,1440345.0
1696852800000,0.37584,0.37694,0.37557,0.37558,376814.0
1696867200000,0.37558,0.37621,0.37133,0.37333,1238629.0
1696881600000,0.37333,0.37542,0.3725,0.37251,143974.0
1696896000000,0.37251,0.374,0.37202,0.37342,329433.0
1696910400000,0.37342,0.37347,0.37083,0.37093,324255.0
1696924800000,0.37093,0.3715,0.36934,0.36934,519984.0
1696939200000,0.36934,0.36953,0.36466,0.36477,805484.0
1696953600000,0.36477,0.36502,0.3616,0.36349,810028.0
1696968000000,0.36349,0.36382,0.36239,0.36298,270027.0
1696982400000,0.36298,0.36341,0.36016,0.36039,458597.0
1696996800000,0.36039,0.3605,0.35788,0.35808,505514.0
1697011200000,0.35808,0.35881,0.35647,0.3566,726223.0
1697025600000,0.3566,0.3566,0.35245,0.35357,1597368.0
1697040000000,0.35357,0.35476,0.35106,0.35331,856500.0
1697054400000,0.35331,0.35331,0.35045,0.35168,540841.0
1697068800000,0.35168,0.35278,0.35015,0.35089,395586.0
1697083200000,0.35089,0.35106,0.34776,0.34787,1894227.0
1697097600000,0.34787,0.348,0.34452,0.34466,1857246.0
1697112000000,0.34466,0.34571,0.34148,0.34149,1841815.0
1697126400000,0.34149,0.34297,0.33997,0.34113,1369597.0
1697140800000,0.34113,0.34116,0.33923,0.33925,1037358.0
1697155200000,0.33925,0.33936,0.33437,0.33499,1960225.0
1697169600000,0.33499,0.33757,0.33439,0.33549,2222084.0
1697184000000,0.33549,0.33851,0.32252,0.32323,5503240.0
1697198400000,0.32323,0.32644,0.32066,0.32351,3303783.0
1697212800000,0.32351,0.32531,0.32101,0.3215,1521558.0
1697227200000,0.3215,0.32978,0.32134,0.32143,3225672.0
1697241600000,0.32143,0.34103,0.32102,0.32936,6933507.0
1697256000000,0.32936,0.33487,0.3275,0.32794,1442531.0
1697270400000,0.32794,0.33009,0.32147,0.32574,1206920.0
1697284800000,0.32574,0.32988,0.32321,0.3278,1552038.0
1697299200000,0.3278,0.33063,0.32466,0.326,855876.0
1697313600000,0.326,0.3284,0.32408,0.3241,483078.0
1697328000000,0.3241,0.32829,0.32395,0.32432,442954.0
1697342400000,0.32432,0.32552,0.3223,0.32374,386798.0
1697356800000,0.32374,0.3258,0.32181,0.32284,661514.0
1697371200000,0.32284,0.3247,0.31877,0.32148,1270382.0
1697385600000,0.32148,0.32378,0.32045,0.3234,524663.0
1697400000000,0.3234,0.32341,0.3213,0.32161,534891.0
1697414400000,0.32161,0.32336,0.32135,0.3215,297952.0
1697428800000,0.3215,0.33,0.32068,0.328,1281320.0
1697443200000,0.328,0.32878,0.3242,0.3257,720169.0
1697457600000,0.3257,0.34438,0.3257,0.329,4758368.0
1697472000000,0.329,0.33839,0.32751,0.33175,1080453.0
1697486400000,0.33175,0.3343,0.33111,0.33234,412280.0
1697500800000,0.33234,0.3341,0.328,0.32961,714132.0
1697515200000,0.32961,0.33051,0.3264,0.32751,627779.0
1697529600000,0.32751,0.32949,0.32524,0.3269,1267815.0
1697544000000,0.3269,0.3277,0.32162,0.32609,1234093.0
1697558400000,0.32609,0.32725,0.3225,0.3237,774790.0
1697572800000,0.3237,0.3248,0.31835,0.32015,2156246.0
1697587200000,0.32015,0.32015,0.30712,0.3088,2568561.0
1697601600000,0.3088,0.31679,0.3088,0.31121,1594532.0
1697616000000,0.31121,0.3229,0.3112,0.32083,3472405.0
1697630400000,0.32083,0.3268,0.3191,0.3226,2275803.0
1697644800000,0.3226,0.3228,0.32073,0.32202,928898.0
1697659200000,0.32202,0.32261,0.3203,0.32049,302148.0
1697673600000,0.32049,0.326,0.3192,0.32399,1408479.0
1697688000000,0.32399,0.328,0.32336,0.32559,1428386.0
1697702400000,0.32559,0.32559,0.32232,0.32299,712326.0
1697716800000,0.32299,0.33,0.3224,0.33,1358719.0
1697731200000,0.33,0.3313,0.3253,0.32953,917296.0
1697745600000,0.32953,0.33404,0.3287,0.33192,939366.0
1697760000000,0.33192,0.33762,0.32992,0.33448,1032746.0
1697774400000,0.33448,0.33898,0.33445,0.33889,530729.0
1697788800000,0.33889,0.36954,0.33889,0.36259,10129591.0
1697803200000,0.36259,0.36349,0.35719,0.36246,2342158.0
1697817600000,0.36246,0.36671,0.36084,0.366,1766010.0
1697832000000,0.366,0.37707,0.3644,0.37391,2481871.0
1697846400000,0.37391,0.38028,0.36523,0.37554,5442394.0
1697860800000,0.37554,0.38039,0.3722,0.37958,1785990.0
1697875200000,0.37958,0.38189,0.37317,0.37863,2199773.0
1697889600000,0.37863,0.39,0.37508,0.3828,4352126.0
1697904000000,0.3828,0.3852,0.37719,0.38434,1542930.0
1697918400000,0.38434,0.38889,0.3835,0.38878,770612.0
1697932800000,0.38878,0.38985,0.38319,0.38527,807349.0
1697947200000,0.38527,0.38663,0.37852,0.38115,962406.0
1697961600000,0.38115,0.384,0.3801,0.38113,525737.0
1697976000000,0.38113,0.38474,0.3744,0.37569,1168128.0
1697990400000,0.37569,0.37992,0.3746,0.3757,824802.0
1698004800000,0.3757,0.3781,0.3726,0.37695,733786.0
1698019200000,0.37695,0.38793,0.37548,0.3848,3166221.0
1698033600000,0.3848,0.38601,0.37911,0.38019,950968.0
1698048000000,0.38019,0.3822,0.37901,0.38058,1170924.0
1698062400000,0.38058,0.38577,0.37731,0.3821,1087046.0
1698076800000,0.3821,0.38249,0.37741,0.38099,1748405.0
1698091200000,0.38099,0.39089,0.37604,0.3805,3359429.0
1698105600000,0.3805,0.38999,0.38041,0.38609,3345277.0
1698120000000,0.38609,0.3895,0.38002,0.385,2129753.0
1698134400000,0.385,0.38824,0.38007,0.38696,2660288.0
1698148800000,0.38696,0.38888,0.37921,0.38194,2935114.0
1698163200000,0.38194,0.38643,0.3786,0.38167,2205772.0
1698177600000,0.38167,0.3832,0.3766,0.38024,1307550.0
1698192000000,0.38024,0.38267,0.3785,0.3802,951940.0
1698206400000,0.3802,0.38168,0.37735,0.37833,778452.0
1698220800000,0.37833,0.37968,0.36813,0.36842,3287490.0
1698235200000,0.36842,0.37878,0.36733,0.3781,4440415.0
1698249600000,0.3781,0.37816,0.37105,0.37331,2672122.0
1698264000000,0.37331,0.37729,0.36916,0.37001,1368723.0
1698278400000,0.37001,0.37517,0.36845,0.37294,1480521.0
1698292800000,0.37294,0.38249,0.37006,0.3807,2821516.0
1698307200000,0.3807,0.3824,0.3715,0.37266,3161799.0
1698321600000,0.37266,0.3759,0.3688,0.3729,2505774.0
1698336000000,0.3729,0.37779,0.37147,0.37659,1458596.0
1698350400000,0.37659,0.37946,0.37631,0.37877,820296.0
1698364800000,0.37877,0.37981,0.3759,0.37799,1167824.0
1698379200000,0.37799,0.37988,0.37641,0.37683,598399.0
1698393600000,0.37683,0.38026,0.37668,0.37861,763090.0
1698408000000,0.37861,0.38174,0.3772,0.3786,801027.0
1698422400000,0.3786,0.38015,0.37438,0.37655,1288714.0
1698436800000,0.37655,0.37769,0.3758,0.37732,398696.0
1698451200000,0.37732,0.37949,0.37628,0.37876,320887.0
1698465600000,0.37876,0.3802,0.37841,0.37997,207953.0
1698480000000,0.37997,0.38218,0.37808,0.37954,558375.0
1698494400000,0.37954,0.37993,0.377,0.37993,500328.0
1698508800000,0.37993,0.37998,0.37817,0.37838,245497.0
1698523200000,0.37838,0.37929,0.3779,0.37845,110253.0
1698537600000,0.37845,0.3792,0.37485,0.37564,598737.0
1698552000000,0.37564,0.37755,0.3755,0.37688,352377.0
1698566400000,0.37688,0.37969,0.37682,0.37937,539329.0
1698580800000,0.37937,0.38133,0.37871,0.3795,770961.0
1698595200000,0.3795,0.38201,0.37887,0.37912,555145.0
1698609600000,0.37912,0.38164,0.37845,0.37984,631404.0
1698624000000,0.37984,0.38035,0.37778,0.37855,508608.0
1698638400000,0.37855,0.3797,0.3768,0.37822,686789.0
1698652800000,0.37822,0.3824,0.37787,0.38174,1248228.0
1698667200000,0.38174,0.38351,0.3802,0.38115,1152513.0
1698681600000,0.38115,0.38129,0.37675,0.37854,624739.0
1698696000000,0.37854,0.38025,0.378,0.37995,223996.0
1698710400000,0.37995,0.38226,0.37889,0.37889,1052622.0
1698724800000,0.37889,0.37957,0.37728,0.37762,560826.0
1698739200000,0.37762,0.38033,0.37727,0.3795,619777.0
1698753600000,0.3795,0.38025,0.3713,0.37633,2724075.0
1698768000000,0.37633,0.37897,0.37558,0.37865,952961.0
1698782400000,0.37865,0.3806,0.37782,0.3804,758080.0
1698796800000,0.3804,0.38114,0.37833,0.37911,639112.0
1698811200000,0.37911,0.37933,0.3775,0.37809,742687.0
1698825600000,0.37809,0.37943,0.37736,0.37926,710324.0
1698840000000,0.37926,0.38272,0.3763,0.3774,1939841.0
1698854400000,0.3774,0.38063,0.37596,0.37919,2225762.0
1698868800000,0.37919,0.38555,0.37912,0.38459,2292699.0
1698883200000,0.38459,0.39046,0.38454,0.3891,1591866.0
1698897600000,0.3891,0.39696,0.3868,0.39632,3462905.0
1698912000000,0.39632,0.40644,0.39481,0.40408,1720083.0
1698926400000,0.40408,0.40863,0.39781,0.40066,3880855.0
1698940800000,0.40066,0.40757,0.39874,0.40699,2073242.0
1698955200000,0.40699,0.40716,0.40459,0.40649,1439080.0
1698969600000,0.40649,0.4068,0.39925,0.40308,3254635.0
1698984000000,0.40308,0.41188,0.4017,0.41167,2424073.0
1698998400000,0.41167,0.41195,0.40537,0.40572,3139958.0
1699012800000,0.40572,0.40996,0.40498,0.40832,3326801.0
1699027200000,0.40832,0.4116,0.40771,0.4106,6299672.0
1699041600000,0.4106,0.41305,0.40999,0.4116,2491234.0
1699056000000,0.4116,0.41329,0.41026,0.41131,2009718.0
1699070400000,0.41131,0.41376,0.40921,0.40934,2721380.0
1699084800000,0.40934,0.41107,0.40891,0.4101,1628961.0
1699099200000,0.4101,0.41068,0.40928,0.40973,566840.0
1699113600000,0.40973,0.41091,0.40941,0.41044,2277985.0
1699128000000,0.41044,0.41246,0.40909,0.41069,3667618.0
1699142400000,0.41069,0.41396,0.40969,0.41335,1940216.0
1699156800000,0.41335,0.41494,0.412,0.41377,3676711.0
1699171200000,0.41377,0.41519,0.41327,0.41373,3057711.0
1699185600000,0.41373,0.4157,0.41224,0.41413,6329963.0
1699200000000,0.41413,0.41632,0.41273,0.41477,6402107.0
1699214400000,0.41477,0.41622,0.41083,0.41533,7251315.0
1699228800000,0.41533,0.41752,0.41411,0.41624,3549022.0
1699243200000,0.41624,0.41634,0.41385,0.41451,2781585.0
1699257600000,0.41451,0.41892,0.41397,0.41845,7024706.0
1699272000000,0.41845,0.41994,0.41723,0.41915,10226401.0
1699286400000,0.41915,0.41916,0.41479,0.41708,5988459.0
1699300800000,0.41708,0.41774,0.41545,0.41692,4166082.0
1699315200000,0.41692,0.4182,0.4153,0.41562,6630566.0
1699329600000,0.41562,0.41723,0.41549,0.41711,1799259.0
1699344000000,0.41711,0.41767,0.41355,0.41453,8804642.0
1699358400000,0.41453,0.41543,0.41223,0.4127,8922592.0
1699372800000,0.4127,0.41607,0.41102,0.41581,9885904.0
1699387200000,0.41581,0.41993,0.41372,0.41557,7347178.0
1699401600000,0.41557,0.42076,0.41464,0.41878,2858688.0
1699416000000,0.41878,0.43366,0.4185,0.43255,4406104.0
1699430400000,0.43255,0.4365,0.42756,0.4277,6527890.0
1699444800000,0.4277,0.43572,0.42706,0.4335,6251346.0
1699459200000,0.4335,0.43588,0.43159,0.4328,4322974.0
1699473600000,0.4328,0.43964,0.43232,0.43665,7891857.0
1699488000000,0.43665,0.44746,0.43609,0.44572,6343158.0
1699502400000,0.44572,0.44994,0.44499,0.44687,3769818.0
1699516800000,0.44687,0.44951,0.44406,0.44644,5882203.0
1699531200000,0.44644,0.4575,0.44541,0.45152,21023037.0
1699545600000,0.45152,0.4529,0.43937,0.44227,33928465.0
1699560000000,0.44227,0.45949,0.44153,0.45824,14372309.0
1699574400000,0.45824,0.46391,0.45528,0.46381,14406257.0
1699588800000,0.46381,0.46754,0.46182,0.46194,7332213.0
1699603200000,0.46194,0.46259,0.45867,0.45951,9331013.0
1699617600000,0.45951,0.45992,0.456,0.45823,5646564.0
1699632000000,0.45823,0.46263,0.45809,0.45982,1955827.0
1699646400000,0.45982,0.46683,0.45923,0.46462,2268298.0
1699660800000,0.46462,0.46546,0.46046,0.46169,1939072.0
1699675200000,0.46169,0.46182,0.45746,0.45768,2873753.0
1699689600000,0.45768,0.45863,0.45191,0.4524,3750725.0
1699704000000,0.4524,0.45318,0.43816,0.43906,3624449.0
1699718400000,0.43906,0.44068,0.43151,0.43251,2789756.0
1699732800000,0.43251,0.43276,0.42794,0.43264,4111323.0
1699747200000,0.43264,0.43298,0.4285,0.43116,2513657.0
1699761600000,0.43116,0.43354,0.43003,0.43251,1375593.0
1699776000000,0.43251,0.439,0.43215,0.4384,1576588.0
1699790400000,0.4384,0.44236,0.4342,0.44168,2534214.0
1699804800000,0.44168,0.44268,0.44106,0.44183,753001.0
1699819200000,0.44183,0.44699,0.44156,0.44609,1149188.0
1699833600000,0.44609,0.45356,0.44465,0.45026,3079391.0
1699848000000,0.45026,0.45123,0.44824,0.45042,13679176.0
1699862400000,0.45042,0.4566,0.45042,0.45632,9697348.0
1699876800000,0.45632,0.46212,0.45527,0.46174,15792128.0
1699891200000,0.46174,0.46652,0.46011,0.46646,15667499.0
1699905600000,0.46646,0.46646,0.45531,0.45531,26884212.0
1699920000000,0.45531,0.45539,0.45022,0.45155,8819780.0
1699934400000,0.45155,0.45797,0.45148,0.45754,2905172.0
1699948800000,0.45754,0.46014,0.45255,0.45312,14863949.0
1699963200000,0.45312,0.45753,0.45089,0.45575,22938710.0
1699977600000,0.45575,0.45685,0.44452,0.44812,46628977.0
1699992000000,0.44812,0.44965,0.44635,0.44764,20545231.0
1700006400000,0.44764,0.4494,0.44463,0.44463,5316482.0
1700020800000,0.44463,0.44746,0.44434,0.44691,4783359.0
1700035200000,0.44691,0.46031,0.44686,0.4591,5524508.0
1700049600000,0.4591,0.46375,0.45757,0.46375,11453421.0
1700064000000,0.46375,0.46445,0.45608,0.45895,23999968.0
1700078400000,0.45895,0.46069,0.45661,0.46037,10605232.0
1700092800000,0.46037,0.46329,0.45985,0.46279,2301767.0
1700107200000,0.46279,0.47398,0.46124,0.47109,12958635.0
1700121600000,0.47109,0.48517,0.4696,0.48107,11128158.0
1700136000000,0.48107,0.48345,0.47346,0.47367,66027252.0
1700150400000,0.47367,0.48265,0.47093,0.47402,72875946.0
1700164800000,0.47402,0.48549,0.47377,0.48531,41389861.0
1700179200000,0.48531,0.51221,0.48496,0.51195,28638299.0
1700193600000,0.51195,0.52237,0.50246,0.5077,34395283.0
1700208000000,0.5077,0.51851,0.50095,0.50598,36239294.0
1700222400000,0.50598,0.511,0.49917,0.50269,41243318.0
1700236800000,0.50269,0.5205,0.49821,0.51571,41247551.0
1700251200000,0.51571,0.53399,0.51551,0.5327,26753797.0
1700265600000,0.5327,0.53851,0.52422,0.52477,25313987.0
1700280000000,0.52477,0.52815,0.51457,0.51906,11587383.0
1700294400000,0.51906,0.52172,0.49491,0.49506,10741644.0
1700308800000,0.49506,0.51041,0.4949,0.50216,26847334.0
1700323200000,0.50216,0.50832,0.50072,0.50682,15859601.0
1700337600000,0.50682,0.5072,0.5,0.50246,2834688.0
1700352000000,0.50246,0.50256,0.48742,0.49202,6320919.0
1700366400000,0.49202,0.51587,0.48633,0.50265,28495772.0
1700380800000,0.50265,0.50978,0.49298,0.49678,31661485.0
1700395200000,0.49678,0.50263,0.49236,0.50121,42941627.0
1700409600000,0.50121,0.5054,0.48299,0.49073,57402670.0
1700424000000,0.49073,0.49372,0.4853,0.49053,21870825.0
1700438400000,0.49053,0.49734,0.48812,0.49132,10852684.0
1700452800000,0.49132,0.49634,0.48539,0.49192,22283026.0
1700467200000,0.49192,0.4992,0.48936,0.4958,18599920.0
1700481600000,0.4958,0.49741,0.4875,0.49231,3176655.0
1700496000000,0.49231,0.4977,0.48545,0.49289,3986342.0
1700510400000,0.49289,0.49492,0.48827,0.49175,2531341.0
1700524800000,0.49175,0.49507,0.48019,0.48213,5282582.0
1700539200000,0.48213,0.48395,0.4737,0.47523,6296565.0
1700553600000,0.47523,0.47911,0.4731,0.47406,4132718.0
1700568000000,0.47406,0.47636,0.46378,0.47136,5998532.0
1700582400000,0.47136,0.47795,0.4631,0.46981,3683441.0
1700596800000,0.46981,0.47626,0.46437,0.46523,4596533.0
1700611200000,0.46523,0.47592,0.464,0.47445,5502900.0
1700625600000,0.47445,0.48548,0.47371,0.48257,5021379.0
1700640000000,0.48257,0.48482,0.45972,0.46718,16205470.0
1700654400000,0.46718,0.46975,0.461,0.4632,7585541.0
1700668800000,0.4632,0.46535,0.45859,0.46104,5520835.0
1700683200000,0.46104,0.46317,0.45791,0.46012,3184408.0
1700697600000,0.46012,0.46584,0.4592,0.46434,2740208.0
1700712000000,0.46434,0.47072,0.46261,0.47072,2398255.0
1700726400000,0.47072,0.5011,0.46969,0.49382,13575604.0
1700740800000,0.49382,0.50361,0.48925,0.49581,7411775.0
1700755200000,0.49581,0.5154,0.49475,0.51,7192376.0
1700769600000,0.51,0.51229,0.50365,0.50799,4016196.0
1700784000000,0.50799,0.51865,0.5064,0.5064,3217548.0
1700798400000,0.5064,0.50986,0.5015,0.50471,2036842.0
1700812800000,0.50471,0.52358,0.50036,0.51188,8350990.0
1700827200000,0.51188,0.51937,0.5091,0.51608,3383210.0
1700841600000,0.51608,0.51798,0.50345,0.50721,3361374.0
1700856000000,0.50721,0.51049,0.50422,0.50839,1391403.0
1700870400000,0.50839,0.51267,0.50789,0.51245,1178497.0
1700884800000,0.51245,0.51554,0.50998,0.51109,1596138.0
1700899200000,0.51109,0.51408,0.50914,0.511,1785227.0
1700913600000,0.511,0.51445,0.50987,0.51444,1547392.0
1700928000000,0.51444,0.51717,0.5123,0.5166,1127770.0
1700942400000,0.5166,0.51714,0.51198,0.51453,1047051.0
1700956800000,0.51453,0.51678,0.51251,0.51502,1106366.0
1700971200000,0.51502,0.52,0.51418,0.51905,866664.0
1700985600000,0.51905,0.52135,0.51491,0.51539,1079192.0
1701000000000,0.51539,0.5156,0.50884,0.50944,1954945.0
1701014400000,0.50944,0.5113,0.50441,0.51121,2771589.0
1701028800000,0.51121,0.51529,0.5106,0.5126,958347.0
1701043200000,0.5126,0.5141,0.50815,0.5093,1092321.0
1701057600000,0.5093,0.51074,0.50519,0.50763,1408993.0
1701072000000,0.50763,0.51067,0.50249,0.50457,3054281.0
1701086400000,0.50457,0.5058,0.49577,0.49988,3826751.0
1701100800000,0.49988,0.5046,0.49855,0.49965,2025596.0
1701115200000,0.49965,0.50621,0.4987,0.50543,1567749.0
1701129600000,0.50543,0.50689,0.50404,0.50534,1066541.0
1701144000000,0.50534,0.506,0.50114,0.50367,1658502.0
1701158400000,0.50367,0.52168,0.49872,0.51791,6757512.0
1701172800000,0.51791,0.5338,0.51623,0.53177,5502139.0
1701187200000,0.53177,0.53773,0.53066,0.53383,3375191.0
1701201600000,0.53383,0.53663,0.53279,0.53473,1516298.0
1701216000000,0.53473,0.53476,0.525,0.52679,2522509.0
1701230400000,0.52679,0.529,0.52384,0.5268,2394221.0
1701244800000,0.5268,0.53023,0.5114,0.52125,6018169.0
1701259200000,0.52125,0.52467,0.51573,0.51975,5598373.0
1701273600000,0.51975,0.52399,0.51569,0.52332,2574338.0
1701288000000,0.52332,0.5277,0.5208,0.52704,1916392.0
1701302400000,0.52704,0.52792,0.5214,0.52602,1599038.0
1701316800000,0.52602,0.53888,0.52598,0.53674,3531800.0
1701331200000,0.53674,0.54434,0.53021,0.54005,6445885.0
1701345600000,0.54005,0.54071,0.53201,0.5379,3312037.0
1701360000000,0.5379,0.5431,0.53657,0.54183,2577251.0
1701374400000,0.54183,0.54306,0.53247,0.53956,2279075.0
1701388800000,0.53956,0.544,0.53503,0.54272,2359024.0
1701403200000,0.54272,0.54458,0.54136,0.54442,1875887.0
1701417600000,0.54442,0.5486,0.54244,0.54643,3624187.0
1701432000000,0.54643,0.5481,0.54156,0.54442,2075316.0
1701446400000,0.54442,0.5495,0.5435,0.54605,2409502.0
1701460800000,0.54605,0.54838,0.5452,0.54556,976752.0
1701475200000,0.54556,0.54947,0.54501,0.54836,1173478.0
1701489600000,0.54836,0.54948,0.54645,0.54677,1092200.0
1701504000000,0.54677,0.5494,0.54546,0.54582,1661631.0
1701518400000,0.54582,0.54803,0.54162,0.54348,2228002.0
1701532800000,0.54348,0.55305,0.54123,0.54876,2859112.0
1701547200000,0.54876,0.552,0.5446,0.54877,1543054.0
1701561600000,0.54877,0.54878,0.54288,0.54399,1314232.0
1701576000000,0.54399,0.54528,0.5411,0.54286,1195463.0
1701590400000,0.54286,0.5447,0.5405,0.5413,1311759.0
1701604800000,0.5413,0.54498,0.53745,0.544,2956989.0
1701619200000,0.544,0.546,0.5427,0.54397,844572.0
1701633600000,0.54397,0.549,0.54261,0.54592,2337416.0
1701648000000,0.54592,0.5546,0.54523,0.55181,2504548.0
1701662400000,0.55181,0.56299,0.55165,0.55613,4446183.0
1701676800000,0.55613,0.5724,0.55427,0.5677,9724213.0
1701691200000,0.5677,0.57598,0.56614,0.57297,8311017.0
1701705600000,0.57297,0.59853,0.57205,0.59311,10562374.0
1701720000000,0.59311,0.60079,0.59125,0.59738,4460248.0
1701734400000,0.59738,0.60058,0.58281,0.58477,5586774.0
1701748800000,0.58477,0.58552,0.56517,0.56789,5642968.0
1701763200000,0.56789,0.56865,0.55594,0.55615,10603621.0
1701777600000,0.55615,0.578,0.54656,0.57345,12857901.0
1701792000000,0.57345,0.58499,0.57044,0.57998,4769696.0
1701806400000,0.57998,0.58997,0.57251,0.58682,3654685.0
1701820800000,0.58682,0.58943,0.58217,0.58517,3053048.0
1701835200000,0.58517,0.59418,0.58186,0.59297,2599372.0
1701849600000,0.59297,0.61848,0.59202,0.61613,8330978.0
1701864000000,0.61613,0.619,0.59685,0.60855,6186991.0
1701878400000,0.60855,0.64288,0.60852,0.6372,6008352.0
1701892800000,0.6372,0.64049,0.62686,0.6344,4571589.0
1701907200000,0.6344,0.6354,0.61719,0.62379,3930862.0
1701921600000,0.62379,0.63592,0.62287,0.63161,2615399.0
1701936000000,0.63161,0.63938,0.61711,0.62419,7534031.0
1701950400000,0.62419,0.63698,0.6206,0.63393,3248403.0
1701964800000,0.63393,0.65211,0.63179,0.63843,5930249.0
1701979200000,0.63843,0.64662,0.637,0.64361,3289638.0
1701993600000,0.64361,0.65758,0.64256,0.65352,3010286.0
1702008000000,0.65352,0.65439,0.6419,0.64279,2321225.0
1702022400000,0.64279,0.64558,0.64018,0.64265,2444303.0
1702036800000,0.64265,0.64513,0.63438,0.63535,3209181.0
1702051200000,0.63535,0.63896,0.6322,0.63571,1589147.0
1702065600000,0.63571,0.64149,0.63381,0.63462,1156946.0
1702080000000,0.63462,0.63774,0.63313,0.63711,1599616.0
1702094400000,0.63711,0.64196,0.63556,0.63916,1839285.0
1702108800000,0.63916,0.64316,0.62055,0.62278,4715842.0
1702123200000,0.62278,0.63323,0.62163,0.62757,2633894.0
1702137600000,0.62757,0.62785,0.61935,0.62277,1431583.0
1702152000000,0.62277,0.62327,0.61324,0.61515,2139219.0
1702166400000,0.61515,0.61939,0.61515,0.61709,810124.0
1702180800000,0.61709,0.619,0.61491,0.61678,540008.0
1702195200000,0.61678,0.61738,0.60206,0.60594,1854717.0
1702209600000,0.60594,0.60855,0.60411,0.60455,774440.0
1702224000000,0.60455,0.60674,0.60271,0.60534,702092.0
1702238400000,0.60534,0.61925,0.60529,0.60951,2161372.0
1702252800000,0.60951,0.61056,0.58058,0.59132,6778918.0
1702267200000,0.59132,0.5914,0.58197,0.58585,1716610.0
1702281600000,0.58585,0.59528,0.58417,0.59407,1552395.0
1702296000000,0.59407,0.5973,0.583,0.58542,2227972.0
1702310400000,0.58542,0.58754,0.56932,0.57593,2981991.0
1702324800000,0.57593,0.58179,0.5743,0.5815,1653699.0
1702339200000,0.5815,0.59445,0.58112,0.59131,1941841.0
1702353600000,0.59131,0.59388,0.58655,0.59303,1415520.0
1702368000000,0.59303,0.594,0.588,0.59032,1357475.0
1702382400000,0.59032,0.594,0.58031,0.58146,3063356.0
1702396800000,0.58146,0.5825,0.5735,0.57696,2116844.0
1702411200000,0.57696,0.58162,0.57524,0.58135,780903.0
1702425600000,0.58135,0.58234,0.57062,0.5716,1412289.0
1702440000000,0.5716,0.57234,0.56676,0.56987,1640238.0
1702454400000,0.56987,0.57181,0.56823,0.56902,984458.0
1702468800000,0.56902,0.57809,0.5685,0.5764,2488491.0
1702483200000,0.5764,0.58408,0.57357,0.5825,2052762.0
1702497600000,0.5825,0.58982,0.5825,0.58675,1277880.0
1702512000000,0.58675,0.58816,0.58387,0.58654,722064.0
1702526400000,0.58654,0.59829,0.58612,0.59605,2690450.0
1702540800000,0.59605,0.5975,0.59108,0.59728,913194.0
1702555200000,0.59728,0.5989,0.58018,0.59179,3268893.0
1702569600000,0.59179,0.60484,0.59179,0.5976,2369656.0
1702584000000,0.5976,0.60429,0.5959,0.60144,792446.0
1702598400000,0.60144,0.60179,0.59623,0.59705,738931.0
1702612800000,0.59705,0.59758,0.58969,0.5937,1453796.0
1702627200000,0.5937,0.59763,0.593,0.59414,966041.0
1702641600000,0.59414,0.59415,0.57898,0.58022,1442479.0
1702656000000,0.58022,0.5864,0.57966,0.58469,667380.0
1702670400000,0.58469,0.58693,0.57774,0.57892,522626.0
1702684800000,0.57892,0.58648,0.57727,0.58564,579242.0
1702699200000,0.58564,0.58579,0.58049,0.58146,236807.0
1702713600000,0.58146,0.5915,0.58091,0.58741,3098144.0
1702728000000,0.58741,0.59125,0.58456,0.58973,4793533.0
1702742400000,0.58973,0.5899,0.58358,0.58436,526909.0
1702756800000,0.58436,0.58563,0.5823,0.58386,494152.0
1702771200000,0.58386,0.5851,0.58001,0.58106,836877.0
1702785600000,0.58106,0.58374,0.57443,0.57613,930188.0
1702800000000,0.57613,0.58207,0.57144,0.57332,4454462.0
1702814400000,0.57332,0.57418,0.57008,0.5733,557216.0
1702828800000,0.5733,0.57722,0.57076,0.5739,818589.0
1702843200000,0.5739,0.57636,0.564,0.564,840960.0
1702857600000,0.564,0.56569,0.55296,0.55636,2830013.0
1702872000000,0.55636,0.55749,0.55041,0.55172,3165087.0
1702886400000,0.55172,0.55378,0.5424,0.55122,2397840.0
1702900800000,0.55122,0.56629,0.55121,0.55965,7337563.0
1702915200000,0.55965,0.56286,0.55751,0.5618,790108.0
1702929600000,0.5618,0.57094,0.56063,0.57067,961136.0
1702944000000,0.57067,0.58,0.56894,0.57547,4735517.0
1702958400000,0.57547,0.57602,0.57284,0.57378,945322.0
1702972800000,0.57378,0.57418,0.56702,0.56705,839637.0
1702987200000,0.56705,0.56775,0.55331,0.55902,1905209.0
1703001600000,0.55902,0.561,0.55056,0.5581,1473957.0
1703016000000,0.5581,0.56376,0.55734,0.56145,834099.0
1703030400000,0.56145,0.56503,0.561,0.56219,858745.0
1703044800000,0.56219,0.57717,0.56167,0.57527,2282031.0
1703059200000,0.57527,0.57967,0.56055,0.57142,5115020.0
1703073600000,0.57142,0.57574,0.56657,0.57159,2131480.0
1703088000000,0.57159,0.57306,0.56223,0.56326,1559566.0
1703102400000,0.56326,0.56564,0.55461,0.56564,1045399.0
1703116800000,0.56564,0.56827,0.56281,0.56729,449440.0
1703131200000,0.56729,0.57386,0.56195,0.57313,1552003.0
1703145600000,0.57313,0.5777,0.57031,0.5775,1257674.0
1703160000000,0.5775,0.58106,0.56929,0.57343,1746365.0
1703174400000,0.57343,0.57612,0.57165,0.57405,989187.0
1703188800000,0.57405,0.5793,0.5728,0.57746,888618.0
1703203200000,0.57746,0.58078,0.5751,0.58074,804707.0
1703217600000,0.58074,0.5921,0.5794,0.58741,13188431.0
1703232000000,0.58741,0.6025,0.58721,0.5962,3230980.0
1703246400000,0.5962,0.6011,0.5883,0.5951,3330733.0
1703260800000,0.5951,0.6026,0.5915,0.597,1927858.0
1703275200000,0.597,0.6046,0.5959,0.6023,1076351.0
1703289600000,0.6023,0.603,0.5765,0.5861,5235711.0
1703304000000,0.5861,0.5908,0.5822,0.5869,1660375.0
1703318400000,0.5869,0.5949,0.5868,0.5941,1134965.0
1703332800000,0.5941,0.6072,0.5941,0.6032,2002079.0
1703347200000,0.6032,0.6182,0.602,0.6166,3090948.0
1703361600000,0.6166,0.62456,0.6156,0.6244,1624318.0
1703376000000,0.6244,0.6354,0.6202,0.6258,2047793.0
1703390400000,0.6258,0.6258,0.6124,0.6199,1859358.0
1703404800000,0.6199,0.6255,0.6161,0.6234,1540177.0
1703419200000,0.6234,0.6294,0.6217,0.6275,944866.0
1703433600000,0.6275,0.6312,0.6268,0.6303,759453.0
1703448000000,0.6303,0.6317,0.6179,0.6226,1820303.0
1703462400000,0.6226,0.6263,0.6173,0.6199,743045.0
1703476800000,0.6199,0.6211,0.6101,0.614,1403148.0
1703491200000,0.614,0.6166,0.6083,0.613,925893.0
1703505600000,0.613,0.6219,0.6082,0.6107,2931486.0
1703520000000,0.6107,0.6121,0.6053,0.6105,1031672.0
1703534400000,0.6105,0.6108,0.6065,0.609,602336.0
1703548800000,0.609,0.6113,0.6051,0.6066,713776.0
1703563200000,0.6066,0.6086,0.5966,0.6014,1571625.0
1703577600000,0.6014,0.6026,0.5963,0.5995,1276642.0
1703592000000,0.5995,0.6029,0.5885,0.59,1608186.0
1703606400000,0.59,0.5908,0.5799,0.581,1773357.0
1703620800000,0.581,0.5881,0.5804,0.5877,803106.0
1703635200000,0.5877,0.5879,0.5773,0.5783,1113633.0
1703649600000,0.5783,0.5855,0.5781,0.5833,802548.0
1703664000000,0.5833,0.594,0.5825,0.5905,1122683.0
1703678400000,0.5905,0.605,0.5891,0.6035,2704794.0
1703692800000,0.6035,0.614,0.602,0.6128,2062812.0
1703707200000,0.6128,0.6258,0.6116,0.6246,1273629.0
1703721600000,0.6246,0.6496,0.6246,0.6343,3165981.0
1703736000000,0.6343,0.6426,0.6271,0.6301,1942405.0
1703750400000,0.6301,0.6462,0.6252,0.6457,1280455.0
1703764800000,0.6457,0.6457,0.6188,0.6277,4050356.0
1703779200000,0.6277,0.6424,0.6257,0.6399,2179032.0
1703793600000,0.6399,0.6519,0.6329,0.6458,4601211.0
1703808000000,0.6458,0.6645,0.6351,0.6588,2832697.0
1703822400000,0.6588,0.6698,0.656,0.6565,2377188.0
1703836800000,0.6565,0.6644,0.6449,0.66,7440179.0
1703851200000,0.66,0.6697,0.649,0.6503,2539848.0
1703865600000,0.6503,0.6524,0.6322,0.6505,3904231.0
1703880000000,0.6505,0.6624,0.6496,0.6607,2017844.0
1703894400000,0.6607,0.6664,0.6547,0.6563,1325930.0
1703908800000,0.6563,0.6643,0.6563,0.6574,5535210.0
1703923200000,0.6574,0.6629,0.6408,0.6452,9020489.0
1703937600000,0.6452,0.66,0.6433,0.6597,3180885.0
1703952000000,0.6597,0.6654,0.6558,0.6585,2081588.0
1703966400000,0.6585,0.6602,0.6541,0.656,837200.0
1703980800000,0.656,0.6608,0.6504,0.6526,1638838.0
1703995200000,0.6526,0.6595,0.652,0.6591,757290.0
1704009600000,0.6591,0.6626,0.6562,0.658,2154530.0
1704024000000,0.658,0.6625,0.6457,0.6511,3118848.0
1704038400000,0.6511,0.6546,0.6467,0.6478,756708.0
1704052800000,0.6478,0.6494,0.6383,0.6439,1348427.0
1704067200000,0.6439,0.6501,0.6411,0.6429,1091772.0
1704081600000,0.6429,0.645,0.6403,0.6437,412267.0
1704096000000,0.6437,0.651,0.6425,0.6483,515620.0
1704110400000,0.6483,0.6491,0.6416,0.6425,898172.0
1704124800000,0.6425,0.6429,0.6361,0.6396,969292.0
1704139200000,0.6396,0.6442,0.6352,0.6438,778810.0
1704153600000,0.6438,0.6575,0.6428,0.6569,1396330.0
1704168000000,0.6569,0.6629,0.6546,0.6599,1483015.0
1704182400000,0.6599,0.667,0.6563,0.6599,1275018.0
1704196800000,0.6599,0.6677,0.6545,0.6589,2404055.0
1704211200000,0.6589,0.6628,0.6544,0.6613,2780058.0
1704225600000,0.6613,0.6762,0.6609,0.6692,7438873.0
1704240000000,0.6692,0.6902,0.6684,0.6861,9860327.0
1704254400000,0.6861,0.693,0.6757,0.6797,5345681.0
1704268800000,0.6797,0.6825,0.6509,0.6532,3836258.0
1704283200000,0.6532,0.6532,0.601,0.6213,8336466.0
1704297600000,0.6213,0.6273,0.6064,0.6114,1988871.0
1704312000000,0.6114,0.6193,0.6102,0.6162,898397.0
1704326400000,0.6162,0.6196,0.6115,0.6161,700085.0
1704340800000,0.6161,0.621,0.6118,0.6128,1082309.0
1704355200000,0.6128,0.6141,0.5902,0.5947,3043650.0
1704369600000,0.5947,0.6048,0.5923,0.6036,2959124.0
1704384000000,0.6036,0.612,0.596,0.608,3342175.0
1704398400000,0.608,0.6121,0.5973,0.5986,1905876.0
1704412800000,0.5986,0.6013,0.587,0.5917,1591773.0
1704427200000,0.5917,0.5959,0.5901,0.594,1328679.0
1704441600000,0.594,0.6089,0.594,0.6043,2764051.0
1704456000000,0.6043,0.6068,0.5971,0.5998,2360403.0
1704470400000,0.5998,0.605,0.5967,0.6031,833905.0
1704484800000,0.6031,0.6109,0.6023,0.6104,1008333.0
1704499200000,0.6104,0.6105,0.603,0.6056,688836.0
1704513600000,0.6056,0.6057,0.5896,0.5947,1622483.0
1704528000000,0.5947,0.5962,0.5914,0.594,810185.0
1704542400000,0.594,0.5959,0.588,0.5947,973127.0
1704556800000,0.5947,0.5992,0.5934,0.5953,786183.0
1704571200000,0.5953,0.5992,0.5935,0.5979,705810.0
1704585600000,0.5979,0.6011,0.5969,0.5993,457581.0
1704600000000,0.5993,0.6043,0.5985,0.6031,508078.0
1704614400000,0.6031,0.605,0.5981,0.5999,719791.0
1704628800000,0.5999,0.6048,0.5958,0.5982,747702.0
1704643200000,0.5982,0.6013,0.5944,0.5997,476204.0
1704657600000,0.5997,0.6003,0.5834,0.5892,1622374.0
1704672000000,0.5892,0.5899,0.5773,0.5819,1748068.0
1704686400000,0.5819,0.5939,0.5811,0.5894,833568.0
1704700800000,0.5894,0.5927,0.5832,0.592,778088.0
1704715200000,0.592,0.6016,0.5919,0.6007,1411205.0
1704729600000,0.6007,0.6208,0.6004,0.6183,2178391.0
1704744000000,0.6183,0.6189,0.6117,0.6148,734243.0
1704758400000,0.6148,0.6149,0.6044,0.6076,1308363.0
1704772800000,0.6076,0.62,0.6056,0.6194,606788.0
1704787200000,0.6194,0.6323,0.6179,0.6317,2041634.0
1704801600000,0.6317,0.6375,0.6242,0.6356,2808921.0
1704816000000,0.6356,0.6442,0.6324,0.6403,2631225.0
1704830400000,0.6403,0.66,0.6359,0.6583,5339441.0
1704844800000,0.6583,0.6737,0.6525,0.6599,2717475.0
1704859200000,0.6599,0.6684,0.6569,0.6625,1291493.0
1704873600000,0.6625,0.6745,0.6522,0.6727,3583705.0
1704888000000,0.6727,0.6876,0.6583,0.6862,3643936.0
1704902400000,0.6862,0.7291,0.6836,0.7266,6117561.0
1704916800000,0.7266,0.7837,0.7115,0.7745,8378335.0
1704931200000,0.7745,0.7995,0.7714,0.7987,6828686.0
1704945600000,0.7987,0.8078,0.7908,0.7988,4325665.0
1704960000000,0.7988,0.8483,0.7976,0.8414,9750128.0
1704974400000,0.8414,0.8506,0.7941,0.8004,13801718.0
1704988800000,0.8004,0.8219,0.774,0.8201,5953777.0
1705003200000,0.8201,0.8232,0.7888,0.7984,3442143.0
1705017600000,0.7984,0.8013,0.7837,0.7847,1120691.0
1705032000000,0.7847,0.7995,0.7826,0.793,1067634.0
1705046400000,0.793,0.8182,0.7806,0.7956,3739052.0
1705060800000,0.7956,0.83,0.7955,0.8061,4079062.0
1705075200000,0.8061,0.821,0.765,0.7712,4627754.0
1705089600000,0.7712,0.7773,0.7317,0.7423,4238502.0
1705104000000,0.7423,0.7504,0.734,0.741,1588207.0
1705118400000,0.741,0.7581,0.7386,0.7572,975887.0
1705132800000,0.7572,0.7608,0.749,0.7566,683191.0
1705147200000,0.7566,0.762,0.751,0.761,646711.0
1705161600000,0.761,0.7692,0.7568,0.7672,683084.0
1705176000000,0.7672,0.7731,0.7645,0.7692,633992.0
1705190400000,0.7692,0.7741,0.7665,0.7718,538834.0
1705204800000,0.7718,0.7781,0.7686,0.775,814539.0
1705219200000,0.775,0.777,0.7009,0.7164,5538109.0
1705233600000,0.7164,0.7242,0.7121,0.7218,1605832.0
1705248000000,0.7218,0.7226,0.7096,0.7115,1097152.0
1705262400000,0.7115,0.7158,0.6982,0.7003,1237920.0
1705276800000,0.7003,0.7166,0.7003,0.7163,801477.0
1705291200000,0.7163,0.7286,0.7138,0.7172,1265135.0
1705305600000,0.7172,0.7297,0.7161,0.7265,879918.0
1705320000000,0.7265,0.7317,0.7177,0.7215,1433711.0
1705334400000,0.7215,0.7305,0.7213,0.7252,626718.0
1705348800000,0.7252,0.727,0.712,0.7191,574970.0
1705363200000,0.7191,0.7242,0.7168,0.7242,337966.0
1705377600000,0.7242,0.7304,0.7214,0.7279,323351.0
1705392000000,0.7279,0.7371,0.7252,0.7273,1204358.0
1705406400000,0.7273,0.7322,0.7081,0.7212,1997061.0
1705420800000,0.7212,0.7258,0.7194,0.7242,490270.0
1705435200000,0.7242,0.7376,0.7239,0.7297,770742.0
1705449600000,0.7297,0.7312,0.7265,0.7287,424666.0
1705464000000,0.7287,0.7327,0.727,0.7276,531944.0
1705478400000,0.7276,0.7285,0.7216,0.722,711502.0
1705492800000,0.722,0.7322,0.7185,0.7226,1276474.0
1705507200000,0.7226,0.7226,0.7092,0.7148,1056461.0
1705521600000,0.7148,0.7174,0.708,0.7127,576339.0
1705536000000,0.7127,0.7128,0.7051,0.7118,298697.0
1705550400000,0.7118,0.7159,0.7103,0.7154,255516.0
1705564800000,0.7154,0.7171,0.7047,0.7068,681218.0
1705579200000,0.7068,0.7078,0.6971,0.7016,822883.0
1705593600000,0.7016,0.7016,0.6761,0.6786,1922610.0
1705608000000,0.6786,0.6921,0.6786,0.6885,750797.0
1705622400000,0.6885,0.6896,0.6761,0.6833,532981.0
1705636800000,0.6833,0.6878,0.6826,0.6848,315017.0
1705651200000,0.6848,0.6932,0.6829,0.6927,616281.0
1705665600000,0.6927,0.6939,0.6834,0.6841,850725.0
1705680000000,0.6841,0.6862,0.6645,0.6832,2575889.0
1705694400000,0.6832,0.6855,0.6793,0.683,442956.0
1705708800000,0.683,0.683,0.6766,0.6797,284667.0
1705723200000,0.6797,0.6811,0.6778,0.679,285190.0
1705737600000,0.679,0.6794,0.6747,0.6764,419641.0
1705752000000,0.6764,0.6768,0.6704,0.6739,372770.0
1705766400000,0.6739,0.6747,0.6714,0.673,208822.0
1705780800000,0.673,0.6757,0.6724,0.6739,230095.0
1705795200000,0.6739,0.6813,0.6734,0.6794,629281.0
1705809600000,0.6794,0.6819,0.676,0.6789,515092.0
1705824000000,0.6789,0.6803,0.6771,0.6775,285603.0
1705838400000,0.6775,0.6825,0.6771,0.6796,554426.0
1705852800000,0.6796,0.6822,0.6781,0.6817,271087.0
1705867200000,0.6817,0.6826,0.6779,0.6784,334446.0
1705881600000,0.6784,0.6883,0.6783,0.6809,1441640.0
1705896000000,0.6809,0.6822,0.6733,0.6793,621396.0
1705910400000,0.6793,0.6854,0.671,0.6783,1744740.0
1705924800000,0.6783,0.6825,0.6706,0.6754,1254823.0
1705939200000,0.6754,0.6769,0.6491,0.6522,3022045.0
1705953600000,0.6522,0.663,0.647,0.649,877263.0
1705968000000,0.649,0.6529,0.6485,0.6509,298437.0
1705982400000,0.6509,0.6529,0.6365,0.6384,1348087.0
1705996800000,0.6384,0.6399,0.6021,0.6059,3990330.0
1706011200000,0.6059,0.6153,0.5914,0.612,2709591.0
1706025600000,0.612,0.618,0.6066,0.6077,1128955.0
1706040000000,0.6077,0.6213,0.6068,0.6204,975014.0
1706054400000,0.6204,0.6218,0.6059,0.6086,999232.0
1706068800000,0.6086,0.6112,0.606,0.61,489274.0
1706083200000,0.61,0.6219,0.6086,0.6206,888004.0
1706097600000,0.6206,0.6214,0.6131,0.6168,804456.0
1706112000000,0.6168,0.6213,0.6138,0.6166,948979.0
1706126400000,0.6166,0.6342,0.6152,0.6325,1824999.0
1706140800000,0.6325,0.643,0.6221,0.627,3645456.0
1706155200000,0.627,0.6282,0.6193,0.6254,1000064.0
1706169600000,0.6254,0.6259,0.6152,0.6167,1425307.0
1706184000000,0.6167,0.6203,0.6049,0.6072,1824082.0
1706198400000,0.6072,0.6143,0.6011,0.6126,2258350.0
1706212800000,0.6126,0.624,0.611,0.6166,2242070.0
1706227200000,0.6166,0.6269,0.615,0.6225,1420995.0
1706241600000,0.6225,0.6344,0.6225,0.6303,1035634.0
1706256000000,0.6303,0.6566,0.6291,0.653,1560735.0
1706270400000,0.653,0.6541,0.6411,0.6492,1442894.0
1706284800000,0.6492,0.6586,0.6489,0.6523,1372342.0
1706299200000,0.6523,0.6554,0.6496,0.6531,588923.0
1706313600000,0.6531,0.6639,0.6529,0.6638,971952.0
1706328000000,0.6638,0.6642,0.6544,0.6567,548958.0
1706342400000,0.6567,0.6567,0.6512,0.6525,647476.0
1706356800000,0.6525,0.658,0.6511,0.656,794555.0
1706371200000,0.656,0.6583,0.6516,0.6557,495069.0
1706385600000,0.6557,0.656,0.6537,0.6545,287718.0
1706400000000,0.6545,0.6584,0.6464,0.653,822903.0
1706414400000,0.653,0.6614,0.6502,0.6508,796895.0
1706428800000,0.6508,0.6563,0.6492,0.6524,495504.0
1706443200000,0.6524,0.6526,0.6449,0.6466,738351.0
1706457600000,0.6466,0.6484,0.6349,0.637,1071583.0
1706472000000,0.637,0.6429,0.6348,0.6387,516074.0
1706486400000,0.6387,0.645,0.6367,0.6426,307835.0
1706500800000,0.6426,0.6428,0.6145,0.6154,3354115.0
1706515200000,0.6154,0.6207,0.5951,0.5975,7233381.0
1706529600000,0.5975,0.6077,0.5967,0.6076,3562429.0
1706544000000,0.6076,0.6282,0.6059,0.6167,4255133.0
1706558400000,0.6167,0.6227,0.6148,0.6215,1346585.0
1706572800000,0.6215,0.6254,0.6057,0.6079,2238638.0
1706587200000,0.6079,0.6107,0.602,0.609,1607650.0
1706601600000,0.609,0.6099,0.5934,0.5945,3283256.0
1706616000000,0.5945,0.6006,0.5904,0.6003,3354174.0
1706630400000,0.6003,0.6085,0.598,0.6034,2615699.0
1706644800000,0.6034,0.6063,0.585,0.5922,1713345.0
1706659200000,0.5922,0.5997,0.5879,0.5927,2516426.0
1706673600000,0.5927,0.5944,0.5889,0.5923,1077852.0
1706688000000,0.5923,0.593,0.5775,0.5825,2502286.0
1706702400000,0.5825,0.5941,0.58,0.5939,2477545.0
1706716800000,0.5939,0.5985,0.5884,0.5914,1373897.0
1706731200000,0.5914,0.5915,0.5788,0.5849,1170794.0
1706745600000,0.5849,0.5873,0.5631,0.5653,2853510.0
1706760000000,0.5653,0.5693,0.5636,0.5677,589019.0
1706774400000,0.5677,0.5744,0.5656,0.5708,1353072.0
1706788800000,0.5708,0.5847,0.5704,0.5803,2575823.0
1706803200000,0.5803,0.5917,0.5771,0.5888,1522757.0
1706817600000,0.5888,0.5933,0.5825,0.589,1460213.0
1706832000000,0.589,0.5958,0.5882,0.5909,388984.0
1706846400000,0.5909,0.5943,0.5901,0.5933,400288.0
1706860800000,0.5933,0.5999,0.5903,0.5982,2204106.0
1706875200000,0.5982,0.5984,0.5871,0.5951,1529426.0
1706889600000,0.5951,0.5972,0.5835,0.5877,802131.0
1706904000000,0.5877,0.5896,0.5854,0.5893,289270.0
1706918400000,0.5893,0.5963,0.5891,0.5928,559671.0
1706932800000,0.5928,0.596,0.5915,0.5915,259218.0
1706947200000,0.5915,0.5928,0.589,0.5895,290162.0
1706961600000,0.5895,0.5928,0.5878,0.5883,375489.0
1706976000000,0.5883,0.5933,0.5881,0.5933,357111.0
1706990400000,0.5933,0.5938,0.5896,0.5903,184863.0
1707004800000,0.5903,0.5917,0.5878,0.5905,172501.0
1707019200000,0.5905,0.5906,0.5855,0.5859,234385.0
1707033600000,0.5859,0.5941,0.5854,0.5928,1244991.0
1707048000000,0.5928,0.5948,0.5901,0.5916,375410.0
1707062400000,0.5916,0.5937,0.5863,0.5908,982109.0
1707076800000,0.5908,0.6,0.5907,0.596,1089456.0
1707091200000,0.596,0.5971,0.5852,0.5891,595263.0
1707105600000,0.5891,0.5892,0.5838,0.588,891841.0
1707120000000,0.588,0.5933,0.588,0.5933,678879.0
1707134400000,0.5933,0.5941,0.5862,0.5869,1006169.0
1707148800000,0.5869,0.5934,0.5851,0.5914,433725.0
1707163200000,0.5914,0.592,0.5879,0.5911,171236.0
1707177600000,0.5911,0.5967,0.5903,0.5942,213331.0
1707192000000,0.5942,0.5956,0.5922,0.5942,458853.0
1707206400000,0.5942,0.5968,0.5846,0.5874,2052188.0
1707220800000,0.5874,0.5916,0.5833,0.5913,501350.0
1707235200000,0.5913,0.5953,0.5893,0.5947,475604.0
1707249600000,0.5947,0.6052,0.5943,0.5972,1489693.0
1707264000000,0.5972,0.5997,0.5942,0.5949,240243.0
1707278400000,0.5949,0.5961,0.5901,0.5923,509454.0
1707292800000,0.5923,0.5978,0.5915,0.5939,419363.0
1707307200000,0.5939,0.5963,0.5913,0.5928,544820.0
1707321600000,0.5928,0.6171,0.5928,0.6112,1796783.0
1707336000000,0.6112,0.6172,0.608,0.61,919130.0
1707350400000,0.61,0.618,0.6088,0.6144,1033270.0
1707364800000,0.6144,0.6217,0.6032,0.6061,2985893.0
1707379200000,0.6061,0.6098,0.6048,0.6084,620054.0
1707393600000,0.6084,0.6195,0.6063,0.6162,1148718.0
1707408000000,0.6162,0.617,0.6075,0.6123,882827.0
1707422400000,0.6123,0.6136,0.6099,0.6101,418313.0
1707436800000,0.6101,0.6189,0.6098,0.6154,377517.0
1707451200000,0.6154,0.6224,0.6131,0.6214,518913.0
1707465600000,0.6214,0.636,0.6204,0.634,1423452.0
1707480000000,0.634,0.6507,0.6288,0.6455,6641890.0
1707494400000,0.6455,0.6507,0.6412,0.6426,1175012.0
1707508800000,0.6426,0.6539,0.6413,0.6484,931522.0
1707523200000,0.6484,0.6559,0.6476,0.6536,833811.0
1707537600000,0.6536,0.6542,0.6471,0.6471,1026265.0
1707552000000,0.6471,0.6488,0.635,0.6402,1169703.0
1707566400000,0.6402,0.643,0.6385,0.6417,530873.0
1707580800000,0.6417,0.6447,0.64,0.6439,606067.0
1707595200000,0.6439,0.6519,0.6437,0.6504,526148.0
1707609600000,0.6504,0.6637,0.6497,0.6635,1069504.0
1707624000000,0.6635,0.6689,0.6597,0.6637,1367994.0
1707638400000,0.6637,0.6659,0.6586,0.665,752211.0
1707652800000,0.665,0.6704,0.6563,0.6566,2408090.0
1707667200000,0.6566,0.6594,0.6541,0.6566,246774.0
1707681600000,0.6566,0.6579,0.6514,0.6543,286855.0
1707696000000,0.6543,0.6593,0.6517,0.6536,917061.0
1707710400000,0.6536,0.6544,0.6402,0.6448,778001.0
1707724800000,0.6448,0.647,0.6392,0.6432,740169.0
1707739200000,0.6432,0.6609,0.6404,0.6591,916515.0
1707753600000,0.6591,0.6831,0.6566,0.6736,3670480.0
1707768000000,0.6736,0.6853,0.6735,0.6849,1023284.0
1707782400000,0.6849,0.6951,0.6803,0.6828,1914750.0
1707796800000,0.6828,0.794,0.6804,0.7054,22057345.0
1707811200000,0.7054,0.7252,0.7027,0.7091,20168508.0
1707825600000,0.7091,0.7199,0.697,0.7131,8923529.0
1707840000000,0.7131,0.7154,0.6888,0.69,4718930.0
1707854400000,0.69,0.6987,0.6741,0.6953,5996824.0
1707868800000,0.6953,0.6957,0.6846,0.6887,845515.0
1707883200000,0.6887,0.6986,0.6845,0.6968,1126562.0
1707897600000,0.6968,0.7225,0.6956,0.7193,4184740.0
1707912000000,0.7193,0.7304,0.7168,0.7271,2802995.0
1707926400000,0.7271,0.7362,0.7193,0.7357,1483183.0
1707940800000,0.7357,0.778,0.7349,0.7776,4172274.0
1707955200000,0.7776,0.7961,0.7664,0.7865,5359875.0
1707969600000,0.7865,0.7924,0.7709,0.7895,3541140.0
1707984000000,0.7895,0.8071,0.7865,0.7952,5628430.0
1707998400000,0.7952,0.8225,0.7822,0.7879,7338948.0
1708012800000,0.7879,0.7946,0.7759,0.7808,3467053.0
1708027200000,0.7808,0.7825,0.7667,0.7783,2355176.0
1708041600000,0.7783,0.7826,0.7738,0.776,917644.0
1708056000000,0.776,0.778,0.7529,0.7563,2264962.0
1708070400000,0.7563,0.7675,0.7453,0.7632,3557835.0
1708084800000,0.7632,0.7827,0.737,0.781,10484159.0
1708099200000,0.781,0.7876,0.7628,0.7628,4784472.0
1708113600000,0.7628,0.7734,0.76,0.772,1354995.0
1708128000000,0.772,0.7749,0.7669,0.7697,711156.0
1708142400000,0.7697,0.772,0.7622,0.7655,952088.0
1708156800000,0.7655,0.7663,0.7518,0.7584,1327507.0
1708171200000,0.7584,0.7641,0.7317,0.7409,5018039.0
1708185600000,0.7409,0.7485,0.7377,0.7469,904496.0
1708200000000,0.7469,0.7546,0.7427,0.7511,1224974.0
1708214400000,0.7511,0.7682,0.7452,0.7669,2667753.0
1708228800000,0.7669,0.7824,0.7652,0.7783,2955301.0
1708243200000,0.7783,0.7849,0.7726,0.778,1790573.0
1708257600000,0.778,0.78,0.773,0.7779,1239052.0
1708272000000,0.7779,0.7875,0.7737,0.7813,1308508.0
1708286400000,0.7813,0.7964,0.774,0.789,2158370.0
1708300800000,0.789,0.7918,0.7814,0.7892,650924.0
1708315200000,0.7892,0.8117,0.7875,0.8006,2394299.0
1708329600000,0.8006,0.8008,0.7788,0.7829,2044651.0
1708344000000,0.7829,0.786,0.7442,0.7593,6043617.0
1708358400000,0.7593,0.7658,0.7515,0.758,1622778.0
1708372800000,0.758,0.7864,0.7553,0.7781,3180456.0
1708387200000,0.7781,0.7854,0.7671,0.7681,1416285.0
1708401600000,0.7681,0.783,0.7664,0.7781,1105516.0
1708416000000,0.7781,0.7799,0.7675,0.7775,1313668.0
1708430400000,0.7775,0.7856,0.7493,0.7572,5131779.0
1708444800000,0.7572,0.7668,0.7419,0.7667,3190804.0
1708459200000,0.7667,0.7698,0.7601,0.7656,1245359.0
1708473600000,0.7656,0.7691,0.7594,0.7615,772772.0
1708488000000,0.7615,0.7618,0.7324,0.7348,3069136.0
1708502400000,0.7348,0.7414,0.7069,0.7107,5136712.0
1708516800000,0.7107,0.7241,0.6979,0.705,3826807.0
1708531200000,0.705,0.712,0.6959,0.7083,2780660.0
1708545600000,0.7083,0.728,0.7068,0.7266,863495.0
1708560000000,0.7266,0.7267,0.709,0.7155,1105916.0
1708574400000,0.7155,0.7247,0.7099,0.7192,2732515.0
1708588800000,0.7192,0.779,0.7175,0.7752,9194913.0
1708603200000,0.7752,0.7838,0.7604,0.7727,5637667.0
1708617600000,0.7727,0.7791,0.7648,0.7762,2572541.0
1708632000000,0.7762,0.7859,0.772,0.7813,2716608.0
1708646400000,0.7813,0.7978,0.7739,0.7831,4456445.0
1708660800000,0.7831,0.7977,0.7767,0.7892,4092288.0
1708675200000,0.7892,0.7918,0.7696,0.7909,6128293.0
1708689600000,0.7909,0.7953,0.7809,0.781,3899732.0
1708704000000,0.781,0.7945,0.7744,0.7918,2396418.0
1708718400000,0.7918,0.7949,0.7776,0.7854,1901733.0
1708732800000,0.7854,0.7871,0.7604,0.7637,1529021.0
1708747200000,0.7637,0.777,0.7633,0.7748,1985291.0
1708761600000,0.7748,0.7792,0.7687,0.7766,1107194.0
1708776000000,0.7766,0.7818,0.7719,0.7732,1978215.0
1708790400000,0.7732,0.7893,0.7727,0.786,1381647.0
1708804800000,0.786,0.7863,0.778,0.782,405976.0
1708819200000,0.782,0.7942,0.7709,0.7942,1707113.0
1708833600000,0.7942,0.7963,0.7807,0.7854,1522554.0
1708848000000,0.7854,0.7992,0.7814,0.7987,1270927.0
1708862400000,0.7987,0.8361,0.7937,0.8351,5498795.0
1708876800000,0.8351,0.8602,0.8295,0.8556,3715812.0
1708891200000,0.8556,0.9026,0.8551,0.886,7580979.0
1708905600000,0.886,0.9222,0.8782,0.8951,5679258.0
1708920000000,0.8951,0.9526,0.8951,0.9192,15174069.0
1708934400000,0.9192,0.9437,0.8694,0.877,12284342.0
1708948800000,0.877,0.932,0.8667,0.921,7631593.0
1708963200000,0.921,0.9362,0.9105,0.9338,4636845.0
1708977600000,0.9338,0.9405,0.9093,0.9265,3031328.0
1708992000000,0.9265,0.9402,0.9144,0.9388,3759572.0
1709006400000,0.9388,0.952,0.9165,0.9235,3958543.0
1709020800000,0.9235,0.9301,0.8838,0.887,5877852.0
1709035200000,0.887,0.9122,0.8862,0.8931,6324493.0
1709049600000,0.8931,0.9093,0.8925,0.905,2658654.0
1709064000000,0.905,0.9063,0.8865,0.8872,1694250.0
1709078400000,0.8872,0.8893,0.8606,0.8668,4464710.0
1709092800000,0.8668,0.8998,0.8573,0.8966,5125430.0
1709107200000,0.8966,0.9139,0.8616,0.8665,13410005.0
1709121600000,0.8665,0.9245,0.8596,0.9138,13113936.0
1709136000000,0.9138,0.9438,0.8622,0.8994,10593294.0
1709150400000,0.8994,0.9492,0.8862,0.9469,2845410.0
1709164800000,0.9469,0.9727,0.9463,0.9626,4791953.0
1709179200000,0.9626,1.0041,0.961,0.9987,5420675.0
1709193600000,0.9987,1.0158,0.9832,0.9995,4453809.0
1709208000000,0.9995,1.0016,0.9374,0.9446,8547479.0
1709222400000,0.9446,0.9451,0.9009,0.921,4358513.0
1709236800000,0.921,0.9246,0.8794,0.8955,4183170.0
1709251200000,0.8955,0.9234,0.8936,0.9058,3087244.0
1709265600000,0.9058,0.9216,0.9014,0.9141,1497816.0
1709280000000,0.9141,0.9338,0.9138,0.9247,2034697.0
1709294400000,0.9247,0.947,0.9163,0.9228,3305484.0
1709308800000,0.9228,0.9347,0.9147,0.9206,2773226.0
1709323200000,0.9206,0.9373,0.916,0.9304,1222937.0
1709337600000,0.9304,0.9391,0.9212,0.9384,1674287.0
1709352000000,0.9384,0.939,0.9286,0.9352,1615180.0
1709366400000,0.9352,0.9367,0.9053,0.9069,3017688.0
1709380800000,0.9069,0.9145,0.8869,0.8976,4440691.0
1709395200000,0.8976,0.9086,0.8963,0.9056,2151162.0
1709409600000,0.9056,0.9075,0.8957,0.9046,957451.0
1709424000000,0.9046,0.9056,0.8936,0.9007,863554.0
1709438400000,0.9007,0.907,0.8755,0.8873,3426103.0
1709452800000,0.8873,0.9056,0.8827,0.8945,2907555.0
1709467200000,0.8945,0.903,0.8935,0.8986,1792688.0
1709481600000,0.8986,0.9094,0.8949,0.8992,1080330.0
1709496000000,0.8992,0.9003,0.8746,0.8857,2621812.0
1709510400000,0.8857,0.8974,0.8718,0.8771,2804791.0
1709524800000,0.8771,0.8857,0.8684,0.8755,1726632.0
1709539200000,0.8755,0.8945,0.8741,0.8836,2191890.0
1709553600000,0.8836,0.9042,0.8765,0.9041,2643371.0
1709568000000,0.9041,0.9208,0.8846,0.9187,3504501.0
1709582400000,0.9187,0.9438,0.9153,0.9419,2083352.0
1709596800000,0.9419,0.9463,0.9235,0.945,2117439.0
1709611200000,0.945,0.968,0.9354,0.9518,6054860.0
1709625600000,0.9518,0.9763,0.9461,0.9679,3097869.0
1709640000000,0.9679,0.9996,0.9554,0.9614,7539665.0
1709654400000,0.9614,0.9645,0.8473,0.8701,9628128.0
1709668800000,0.8701,0.9308,0.854,0.9225,6008007.0
1709683200000,0.9225,0.9725,0.9209,0.9711,7153401.0
1709697600000,0.9711,1.0026,0.9668,1.0006,7184990.0
1709712000000,1.0006,1.0206,0.9871,0.9969,3603287.0
1709726400000,0.9969,1.0265,0.9532,0.9803,7730065.0
1709740800000,0.9803,0.9997,0.9779,0.983,2773449.0
1709755200000,0.983,0.9906,0.9642,0.977,1251804.0
1709769600000,0.977,0.9917,0.9657,0.9746,1295079.0
1709784000000,0.9746,0.9882,0.9553,0.971,1239434.0
1709798400000,0.971,0.9797,0.9682,0.9742,1289085.0
1709812800000,0.9742,0.9897,0.9703,0.9848,2116495.0
1709827200000,0.9848,0.9902,0.9767,0.986,1184040.0
1709841600000,0.986,1.0039,0.977,0.9836,1072514.0
1709856000000,0.9836,1.0018,0.9829,0.9872,1479091.0
1709870400000,0.9872,0.9952,0.9684,0.9784,1258122.0
1709884800000,0.9784,1.0042,0.9744,1.0017,1840217.0
1709899200000,1.0017,1.0391,0.9958,1.006,5096273.0
1709913600000,1.006,1.0498,0.9859,1.048,3875472.0
1709928000000,1.048,1.0587,1.0436,1.0518,1136467.0
1709942400000,1.0518,1.0739,1.0513,1.0591,2016281.0
1709956800000,1.0591,1.0643,1.0331,1.0475,2627133.0
1709971200000,1.0475,1.0528,1.0228,1.0364,3235019.0
1709985600000,1.0364,1.0639,1.0342,1.0524,2761313.0
1710000000000,1.0524,1.0551,1.035,1.0402,2163311.0
1710014400000,1.0402,1.0575,1.0385,1.0529,1482358.0
1710028800000,1.0529,1.0698,1.0451,1.0591,3055609.0
1710043200000,1.0591,1.0669,1.0548,1.0643,1129595.0
1710057600000,1.0643,1.0666,1.0481,1.0594,2164430.0
1710072000000,1.0594,1.0628,1.0366,1.042,2348305.0
1710086400000,1.042,1.0594,1.0363,1.0402,1151638.0
1710100800000,1.0402,1.0465,1.0173,1.0401,1344459.0
1710115200000,1.0401,1.0435,1.005,1.0361,2801594.0
1710129600000,1.0361,1.0827,1.0344,1.0775,2944959.0
1710144000000,1.0775,1.1025,1.0661,1.0766,4333591.0
1710158400000,1.0766,1.0929,1.0693,1.0731,1983574.0
1710172800000,1.0731,1.0825,1.0622,1.0693,1406347.0
1710187200000,1.0693,1.091,1.0652,1.0805,1239493.0
1710201600000,1.0805,1.0958,1.0745,1.0755,1170053.0
1710216000000,1.0755,1.0865,1.0642,1.0681,1250378.0
1710230400000,1.0681,1.0704,1.0458,1.0578,1840983.0
1710244800000,1.0578,1.0581,1.0262,1.0501,3117530.0
1710259200000,1.0501,1.0577,1.0005,1.0556,3746151.0
1710273600000,1.0556,1.0565,1.0136,1.0406,2242590.0
1710288000000,1.0406,1.0671,1.0301,1.0656,1312344.0
1710302400000,1.0656,1.0864,1.0583,1.0658,1852089.0
1710316800000,1.0658,1.0733,1.0491,1.0528,2048004.0
1710331200000,1.0528,1.0571,1.0246,1.034,3413049.0
1710345600000,1.034,1.05,1.0323,1.0428,1376624.0
1710360000000,1.0428,1.0465,1.0326,1.0421,669152.0
1710374400000,1.0421,1.0544,1.0365,1.0482,1795734.0
1710388800000,1.0482,1.0509,1.0147,1.0453,3844413.0
1710403200000,1.0453,1.0847,1.04,1.0476,9155533.0
1710417600000,1.0476,1.0549,0.9816,0.9881,8875406.0
1710432000000,0.9881,1.0027,0.9376,0.957,7414745.0
1710446400000,0.957,0.9906,0.9566,0.9893,2317070.0
1710460800000,0.9893,1.0027,0.8678,0.9156,11154209.0
1710475200000,0.9156,0.9272,0.8824,0.9184,7679795.0
1710489600000,0.9184,0.9219,0.8533,0.8957,7507813.0
1710504000000,0.8957,0.909,0.8735,0.8972,3874770.0
1710518400000,0.8972,0.9246,0.8826,0.889,3532538.0
1710532800000,0.889,0.8954,0.8668,0.8923,2710186.0
1710547200000,0.8923,0.9,0.875,0.8791,2062790.0
1710561600000,0.8791,0.8958,0.8611,0.8876,2791830.0
1710576000000,0.8876,0.8879,0.8569,0.8651,2285221.0
1710590400000,0.8651,0.8715,0.8423,0.8602,3531550.0
1710604800000,0.8602,0.862,0.8237,0.8289,3077922.0
1710619200000,0.8289,0.8334,0.8088,0.8208,1983543.0
1710633600000,0.8208,0.8398,0.8109,0.8391,1580914.0
1710648000000,0.8391,0.8422,0.8,0.8143,2217182.0
1710662400000,0.8143,0.8602,0.8136,0.8524,2495277.0
1710676800000,0.8524,0.8718,0.8357,0.8687,2696975.0
1710691200000,0.8687,0.8757,0.8585,0.874,1809445.0
1710705600000,0.874,0.882,0.8665,0.8711,1275220.0
1710720000000,0.8711,0.8714,0.8378,0.8518,2767327.0
1710734400000,0.8518,0.8642,0.8424,0.8564,1077697.0
1710748800000,0.8564,0.8567,0.8336,0.8442,2167205.0
1710763200000,0.8442,0.8461,0.8132,0.829,3853452.0
1710777600000,0.829,0.8363,0.8128,0.8259,1588734.0
1710792000000,0.8259,0.8398,0.8259,0.8332,1166833.0
1710806400000,0.8332,0.8407,0.8003,0.8119,1862375.0
1710820800000,0.8119,0.8138,0.7825,0.7937,2448076.0
1710835200000,0.7937,0.7937,0.7658,0.7813,3829032.0
1710849600000,0.7813,0.8004,0.7742,0.799,2958657.0
1710864000000,0.799,0.8337,0.7985,0.8315,2032272.0
1710878400000,0.8315,0.8338,0.7833,0.7903,2124348.0
1710892800000,0.7903,0.82,0.7873,0.7972,1760631.0
1710907200000,0.7972,0.8101,0.7649,0.809,2586660.0
1710921600000,0.809,0.8122,0.7962,0.8012,3371801.0
1710936000000,0.8012,0.8081,0.7802,0.7834,3892149.0
1710950400000,0.7834,0.8094,0.7493,0.8091,3830191.0
1710964800000,0.8091,0.8476,0.8074,0.8436,2531317.0
1710979200000,0.8436,0.8648,0.8359,0.8463,1899853.0
1710993600000,0.8463,0.85,0.8222,0.8392,1762407.0
1711008000000,0.8392,0.8545,0.8373,0.8438,1930429.0
1711022400000,0.8438,0.849,0.8264,0.8308,1608769.0
1711036800000,0.8308,0.8429,0.8157,0.823,2043433.0
1711051200000,0.823,0.8398,0.8161,0.8329,1442692.0
1711065600000,0.8329,0.8388,0.8196,0.8329,663261.0
1711080000000,0.8329,0.8488,0.8313,0.8372,777173.0
1711094400000,0.8372,0.8414,0.8039,0.8059,1250030.0
1711108800000,0.8059,0.8136,0.7817,0.7952,1820095.0
1711123200000,0.7952,0.7991,0.783,0.7958,1008095.0
1711137600000,0.7958,0.7967,0.7756,0.79,902748.0
1711152000000,0.79,0.8055,0.7825,0.7893,1004329.0
1711166400000,0.7893,0.8152,0.7884,0.8146,618560.0
1711180800000,0.8146,0.8236,0.806,0.8215,1038034.0
1711195200000,0.8215,0.8354,0.8157,0.8256,1376938.0
1711209600000,0.8256,0.8305,0.821,0.823,433511.0
1711224000000,0.823,0.8246,0.8039,0.8061,717489.0
1711238400000,0.8061,0.8183,0.8044,0.8064,515401.0
1711252800000,0.8064,0.8135,0.801,0.8071,740037.0
1711267200000,0.8071,0.8234,0.8057,0.8231,1031088.0
1711281600000,0.8231,0.8342,0.8195,0.8225,1429543.0
1711296000000,0.8225,0.8312,0.8106,0.8248,1128391.0
1711310400000,0.8248,0.8465,0.8218,0.8405,828309.0
1711324800000,0.8405,0.8423,0.8199,0.8372,1041839.0
1711339200000,0.8372,0.858,0.8302,0.8315,1478985.0
1711353600000,0.8315,0.8479,0.8262,0.8299,1248915.0
1711368000000,0.8299,0.8734,0.8293,0.868,2512643.0
1711382400000,0.868,0.8698,0.8571,0.8667,1035543.0
1711396800000,0.8667,0.869,0.85,0.861,776824.0
1711411200000,0.861,0.8855,0.8548,0.8841,844986.0
1711425600000,0.8841,0.9308,0.8822,0.9145,2885234.0
1711440000000,0.9145,0.938,0.9034,0.9185,2541564.0
1711454400000,0.9185,0.9442,0.8945,0.9141,4284069.0
1711468800000,0.9141,0.9238,0.9017,0.9172,2265860.0
1711483200000,0.9172,0.9387,0.917,0.9359,939921.0
1711497600000,0.9359,0.9513,0.9306,0.9439,1137259.0
1711512000000,0.9439,1.2774,0.9297,1.1662,70763099.0
1711526400000,1.1662,1.3596,1.1315,1.2814,113930304.0
1711540800000,1.2814,1.5089,1.2728,1.2961,100623287.0
1711555200000,1.2961,1.3195,1.2048,1.2163,34410718.0
1711569600000,1.2163,1.2736,1.2065,1.2599,20813878.0
1711584000000,1.2599,1.2637,1.165,1.1844,17049305.0
1711598400000,1.1844,1.25,1.1784,1.2148,14851745.0
1711612800000,1.2148,1.2196,1.1906,1.1952,8295105.0
1711627200000,1.1952,1.231,1.1862,1.2152,9908572.0
1711641600000,1.2152,1.2223,1.2032,1.216,2666958.0
1711656000000,1.216,1.234,1.2042,1.2145,3517678.0
1711670400000,1.2145,1.23,1.1639,1.1718,7034436.0
1711684800000,1.1718,1.1856,1.1631,1.167,4343833.0
1711699200000,1.167,1.1791,1.1659,1.1704,2264099.0
1711713600000,1.1704,1.1792,1.1561,1.1615,3688370.0
1711728000000,1.1615,1.1716,1.1511,1.1686,2137614.0
1711742400000,1.1686,1.1875,1.1613,1.1828,1378529.0
1711756800000,1.1828,1.32,1.1733,1.2932,25799140.0
1711771200000,1.2932,1.3042,1.2554,1.2656,8681950.0
1711785600000,1.2656,1.353,1.2625,1.3198,15621131.0
1711800000000,1.3198,1.3258,1.2741,1.2764,5713414.0
1711814400000,1.2764,1.304,1.2758,1.2832,3150044.0
1711828800000,1.2832,1.2867,1.2501,1.2573,2767202.0
1711843200000,1.2573,1.3538,1.253,1.3181,11657584.0
1711857600000,1.3181,1.3264,1.2951,1.3162,3688916.0
1711872000000,1.3162,1.3435,1.3005,1.3096,6223913.0
1711886400000,1.3096,1.317,1.29,1.2972,2636671.0
1711900800000,1.2972,1.3113,1.2936,1.3001,1430126.0
1711915200000,1.3001,1.3212,1.2941,1.318,2455966.0
1711929600000,1.318,1.3291,1.294,1.3014,4019254.0
1711944000000,1.3014,1.3027,1.1833,1.262,7926821.0
1711958400000,1.262,1.2623,1.2266,1.2419,2123468.0
1711972800000,1.2419,1.2546,1.2001,1.2138,5444014.0
1711987200000,1.2138,1.2379,1.2102,1.2372,2065095.0
1712001600000,1.2372,1.2638,1.2126,1.2632,2776164.0
1712016000000,1.2632,1.2634,1.1565,1.1874,5827855.0
1712030400000,1.1874,1.219,1.181,1.2119,2611107.0
1712044800000,1.2119,1.2723,1.1883,1.2083,9643806.0
1712059200000,1.2083,1.2667,1.1975,1.229,8286712.0
1712073600000,1.229,1.2638,1.2198,1.2577,3014125.0
1712088000000,1.2577,1.2768,1.2311,1.2707,4413300.0
1712102400000,1.2707,1.2768,1.2036,1.257,6008811.0
1712116800000,1.257,1.3069,1.2508,1.2891,4662355.0
1712131200000,1.2891,1.2979,1.2396,1.2489,5466389.0
1712145600000,1.2489,1.259,1.2282,1.2369,11275040.0
1712160000000,1.2369,1.2487,1.2254,1.232,2641603.0
1712174400000,1.232,1.2421,1.2171,1.2356,1853807.0
1712188800000,1.2356,1.2905,1.2336,1.2616,6252151.0
1712203200000,1.2616,1.3027,1.2464,1.294,3583047.0
1712217600000,1.294,1.3571,1.2891,1.3556,10045650.0
1712232000000,1.3556,1.3994,1.3386,1.3732,17879193.0
1712246400000,1.3732,1.4028,1.3351,1.3455,7154753.0
1712260800000,1.3455,1.4374,1.3152,1.4101,10483615.0
1712275200000,1.4101,1.4497,1.3701,1.3922,10963269.0
1712289600000,1.3922,1.4133,1.3431,1.3648,5128778.0
1712304000000,1.3648,1.3846,1.3029,1.3098,5616908.0
1712318400000,1.3098,1.3711,1.2885,1.3488,6020357.0
1712332800000,1.3488,1.3514,1.327,1.3371,1861744.0
1712347200000,1.3371,1.3714,1.3363,1.3628,1907340.0
1712361600000,1.3628,1.3628,1.305,1.3268,3463011.0
1712376000000,1.3268,1.34,1.3147,1.3332,1353903.0
1712390400000,1.3332,1.3583,1.3296,1.3297,1933782.0
1712404800000,1.3297,1.3403,1.3146,1.3345,1902126.0
1712419200000,1.3345,1.3436,1.3249,1.3397,1188166.0
1712433600000,1.3397,1.3576,1.3397,1.3441,1510786.0
1712448000000,1.3441,1.4234,1.3414,1.3959,5510431.0
1712462400000,1.3959,1.43,1.381,1.416,3353631.0
1712476800000,1.416,1.4273,1.396,1.3998,2805247.0
1712491200000,1.3998,1.4024,1.3762,1.3809,2908455.0
1712505600000,1.3809,1.3939,1.379,1.3885,1050745.0
1712520000000,1.3885,1.4218,1.3872,1.4133,2471321.0
1712534400000,1.4133,1.5141,1.4056,1.4462,13874246.0
1712548800000,1.4462,1.4732,1.4354,1.4648,4091876.0
1712563200000,1.4648,1.509,1.4629,1.4875,6105246.0
1712577600000,1.4875,1.4947,1.4178,1.436,6557313.0
1712592000000,1.436,1.4525,1.4194,1.4288,2345580.0
1712606400000,1.4288,1.4542,1.4238,1.4366,2172173.0
1712620800000,1.4366,1.4626,1.423,1.4311,4457252.0
1712635200000,1.4311,1.438,1.382,1.3891,4390921.0
1712649600000,1.3891,1.402,1.3536,1.3831,3917480.0
1712664000000,1.3831,1.3934,1.335,1.3581,4456034.0
1712678400000,1.3581,1.3626,1.3384,1.3616,1708871.0
1712692800000,1.3616,1.3671,1.3501,1.3648,1352079.0
1712707200000,1.3648,1.3652,1.3002,1.3183,3670058.0
1712721600000,1.3183,1.3494,1.3142,1.3373,1221708.0
1712736000000,1.3373,1.3419,1.3028,1.3158,2007994.0
1712750400000,1.3158,1.3244,1.2624,1.3173,4496916.0
1712764800000,1.3173,1.3539,1.314,1.3374,2177184.0
1712779200000,1.3374,1.3557,1.3265,1.3287,1991327.0
1712793600000,1.3287,1.3298,1.2985,1.3105,2020148.0
1712808000000,1.3105,1.3186,1.2962,1.3139,1733500.0
1712822400000,1.3139,1.3194,1.2805,1.2847,2728988.0
1712836800000,1.2847,1.3005,1.2416,1.2747,3398588.0
1712851200000,1.2747,1.2864,1.2683,1.2756,1488425.0
1712865600000,1.2756,1.2821,1.2704,1.2734,1057033.0
1712880000000,1.2734,1.3294,1.2724,1.3021,4080800.0
1712894400000,1.3021,1.3209,1.2954,1.3053,2283311.0
1712908800000,1.3053,1.3053,1.2854,1.2876,1364446.0
1712923200000,1.2876,1.2878,1.2309,1.2404,3677012.0
1712937600000,1.2404,1.2433,1.0116,1.145,13727293.0
1712952000000,1.145,1.1665,1.1282,1.1594,3074355.0
1712966400000,1.1594,1.1594,1.0878,1.134,5433400.0
1712980800000,1.134,1.1663,1.1312,1.1399,3010992.0
1712995200000,1.1399,1.1603,1.1274,1.1505,2426218.0
1713009600000,1.1505,1.2181,1.1482,1.1973,4899192.0
1713024000000,1.1973,1.204,1.0759,1.103,9305068.0
1713038400000,1.103,1.1414,1.0076,1.0894,15752782.0
1713052800000,1.0894,1.1078,1.0277,1.0664,5571870.0
1713067200000,1.0664,1.1354,1.0641,1.1297,4102900.0
1713081600000,1.1297,1.1452,1.0942,1.1006,3161326.0
1713096000000,1.1006,1.1243,1.0917,1.1066,3354180.0
1713110400000,1.1066,1.1538,1.0857,1.1351,5006418.0
1713124800000,1.1351,1.1673,1.1054,1.1546,2356127.0
1713139200000,1.1546,1.1671,1.1237,1.1438,2108831.0
1713153600000,1.1438,1.1887,1.1388,1.1718,2514652.0
1713168000000,1.1718,1.1964,1.1672,1.1716,1818759.0
1713182400000,1.1716,1.1817,1.1147,1.1363,3172923.0
1713196800000,1.1363,1.1442,1.0821,1.1226,3279463.0
1713211200000,1.1226,1.1325,1.1013,1.1188,1265281.0
1713225600000,1.1188,1.1787,1.1141,1.124,4555629.0
1713240000000,1.124,1.1422,1.096,1.1417,2539212.0
1713254400000,1.1417,1.1429,1.0784,1.1076,3333134.0
1713268800000,1.1076,1.109,1.068,1.0772,2878432.0
1713283200000,1.0772,1.1195,1.0701,1.1055,2123883.0
1713297600000,1.1055,1.1293,1.0999,1.119,1536685.0
1713312000000,1.119,1.183,1.1186,1.1432,6042929.0
1713326400000,1.1432,1.165,1.1382,1.1595,2545922.0
1713340800000,1.1595,1.1762,1.1386,1.1395,3006632.0
1713355200000,1.1395,1.154,1.0988,1.11,4945311.0
1713369600000,1.11,1.1619,1.0972,1.147,5374774.0
1713384000000,1.147,1.1648,1.1395,1.1534,2928638.0
1713398400000,1.1534,1.1619,1.1185,1.1542,2846558.0
1713412800000,1.1542,1.1597,1.0981,1.1149,3243906.0
1713427200000,1.1149,1.154,1.0982,1.1315,3531455.0
1713441600000,1.1315,1.1578,1.1159,1.1483,2484329.0
1713456000000,1.1483,1.1557,1.1295,1.1488,2037997.0
1713470400000,1.1488,1.1773,1.1436,1.1686,1516302.0
1713484800000,1.1686,1.172,1.0738,1.115,4485797.0
1713499200000,1.115,1.1621,1.1061,1.1527,2971484.0
1713513600000,1.1527,1.1666,1.141,1.155,3190458.0
1713528000000,1.155,1.1638,1.1391,1.1587,1823448.0
1713542400000,1.1587,1.1601,1.1325,1.1455,2622280.0
1713556800000,1.1455,1.1578,1.1239,1.1394,2558054.0
1713571200000,1.1394,1.1464,1.1285,1.1399,1568788.0
1713585600000,1.1399,1.1452,1.1357,1.1431,709833.0
1713600000000,1.1431,1.1528,1.1323,1.1451,1040301.0
1713614400000,1.1451,1.1763,1.1429,1.1763,1520145.0
1713628800000,1.1763,1.2044,1.1661,1.1797,2886104.0
1713643200000,1.1797,1.1981,1.1797,1.1922,1416819.0
1713657600000,1.1922,1.2481,1.1885,1.2318,4259963.0
1713672000000,1.2318,1.232,1.1952,1.2003,1430999.0
1713686400000,1.2003,1.208,1.1855,1.2002,2334858.0
1713700800000,1.2002,1.2055,1.1776,1.1959,2731378.0
1713715200000,1.1959,1.1995,1.1704,1.1922,1890929.0
1713729600000,1.1922,1.2029,1.1869,1.1911,1540331.0
1713744000000,1.1911,1.2367,1.1895,1.232,3512283.0
1713758400000,1.232,1.2378,1.2129,1.215,1729439.0
1713772800000,1.215,1.2306,1.2094,1.2179,967817.0
1713787200000,1.2179,1.2321,1.211,1.2209,1236028.0
1713801600000,1.2209,1.2379,1.2128,1.2322,1230165.0
1713816000000,1.2322,1.24,1.2254,1.2306,1036346.0
1713830400000,1.2306,1.2661,1.2072,1.2082,2804105.0
1713844800000,1.2082,1.2148,1.1892,1.1925,1507939.0
1713859200000,1.1925,1.2024,1.1705,1.1782,4099784.0
1713873600000,1.1782,1.1917,1.16,1.1807,5365461.0
1713888000000,1.1807,1.1906,1.1733,1.1765,1834881.0
1713902400000,1.1765,1.1788,1.1622,1.1686,1207485.0
1713916800000,1.1686,1.1759,1.1537,1.1549,1891447.0
1713931200000,1.1549,1.1701,1.1449,1.1548,1810518.0
1713945600000,1.1548,1.1581,1.1459,1.1516,1588879.0
1713960000000,1.1516,1.1536,1.1003,1.1079,3877032.0
1713974400000,1.1079,1.1286,1.0987,1.112,1997813.0
1713988800000,1.112,1.1166,1.0957,1.1029,1518123.0
1714003200000,1.1029,1.1156,1.0903,1.104,1920470.0
1714017600000,1.104,1.1097,1.0911,1.0994,1245159.0
1714032000000,1.0994,1.1349,1.0858,1.1099,5086359.0
1714046400000,1.1099,1.1354,1.0917,1.1301,2319724.0
1714060800000,1.1301,1.145,1.1217,1.1396,1314860.0
1714075200000,1.1396,1.1469,1.1175,1.121,1108453.0
1714089600000,1.121,1.1276,1.0986,1.1064,1789800.0
1714104000000,1.1064,1.1157,1.1001,1.1006,1289904.0
1714118400000,1.1006,1.1111,1.0935,1.0936,1762690.0
1714132800000,1.0936,1.1104,1.077,1.1,2155207.0
1714147200000,1.1,1.1098,1.0965,1.103,740804.0
1714161600000,1.103,1.1088,1.0907,1.093,758809.0
1714176000000,1.093,1.0945,1.0616,1.0755,1860282.0
1714190400000,1.0755,1.0829,1.0712,1.0774,841740.0
1714204800000,1.0774,1.0799,1.0546,1.0615,985990.0
1714219200000,1.0615,1.0769,1.0601,1.0683,1065836.0
1714233600000,1.0683,1.0992,1.0659,1.087,1344526.0
1714248000000,1.087,1.0919,1.0805,1.0882,807661.0
1714262400000,1.0882,1.1061,1.0806,1.0972,1340785.0
1714276800000,1.0972,1.1116,1.0937,1.1023,1059442.0
1714291200000,1.1023,1.1076,1.0921,1.0958,1552337.0
1714305600000,1.0958,1.1131,1.0953,1.1098,1389813.0
1714320000000,1.1098,1.112,1.0984,1.1,1377990.0
1714334400000,1.1,1.1061,1.0674,1.0736,1589384.0
1714348800000,1.0736,1.0879,1.0376,1.0407,2182667.0
1714363200000,1.0407,1.0509,1.025,1.0402,2515640.0
1714377600000,1.0402,1.0402,1.0222,1.0271,1839770.0
1714392000000,1.0271,1.0443,1.0133,1.0419,1795549.0
1714406400000,1.0419,1.0441,1.0252,1.0336,1119806.0
1714420800000,1.0336,1.05,1.0205,1.0399,1247671.0
1714435200000,1.0399,1.0454,1.0135,1.0269,1438306.0
1714449600000,1.0269,1.0305,1.0043,1.0164,1816616.0
1714464000000,1.0164,1.0166,0.952,0.9568,2622745.0
1714478400000,0.9568,0.9737,0.9333,0.9524,3680781.0
1714492800000,0.9524,0.955,0.9277,0.9304,1825650.0
1714507200000,0.9304,0.9642,0.9302,0.9557,1706358.0
1714521600000,0.9557,0.9695,0.9166,0.9389,4625068.0
1714536000000,0.9389,0.9416,0.8762,0.8811,4503834.0
1714550400000,0.8811,0.9143,0.864,0.914,3867212.0
1714564800000,0.914,0.9262,0.8994,0.9085,2256220.0
1714579200000,0.9085,0.9629,0.903,0.9201,3597604.0
1714593600000,0.9201,0.9549,0.9197,0.9446,1494468.0
1714608000000,0.9446,0.965,0.9274,0.9381,4058532.0
1714622400000,0.9381,0.9406,0.9181,0.9322,1336679.0
1714636800000,0.9322,0.9713,0.9312,0.9679,2948840.0
1714651200000,0.9679,1.0198,0.9651,1.0039,6052929.0
1714665600000,1.0039,1.0044,0.9849,0.9891,2353024.0
1714680000000,0.9891,1.0084,0.9867,0.9951,1978453.0
1714694400000,0.9951,1.0116,0.9817,0.9978,2163217.0
1714708800000,0.9978,1.0031,0.983,0.9884,1715516.0
1714723200000,0.9884,0.9915,0.9676,0.9891,2680412.0
1714737600000,0.9891,1.0363,0.9862,1.0339,4098949.0
1714752000000,1.0339,1.0403,1.0262,1.0376,1609846.0
1714766400000,1.0376,1.0513,1.0315,1.0388,1749392.0
1714780800000,1.0388,1.0563,1.0327,1.0368,1765590.0
1714795200000,1.0368,1.0453,1.0341,1.0388,986437.0
1714809600000,1.0388,1.0642,1.0346,1.0535,2424026.0
1714824000000,1.0535,1.0573,1.045,1.051,1415854.0
1714838400000,1.051,1.056,1.0438,1.054,1028460.0
1714852800000,1.054,1.0611,1.048,1.049,1010478.0
1714867200000,1.049,1.051,1.0217,1.0279,1499342.0
1714881600000,1.0279,1.0359,1.0239,1.0297,1049578.0
1714896000000,1.0297,1.0478,1.017,1.0436,1845977.0
1714910400000,1.0436,1.07,1.038,1.063,2064393.0
1714924800000,1.063,1.075,1.0616,1.0649,1168551.0
1714939200000,1.0649,1.0685,1.0579,1.0635,960352.0
1714953600000,1.0635,1.0736,1.0567,1.0583,870236.0
1714968000000,1.0583,1.08,1.055,1.0779,1614070.0
1714982400000,1.0779,1.0967,1.0616,1.0729,2660879.0
1714996800000,1.0729,1.0764,1.0384,1.0524,3248518.0
1715011200000,1.0524,1.0591,1.0398,1.043,1698095.0
1715025600000,1.043,1.058,1.0409,1.0413,1053582.0
1715040000000,1.0413,1.0561,1.0319,1.0384,1650923.0
1715054400000,1.0384,1.0457,1.0308,1.0424,1689872.0
1715068800000,1.0424,1.088,1.0413,1.066,5777132.0
1715083200000,1.066,1.0783,1.051,1.0693,4675292.0
1715097600000,1.0693,1.0733,1.0512,1.054,1871486.0
1715112000000,1.054,1.064,1.0361,1.0408,1812516.0
1715126400000,1.0408,1.0524,1.0313,1.0393,1685670.0
1715140800000,1.0393,1.041,1.0181,1.0191,1490756.0
1715155200000,1.0191,1.0297,1.0089,1.0197,1998511.0
1715169600000,1.0197,1.0343,1.0126,1.0224,2190178.0
1715184000000,1.0224,1.0337,1.0163,1.0191,1097142.0
1715198400000,1.0191,1.0238,0.9966,1.0062,1947804.0
1715212800000,1.0062,1.025,1.0062,1.022,1616340.0
1715227200000,1.022,1.0268,1.0097,1.0118,1071409.0
1715241600000,1.0118,1.0173,0.9978,1.0077,1730646.0
1715256000000,1.0077,1.0287,1.0057,1.0231,1566031.0
1715270400000,1.0231,1.032,1.0128,1.0293,1695023.0
1715284800000,1.0293,1.0391,1.0241,1.0347,1122210.0
1715299200000,1.0347,1.0473,1.0304,1.0374,1568258.0
1715313600000,1.0374,1.0491,1.0339,1.045,1369274.0
1715328000000,1.045,1.0471,1.0335,1.0446,1369365.0
1715342400000,1.0446,1.0465,1.001,1.0055,2430626.0
1715356800000,1.0055,1.0107,0.9883,1.0062,2162275.0
1715371200000,1.0062,1.0101,0.9953,1.0045,776329.0
1715385600000,1.0045,1.0212,1.0041,1.0074,1171567.0
1715400000000,1.0074,1.0158,1.0044,1.0154,698467.0
1715414400000,1.0154,1.0157,1.0003,1.0062,1155540.0
1715428800000,1.0062,1.0161,1.0026,1.0145,934318.0
1715443200000,1.0145,1.0155,1.0079,1.0128,706407.0
1715457600000,1.0128,1.0156,1.0057,1.0069,790034.0
1715472000000,1.0069,1.0125,1.0044,1.0107,798306.0
1715486400000,1.0107,1.0163,1.0038,1.0064,1105182.0
1715500800000,1.0064,1.016,0.9993,1.0079,4401598.0
1715515200000,1.0079,1.0152,1.0077,1.0145,781939.0
1715529600000,1.0145,1.0171,1.0061,1.0082,628125.0
1715544000000,1.0082,1.0118,1.0045,1.0075,854368.0
1715558400000,1.0075,1.0105,0.9563,0.966,3096785.0
1715572800000,0.966,0.9949,0.9612,0.9932,1763859.0
1715587200000,0.9932,1.0035,0.987,0.9962,1498670.0
1715601600000,0.9962,1.0003,0.9872,0.992,1046063.0
1715616000000,0.992,1.0002,0.9837,0.9906,1354012.0
1715630400000,0.9906,0.9932,0.9863,0.9886,484126.0
1715644800000,0.9886,0.9941,0.9838,0.9881,1130560.0
1715659200000,0.9881,0.9905,0.961,0.9787,1633727.0
1715673600000,0.9787,0.979,0.9684,0.9717,1049770.0
1715688000000,0.9717,0.9732,0.9496,0.9594,1843316.0
1715702400000,0.9594,0.9626,0.9488,0.9573,887641.0
1715716800000,0.9573,0.9607,0.9489,0.9514,614080.0
1715731200000,0.9514,0.9587,0.9441,0.9559,1187873.0
1715745600000,0.9559,0.9606,0.9509,0.953,992061.0
1715760000000,0.953,0.9633,0.9349,0.9499,2892520.0
1715774400000,0.9499,0.9884,0.9409,0.9779,5537788.0
1715788800000,0.9779,0.9936,0.9736,0.9921,1749429.0
1715803200000,0.9921,1.0005,0.9913,0.9963,1469468.0
1715817600000,0.9963,1.0081,0.9879,0.9944,1468293.0
1715832000000,0.9944,0.9988,0.9881,0.9953,1131161.0
1715846400000,0.9953,0.9983,0.9871,0.9907,1002630.0
1715860800000,0.9907,0.9925,0.9659,0.9732,3068722.0
1715875200000,0.9732,0.9794,0.9682,0.9749,1578654.0
1715889600000,0.9749,0.9764,0.9672,0.9718,1293778.0
1715904000000,0.9718,0.9765,0.9664,0.9701,1278294.0
1715918400000,0.9701,0.9927,0.9656,0.9914,1553653.0
1715932800000,0.9914,1.0008,0.9864,0.9923,1664987.0
1715947200000,0.9923,1.016,0.988,1.0155,1916454.0
1715961600000,1.0155,1.0183,0.997,1.0035,1327385.0
1715976000000,1.0035,1.0075,1.0015,1.0039,746818.0
1715990400000,1.0039,1.0081,0.999,1.0014,896210.0
1716004800000,1.0014,1.0075,0.9853,0.9913,2858749.0
1716019200000,0.9913,0.996,0.9865,0.9903,2569826.0
1716033600000,0.9903,0.9907,0.9705,0.974,3981341.0
1716048000000,0.974,0.9799,0.9685,0.9745,2229691.0
1716062400000,0.9745,0.978,0.9702,0.9742,1736300.0
1716076800000,0.9742,0.9821,0.9717,0.9765,1256172.0
1716091200000,0.9765,0.9781,0.9687,0.974,1463202.0
1716105600000,0.974,0.9745,0.9592,0.9653,2485464.0
1716120000000,0.9653,0.9662,0.9483,0.9517,1977504.0
1716134400000,0.9517,0.9542,0.9408,0.9415,1559529.0
1716148800000,0.9415,0.9475,0.9355,0.9407,1405480.0
1716163200000,0.9407,0.944,0.9268,0.9401,2078927.0
1716177600000,0.9401,0.9513,0.9322,0.9396,2045843.0
1716192000000,0.9396,0.9499,0.9318,0.9426,2075336.0
1716206400000,0.9426,0.9535,0.9359,0.9513,2263683.0
1716220800000,0.9513,1.0077,0.9498,1.003,5306421.0
1716235200000,1.003,1.0309,0.9951,1.0227,5880568.0
1716249600000,1.0227,1.0375,1.0077,1.0183,3051783.0
1716264000000,1.0183,1.0222,1.003,1.0206,2313441.0
1716278400000,1.0206,1.0643,1.0174,1.0525,3252088.0
1716292800000,1.0525,1.0677,1.0387,1.0463,5430282.0
1716307200000,1.0463,1.0564,1.0195,1.0263,3598068.0
1716321600000,1.0263,1.0559,1.0248,1.0494,2308823.0
1716336000000,1.0494,1.0846,1.044,1.0795,5812747.0
1716350400000,1.0795,1.0818,1.0544,1.059,2823057.0
1716364800000,1.059,1.0726,1.0456,1.0461,3350871.0
1716379200000,1.0461,1.0633,1.0306,1.0577,5648919.0
1716393600000,1.0577,1.0642,1.0398,1.0458,2694269.0
1716408000000,1.0458,1.0573,1.0381,1.0441,2108308.0
1716422400000,1.0441,1.0565,1.0423,1.0539,1779162.0
1716436800000,1.0539,1.0591,1.0426,1.0516,1628538.0
1716451200000,1.0516,1.056,1.0336,1.055,2628323.0
1716465600000,1.055,1.0624,0.9889,1.0083,7609467.0
1716480000000,1.0083,1.015,0.9905,1.0035,3237127.0
1716494400000,1.0035,1.027,0.959,1.0054,8776758.0
1716508800000,1.0054,1.0244,1.0009,1.0217,2641260.0
1716523200000,1.0217,1.0257,0.9791,0.9926,3652702.0
1716537600000,0.9926,1.0031,0.9795,1.0018,2759172.0
1716552000000,1.0018,1.0118,0.9907,1.0006,3272380.0
1716566400000,1.0006,1.0167,0.9893,1.0153,2717472.0
1716580800000,1.0153,1.0185,1.0092,1.0145,1845730.0
1716595200000,1.0145,1.0175,1.0031,1.0151,1901296.0
1716609600000,1.0151,1.0249,1.0108,1.0161,2559926.0
1716624000000,1.0161,1.0227,1.0081,1.0137,2796247.0
1716638400000,1.0137,1.0207,1.0083,1.0148,3159280.0
1716652800000,1.0148,1.022,1.0143,1.0175,1508207.0
1716667200000,1.0175,1.02,1.0118,1.0154,1930484.0
1716681600000,1.0154,1.0176,1.0054,1.0146,2209795.0
1716696000000,1.0146,1.0206,1.0056,1.0182,1738998.0
1716710400000,1.0182,1.0256,1.0043,1.0221,3012649.0
1716724800000,1.0221,1.0445,1.0193,1.0308,3857296.0
1716739200000,1.0308,1.038,1.0244,1.0342,2215652.0
1716753600000,1.0342,1.0365,1.0227,1.0243,1807151.0
1716768000000,1.0243,1.0457,1.0231,1.0406,2324739.0
1716782400000,1.0406,1.0431,1.0312,1.0379,2051049.0
1716796800000,1.0379,1.0444,1.0282,1.0315,2374203.0
1716811200000,1.0315,1.0492,1.0286,1.0476,3242576.0
1716825600000,1.0476,1.0558,1.0295,1.032,3550625.0
1716840000000,1.032,1.0425,1.03,1.0329,2336417.0
1716854400000,1.0329,1.0346,1.0023,1.0121,3666918.0
1716868800000,1.0121,1.0213,1.0032,1.0165,2514446.0
1716883200000,1.0165,1.04,1.0144,1.0305,3794090.0
1716897600000,1.0305,1.037,1.0144,1.0262,4367541.0
1716912000000,1.0262,1.0273,1.0042,1.0204,3193568.0
1716926400000,1.0204,1.0261,1.0155,1.0193,2004143.0
1716940800000,1.0193,1.0233,1.0155,1.0213,2065091.0
1716955200000,1.0213,1.0282,1.0145,1.0156,2859509.0
1716969600000,1.0156,1.0208,1.004,1.0097,3559525.0
1716984000000,1.0097,1.0351,0.9933,0.9949,4430568.0
1716998400000,0.9949,1.0075,0.9912,0.9948,3542524.0
1717012800000,0.9948,1.0087,0.9935,1.0049,2287591.0
1717027200000,1.0049,1.0108,0.9985,1.0085,2378715.0
1717041600000,1.0085,1.011,0.9853,0.9862,2983490.0
1717056000000,0.9862,0.9978,0.9817,0.9887,3539189.0
1717070400000,0.9887,1.007,0.9879,1.0055,2741715.0
1717084800000,1.0055,1.0163,1.0017,1.0045,3124920.0
1717099200000,1.0045,1.0046,0.9943,0.9985,2337658.0
1717113600000,0.9985,1.0057,0.9956,0.9995,2143264.0
1717128000000,0.9995,1.0033,0.9927,0.9959,1984781.0
1717142400000,0.9959,1.0126,0.9868,1.0014,2367222.0
1717156800000,1.0014,1.0106,0.9859,0.9863,2797832.0
1717171200000,0.9863,0.9999,0.9801,0.9952,2673497.0
1717185600000,0.9952,1.0026,0.9914,0.9944,2795414.0
1717200000000,0.9944,0.9992,0.9926,0.9963,1663073.0
1717214400000,0.9963,0.9992,0.9933,0.9955,1625829.0
1717228800000,0.9955,0.9976,0.9892,0.9949,2321632.0
1717243200000,0.9949,1.0055,0.9933,1.0025,2335266.0
1717257600000,1.0025,1.0047,0.9966,0.9996,1797852.0
1717272000000,0.9996,1.0036,0.9967,0.9996,2063288.0
1717286400000,0.9996,1.0031,0.9945,0.9957,1923087.0
1717300800000,0.9957,1.0011,0.9942,0.9951,2257982.0
1717315200000,0.9951,0.9955,0.971,0.9888,3776958.0
1717329600000,0.9888,0.9926,0.9852,0.991,1512915.0
1717344000000,0.991,0.9924,0.9711,0.9773,2655963.0
1717358400000,0.9773,0.9823,0.9735,0.9779,1555290.0
1717372800000,0.9779,0.9848,0.9711,0.9782,2318138.0
1717387200000,0.9782,0.984,0.9741,0.9793,2027674.0
1717401600000,0.9793,0.9851,0.9722,0.9739,1862155.0
1717416000000,0.9739,0.9872,0.9649,0.9729,2973407.0
1717430400000,0.9729,0.9734,0.9612,0.9684,2763251.0
1717444800000,0.9684,0.9707,0.9632,0.9662,1668338.0
1717459200000,0.9662,0.9666,0.9545,0.961,2482326.0
1717473600000,0.961,0.9658,0.9576,0.965,1981876.0
1717488000000,0.965,0.9654,0.9501,0.9579,2596701.0
1717502400000,0.9579,0.9736,0.9524,0.9733,3454084.0
1717516800000,0.9733,0.9765,0.961,0.9625,3818717.0
1717531200000,0.9625,0.9689,0.9598,0.9656,1798845.0
1717545600000,0.9656,0.9739,0.9652,0.972,2884949.0
1717560000000,0.972,0.9786,0.9648,0.9725,2999081.0
1717574400000,0.9725,0.9797,0.9599,0.9762,3551024.0
1717588800000,0.9762,0.994,0.9731,0.9937,2989952.0
1717603200000,0.9937,1.0273,0.9919,1.0268,2782373.0
1717617600000,1.0268,1.0403,1.0173,1.0351,2396868.0
1717632000000,1.0351,1.0622,1.0324,1.0508,3033906.0
1717646400000,1.0508,1.0567,1.0368,1.041,2863199.0
1717660800000,1.041,1.0425,1.0133,1.0342,3266320.0
1717675200000,1.0342,1.0413,1.0284,1.039,1892449.0
1717689600000,1.039,1.0586,1.0275,1.0373,4129133.0
1717704000000,1.0373,1.074,1.0297,1.0398,1965068.0
1717718400000,1.0398,1.0407,1.0162,1.0192,2363307.0
1717732800000,1.0192,1.0277,1.0186,1.0225,1129842.0
1717747200000,1.0225,1.0247,1.0091,1.022,1245792.0
1717761600000,1.022,1.0237,0.9951,1.0124,2484579.0
1717776000000,1.0124,1.0126,0.835,0.9576,11571139.0
1717790400000,0.9576,0.9655,0.9519,0.9574,1423542.0
1717804800000,0.9574,0.9583,0.953,0.9563,929708.0
1717819200000,0.9563,0.9564,0.9411,0.9557,1108426.0
1717833600000,0.9557,0.9567,0.9448,0.9468,808043.0
1717848000000,0.9468,0.9468,0.9346,0.9423,1314839.0
1717862400000,0.9423,0.9457,0.9387,0.9423,606384.0
1717876800000,0.9423,0.9429,0.9373,0.9396,448879.0
1717891200000,0.9396,0.9435,0.9382,0.9392,472399.0
1717905600000,0.9392,0.9442,0.938,0.9429,431437.0
1717920000000,0.9429,0.9448,0.94,0.9429,430757.0
1717934400000,0.9429,0.9466,0.9385,0.9429,830702.0
1717948800000,0.9429,0.9479,0.9405,0.9461,319748.0
1717963200000,0.9461,0.947,0.9367,0.9404,628635.0
1717977600000,0.9404,0.9412,0.93,0.934,663523.0
1717992000000,0.934,0.9351,0.9197,0.9207,691549.0
1718006400000,0.9207,0.9282,0.9197,0.926,857368.0
1718020800000,0.926,0.9366,0.9213,0.9343,639740.0
1718035200000,0.9343,0.9351,0.9256,0.926,597902.0
1718049600000,0.926,0.9277,0.9215,0.9225,332397.0
1718064000000,0.9225,0.9246,0.895,0.9035,2061120.0
1718078400000,0.9035,0.9037,0.8805,0.8868,1297398.0
1718092800000,0.8868,0.8956,0.8834,0.8903,902016.0
1718107200000,0.8903,0.8938,0.8666,0.8727,1840586.0
1718121600000,0.8727,0.8859,0.8672,0.8825,1088839.0
1718136000000,0.8825,0.8843,0.8778,0.8789,467754.0
1718150400000,0.8789,0.8803,0.8663,0.8793,1142205.0
1718164800000,0.8793,0.8837,0.8764,0.8823,583611.0
1718179200000,0.8823,0.8935,0.878,0.8857,1190429.0
1718193600000,0.8857,0.9212,0.8851,0.9158,2687369.0
1718208000000,0.9158,0.9174,0.8822,0.885,2779097.0
1718222400000,0.885,0.8995,0.8828,0.8962,645402.0
1718236800000,0.8962,0.8963,0.8708,0.8773,1644060.0
1718251200000,0.8773,0.8936,0.8768,0.8936,1346963.0
1718265600000,0.8936,0.8975,0.8853,0.8945,1000581.0
1718280000000,0.8945,0.9023,0.8753,0.8769,2185963.0
1718294400000,0.8769,0.8934,0.87,0.891,1041252.0
1718308800000,0.891,0.8996,0.8867,0.8954,1336021.0
1718323200000,0.8954,0.8981,0.8872,0.8939,697556.0
1718337600000,0.8939,0.8987,0.8936,0.894,400539.0
1718352000000,0.894,0.8974,0.8916,0.893,464093.0
1718366400000,0.893,0.8981,0.8839,0.885,1114370.0
1718380800000,0.885,0.8857,0.8602,0.8678,3910246.0
1718395200000,0.8678,0.9,0.8674,0.8882,2934050.0
1718409600000,0.8882,0.8912,0.8745,0.8826,1623959.0
1718424000000,0.8826,0.896,0.8804,0.891,1116759.0
1718438400000,0.891,0.8937,0.8901,0.8924,701142.0
1718452800000,0.8924,0.8993,0.8907,0.8973,846757.0
1718467200000,0.8973,0.8983,0.892,0.8929,615844.0
1718481600000,0.8929,0.8979,0.8878,0.897,561565.0
1718496000000,0.897,0.8972,0.8804,0.8849,1548971.0
1718510400000,0.8849,0.89,0.8811,0.8877,508119.0
1718524800000,0.8877,0.8909,0.8847,0.8857,378336.0
1718539200000,0.8857,0.8978,0.885,0.8974,567057.0
1718553600000,0.8974,0.8999,0.895,0.8977,393715.0
1718568000000,0.8977,0.9063,0.8951,0.9002,667387.0
1718582400000,0.9002,0.9033,0.8768,0.8777,1147547.0
1718596800000,0.8777,0.8822,0.8617,0.8619,1246227.0
1718611200000,0.8619,0.8666,0.842,0.8572,2973931.0
1718625600000,0.8572,0.8602,0.8457,0.849,1096462.0
1718640000000,0.849,0.8703,0.8314,0.8638,1941744.0
1718654400000,0.8638,0.8642,0.8453,0.8486,775195.0
1718668800000,0.8486,0.8498,0.7866,0.8177,5741191.0
1718683200000,0.8177,0.8271,0.8102,0.825,1458561.0
1718697600000,0.825,0.8274,0.8041,0.8097,1417909.0
1718712000000,0.8097,0.8144,0.7945,0.8096,1973592.0
1718726400000,0.8096,0.8097,0.7866,0.7967,2308304.0
1718740800000,0.7967,0.814,0.7942,0.8101,829855.0
1718755200000,0.8101,0.8302,0.8041,0.8281,1010044.0
1718769600000,0.8281,0.8422,0.8274,0.8301,1721998.0
1718784000000,0.8301,0.8313,0.8195,0.8225,1044312.0
1718798400000,0.8225,0.8254,0.8128,0.8197,833360.0
1718812800000,0.8197,0.8313,0.8168,0.8248,702664.0
1718827200000,0.8248,0.828,0.8202,0.8222,463424.0
1718841600000,0.8222,0.8295,0.8197,0.8255,447926.0
1718856000000,0.8255,0.8469,0.8232,0.8424,2786197.0
1718870400000,0.8424,0.8488,0.8341,0.8418,1444807.0
1718884800000,0.8418,0.8439,0.8114,0.8156,1682357.0
1718899200000,0.8156,0.8273,0.8077,0.8223,1151161.0
1718913600000,0.8223,0.8242,0.8168,0.8179,274666.0
1718928000000,0.8179,0.821,0.8114,0.8129,490049.0
1718942400000,0.8129,0.8161,0.8077,0.8085,576894.0
1718956800000,0.8085,0.8161,0.7992,0.8121,1208949.0
1718971200000,0.8121,0.8168,0.8042,0.8081,908553.0
1718985600000,0.8081,0.8167,0.8024,0.8138,642296.0
1719000000000,0.8138,0.8174,0.8079,0.811,400518.0
1719014400000,0.811,0.8113,0.8033,0.8088,1067207.0
1719028800000,0.8088,0.8093,0.8018,0.8023,783733.0
1719043200000,0.8023,0.8051,0.7992,0.8048,602302.0
1719057600000,0.8048,0.8065,0.8024,0.8064,534796.0
1719072000000,0.8064,0.8078,0.8039,0.806,465487.0
1719086400000,0.806,0.8124,0.8038,0.8083,687928.0
1719100800000,0.8083,0.8125,0.8066,0.8109,325009.0
1719115200000,0.8109,0.8126,0.8097,0.8111,217853.0
1719129600000,0.8111,0.8112,0.8052,0.8075,312882.0
1719144000000,0.8075,0.8077,0.796,0.7981,509667.0
1719158400000,0.7981,0.799,0.7906,0.7978,676171.0
1719172800000,0.7978,0.7978,0.7796,0.7814,1508807.0
1719187200000,0.7814,0.7842,0.7759,0.7769,1219976.0
1719201600000,0.7769,0.7777,0.7567,0.7622,1828747.0
1719216000000,0.7622,0.7666,0.717,0.7444,3247504.0
1719230400000,0.7444,0.7479,0.7298,0.7343,1458066.0
1719244800000,0.7343,0.7432,0.7281,0.7377,1394376.0
1719259200000,0.7377,0.7524,0.7309,0.7516,1333459.0
1719273600000,0.7516,0.7591,0.7482,0.757,987398.0
1719288000000,0.757,0.7632,0.755,0.7558,726974.0
1719302400000,0.7558,0.7629,0.7521,0.7569,895192.0
1719316800000,0.7569,0.7786,0.7552,0.7762,1470484.0
1719331200000,0.7762,0.8244,0.7685,0.7915,3897301.0
1719345600000,0.7915,0.7935,0.7806,0.783,1039495.0
1719360000000,0.783,0.7904,0.7802,0.7868,671259.0
1719374400000,0.7868,0.7878,0.7781,0.7831,353138.0
1719388800000,0.7831,0.7835,0.7709,0.7738,796926.0
1719403200000,0.7738,0.7778,0.7666,0.7695,683529.0
1719417600000,0.7695,0.7752,0.7605,0.7749,837500.0
1719432000000,0.7749,0.7842,0.7701,0.774,1197564.0
1719446400000,0.774,0.7755,0.769,0.7736,335486.0
1719460800000,0.7736,0.7775,0.7682,0.7699,473617.0
1719475200000,0.7699,0.7796,0.768,0.7779,588742.0
1719489600000,0.7779,0.7978,0.7779,0.791,1398820.0
1719504000000,0.791,0.7987,0.7888,0.796,805098.0
1719518400000,0.796,0.7964,0.7878,0.7902,612756.0
1719532800000,0.7902,0.8155,0.7899,0.804,3436378.0
1719547200000,0.804,0.8078,0.7962,0.801,1119730.0
1719561600000,0.801,0.8042,0.7937,0.803,1034079.0
1719576000000,0.803,0.808,0.7905,0.7931,1943399.0
1719590400000,0.7931,0.7932,0.7769,0.7806,1269711.0
1719604800000,0.7806,0.784,0.7752,0.7764,662328.0
1719619200000,0.7764,0.7919,0.7758,0.7811,664756.0
1719633600000,0.7811,0.7821,0.776,0.7807,512600.0
1719648000000,0.7807,0.7837,0.7779,0.7828,443980.0
1719662400000,0.7828,0.7835,0.7771,0.7799,502007.0
1719676800000,0.7799,0.7809,0.7756,0.7769,564927.0
1719691200000,0.7769,0.7803,0.7753,0.7792,445716.0
1719705600000,0.7792,0.781,0.7652,0.7721,1438445.0
1719720000000,0.7721,0.7803,0.7658,0.7765,904516.0
1719734400000,0.7765,0.7821,0.7765,0.7791,831727.0
1719748800000,0.7791,0.7845,0.7749,0.7829,621743.0
1719763200000,0.7829,0.7882,0.7803,0.787,660100.0
1719777600000,0.787,0.7938,0.7835,0.7901,726593.0
1719792000000,0.7901,0.8071,0.787,0.8023,1233488.0
1719806400000,0.8023,0.8112,0.8003,0.8082,894651.0
1719820800000,0.8082,0.8103,0.7951,0.7964,1157986.0
1719835200000,0.7964,0.8019,0.7868,0.799,2073511.0
1719849600000,0.799,0.8035,0.7951,0.7982,833222.0
1719864000000,0.7982,0.7996,0.7843,0.788,1536118.0
1719878400000,0.788,0.7938,0.7866,0.7922,651667.0
1719892800000,0.7922,0.7958,0.7841,0.7853,1657266.0
1719907200000,0.7853,0.7872,0.7828,0.7854,722010.0
1719921600000,0.7854,0.795,0.7758,0.7758,2440184.0
1719936000000,0.7758,0.7804,0.7711,0.7781,1015276.0
1719950400000,0.7781,0.7817,0.7779,0.7798,966848.0
1719964800000,0.7798,0.7814,0.7533,0.7614,2774931.0
1719979200000,0.7614,0.7629,0.7568,0.7585,1096472.0
1719993600000,0.7585,0.7593,0.7461,0.7514,1964227.0
1720008000000,0.7514,0.7551,0.7435,0.7513,2489391.0
1720022400000,0.7513,0.754,0.737,0.7411,1692589.0
1720036800000,0.7411,0.7481,0.7377,0.7443,1004859.0
1720051200000,0.7443,0.749,0.7096,0.7189,5497816.0
1720065600000,0.7189,0.7204,0.6994,0.7036,3049166.0
1720080000000,0.7036,0.7073,0.6882,0.6974,3942311.0
1720094400000,0.6974,0.6978,0.6726,0.6915,4623898.0
1720108800000,0.6915,0.6984,0.6853,0.6887,1667842.0
1720123200000,0.6887,0.698,0.6631,0.6686,2762356.0
1720137600000,0.6686,0.6694,0.5873,0.5978,9644718.0
1720152000000,0.5978,0.6063,0.5795,0.6016,5198094.0
1720166400000,0.6016,0.6329,0.5881,0.6284,4858250.0
1720180800000,0.6284,0.6403,0.6184,0.6378,4288499.0
1720195200000,0.6378,0.6406,0.6305,0.6388,1760786.0
1720209600000,0.6388,0.6403,0.6335,0.6381,1161242.0
1720224000000,0.6381,0.6484,0.6314,0.6404,2035319.0
1720238400000,0.6404,0.6534,0.6333,0.6491,1300035.0
1720252800000,0.6491,0.6504,0.6421,0.6482,1211010.0
1720267200000,0.6482,0.6554,0.6442,0.6539,1393205.0
1720281600000,0.6539,0.665,0.653,0.6616,1871688.0
1720296000000,0.6616,0.6713,0.661,0.6671,1443671.0
1720310400000,0.6671,0.6691,0.6592,0.6646,1906177.0
1720324800000,0.6646,0.6649,0.642,0.6455,3333916.0
1720339200000,0.6455,0.6544,0.6437,0.6494,3276721.0
1720353600000,0.6494,0.6518,0.6314,0.6383,4078828.0
1720368000000,0.6383,0.6478,0.6366,0.6446,2163893.0
1720382400000,0.6446,0.647,0.6251,0.6256,2335809.0
1720396800000,0.6256,0.6297,0.599,0.6245,6035929.0
1720411200000,0.6245,0.6405,0.6223,0.6362,2156048.0
1720425600000,0.6362,0.6756,0.6352,0.6641,5805130.0
1720440000000,0.6641,0.6671,0.6311,0.6454,5821717.0
1720454400000,0.6454,0.6529,0.6379,0.6517,2657932.0
1720468800000,0.6517,0.6625,0.6497,0.6558,2032985.0
1720483200000,0.6558,0.6692,0.6519,0.6664,2452090.0
1720497600000,0.6664,0.6728,0.6641,0.6656,1550868.0
1720512000000,0.6656,0.6772,0.6641,0.6671,2499998.0
1720526400000,0.6671,0.6683,0.6467,0.6544,3586119.0
1720540800000,0.6544,0.659,0.6474,0.6548,1770861.0
1720555200000,0.6548,0.6595,0.648,0.6559,2009099.0
1720569600000,0.6559,0.6626,0.6432,0.6594,1951938.0
1720584000000,0.6594,0.6705,0.6592,0.6646,3747353.0
1720598400000,0.6646,0.6802,0.6599,0.6784,3465759.0
1720612800000,0.6784,0.6892,0.6717,0.6871,3938569.0
1720627200000,0.6871,0.6941,0.6815,0.6865,7987748.0
1720641600000,0.6865,0.6884,0.6788,0.6831,2685345.0
1720656000000,0.6831,0.6893,0.6728,0.6808,3710676.0
1720670400000,0.6808,0.6917,0.6791,0.6907,1764664.0
1720684800000,0.6907,0.7148,0.6903,0.711,4671945.0
1720699200000,0.711,0.7221,0.6941,0.6973,7208389.0
1720713600000,0.6973,0.706,0.688,0.6979,3003188.0
1720728000000,0.6979,0.7022,0.6912,0.6947,2342920.0
1720742400000,0.6947,0.7021,0.6838,0.6907,3205618.0
1720756800000,0.6907,0.6969,0.6833,0.691,3490020.0
1720771200000,0.691,0.6939,0.6813,0.6887,3430818.0
1720785600000,0.6887,0.6996,0.6845,0.6986,4287186.0
1720800000000,0.6986,0.7055,0.6939,0.6956,3108394.0
1720814400000,0.6956,0.7009,0.6908,0.7009,3559475.0
1720828800000,0.7009,0.7036,0.6947,0.6961,6707160.0
1720843200000,0.6961,0.7008,0.6938,0.7001,3283065.0
1720857600000,0.7001,0.7098,0.697,0.7087,7055062.0
1720872000000,0.7087,0.7133,0.7062,0.7123,1424139.0
1720886400000,0.7123,0.7269,0.7049,0.7233,5057427.0
1720900800000,0.7233,0.7299,0.7173,0.7245,3942933.0
1720915200000,0.7245,0.7297,0.7202,0.7228,1868494.0
1720929600000,0.7228,0.7361,0.7225,0.7258,1190184.0
1720944000000,0.7258,0.727,0.7142,0.7166,1707447.0
1720958400000,0.7166,0.7183,0.7066,0.7169,2339212.0
1720972800000,0.7169,0.7198,0.715,0.7156,530928.0
1720987200000,0.7156,0.735,0.7153,0.7311,1398756.0
1721001600000,0.7311,0.7567,0.7277,0.7521,2274114.0
1721016000000,0.7521,0.754,0.7402,0.748,1946407.0
1721030400000,0.748,0.7519,0.738,0.7413,1403511.0
1721044800000,0.7413,0.7501,0.7396,0.7481,1200534.0
1721059200000,0.7481,0.769,0.7453,0.7623,2069363.0
1721073600000,0.7623,0.791,0.7615,0.7852,2595341.0
1721088000000,0.7852,0.7885,0.7698,0.7741,1900631.0
1721102400000,0.7741,0.7832,0.7475,0.7486,2585028.0
1721116800000,0.7486,0.7678,0.7323,0.7604,4589403.0
1721131200000,0.7604,0.7768,0.7491,0.7744,1938016.0
1721145600000,0.7744,0.7808,0.7645,0.7778,1788873.0
1721160000000,0.7778,0.7779,0.7624,0.7684,753681.0
1721174400000,0.7684,0.7838,0.7675,0.7758,897521.0
1721188800000,0.7758,0.786,0.7745,0.7793,1071248.0
1721203200000,0.7793,0.7834,0.7706,0.7717,1516638.0
1721217600000,0.7717,0.7845,0.7669,0.7737,2648706.0
1721232000000,0.7737,0.7738,0.7553,0.7695,1610516.0
1721246400000,0.7695,0.7737,0.7611,0.7621,1038488.0
1721260800000,0.7621,0.7762,0.7616,0.7717,1022044.0
1721275200000,0.7717,0.7794,0.766,0.7757,674798.0
1721289600000,0.7757,0.8058,0.7745,0.805,3369356.0
1721304000000,0.805,0.8274,0.8021,0.8114,6038101.0
1721318400000,0.8114,0.8547,0.807,0.8378,6799122.0
1721332800000,0.8378,0.8527,0.8354,0.8478,2702058.0
1721347200000,0.8478,0.8677,0.8235,0.8603,5660573.0
1721361600000,0.8603,0.8707,0.8503,0.8543,3903488.0
1721376000000,0.8543,0.8614,0.8473,0.8527,3702943.0
1721390400000,0.8527,0.9024,0.8517,0.8967,6541368.0
1721404800000,0.8967,0.915,0.8965,0.9084,3671875.0
1721419200000,0.9084,0.9086,0.8878,0.8897,1759399.0
1721433600000,0.8897,0.8903,0.8688,0.8809,2367622.0
1721448000000,0.8809,0.886,0.8788,0.8828,1176291.0
1721462400000,0.8828,0.9072,0.881,0.8862,3405794.0
1721476800000,0.8862,0.9064,0.8858,0.8973,2015611.0
1721491200000,0.8973,0.9024,0.8895,0.8929,2274528.0
1721505600000,0.8929,0.8989,0.8903,0.8964,791800.0
1721520000000,0.8964,0.8986,0.8826,0.8841,1196027.0
1721534400000,0.8841,0.885,0.8721,0.8745,1152115.0
1721548800000,0.8745,0.8803,0.8727,0.8762,882827.0
1721563200000,0.8762,0.8824,0.8691,0.8765,1335714.0
1721577600000,0.8765,0.8827,0.8521,0.8705,3049861.0
1721592000000,0.8705,0.8865,0.8681,0.8864,1058879.0
1721606400000,0.8864,0.8894,0.8757,0.8795,1178470.0
1721620800000,0.8795,0.8835,0.8665,0.8696,1046338.0
1721635200000,0.8696,0.8782,0.8612,0.8773,1278998.0
1721649600000,0.8773,0.8896,0.8687,0.873,2410292.0
1721664000000,0.873,0.8981,0.8705,0.897,3232970.0
1721678400000,0.897,0.8979,0.873,0.8775,2353507.0
1721692800000,0.8775,0.8903,0.8759,0.8834,1101460.0
1721707200000,0.8834,0.884,0.8698,0.8752,1938949.0
1721721600000,0.8752,0.8988,0.8741,0.8956,2594733.0
1721736000000,0.8956,0.8979,0.8773,0.8917,3160958.0
1721750400000,0.8917,0.8926,0.8707,0.8828,2152632.0
1721764800000,0.8828,0.8916,0.8822,0.8885,1113905.0
1721779200000,0.8885,0.8919,0.8766,0.8799,1535377.0
1721793600000,0.8799,0.8826,0.8742,0.8781,1169895.0
1721808000000,0.8781,0.8937,0.8777,0.8846,1576884.0
1721822400000,0.8846,0.8877,0.8701,0.8718,1250706.0
1721836800000,0.8718,0.8735,0.8469,0.8524,3595993.0
1721851200000,0.8524,0.856,0.8368,0.8435,1865458.0
1721865600000,0.8435,0.8464,0.8001,0.8011,3990975.0
1721880000000,0.8011,0.8119,0.7906,0.8079,2118945.0
1721894400000,0.8079,0.8218,0.8053,0.8158,1949580.0
1721908800000,0.8158,0.8344,0.8081,0.8293,3382973.0
1721923200000,0.8293,0.8393,0.8173,0.8216,1555282.0
1721937600000,0.8216,0.8384,0.8071,0.8315,3769043.0
1721952000000,0.8315,0.8511,0.8219,0.8468,2816755.0
1721966400000,0.8468,0.8639,0.8456,0.8496,2315440.0
1721980800000,0.8496,0.8625,0.849,0.8589,2049418.0
1721995200000,0.8589,0.8659,0.8497,0.8528,3336378.0
1722009600000,0.8528,0.8541,0.8428,0.8503,2155039.0
1722024000000,0.8503,0.855,0.8445,0.8517,2060766.0
1722038400000,0.8517,0.852,0.8317,0.8348,1529693.0
1722052800000,0.8348,0.839,0.832,0.8367,1369397.0
1722067200000,0.8367,0.8409,0.8353,0.8387,1022932.0
1722081600000,0.8387,0.8454,0.8277,0.8294,2463405.0
1722096000000,0.8294,0.8344,0.8149,0.8222,2016248.0
1722110400000,0.8222,0.8306,0.8029,0.8147,3963848.0
1722124800000,0.8147,0.8254,0.8085,0.8087,3935003.0
1722139200000,0.8087,0.8114,0.7968,0.8012,1911825.0
1722153600000,0.8012,0.8125,0.7985,0.8086,1182407.0
1722168000000,0.8086,0.8116,0.8031,0.8045,790788.0
1722182400000,0.8045,0.8056,0.7966,0.7988,925914.0
1722196800000,0.7988,0.7993,0.7854,0.7886,1532892.0
1722211200000,0.7886,0.8129,0.788,0.8092,2263773.0
1722225600000,0.8092,0.8264,0.8072,0.8165,2950646.0
1722240000000,0.8165,0.8211,0.811,0.811,1217510.0
1722254400000,0.811,0.8129,0.7796,0.7828,2617785.0
1722268800000,0.7828,0.7939,0.775,0.7898,2068395.0
1722283200000,0.7898,0.7953,0.7847,0.7858,698937.0
1722297600000,0.7858,0.7931,0.7782,0.7907,1318495.0
1722312000000,0.7907,0.7952,0.7854,0.7924,627205.0
1722326400000,0.7924,0.7981,0.7883,0.7962,836642.0
1722340800000,0.7962,0.8025,0.7824,0.7891,1890626.0
1722355200000,0.7891,0.7901,0.7689,0.7754,1919643.0
1722369600000,0.7754,0.7769,0.766,0.7726,1620626.0
1722384000000,0.7726,0.7764,0.7669,0.7707,1328366.0
1722398400000,0.7707,0.774,0.7594,0.7653,3303818.0
1722412800000,0.7653,0.7664,0.755,0.7579,949360.0
1722427200000,0.7579,0.7655,0.749,0.75,1692794.0
1722441600000,0.75,0.7555,0.7364,0.7391,2071128.0
1722456000000,0.7391,0.7398,0.7209,0.7218,2466285.0
1722470400000,0.7218,0.7258,0.7138,0.7151,2841649.0
1722484800000,0.7151,0.7174,0.6989,0.7075,2599284.0
1722499200000,0.7075,0.7181,0.7075,0.717,1162358.0
1722513600000,0.717,0.723,0.6901,0.6938,3221135.0
1722528000000,0.6938,0.699,0.6826,0.6982,3640122.0
1722542400000,0.6982,0.7169,0.694,0.7112,1921010.0
1722556800000,0.7112,0.7135,0.6891,0.6977,1557119.0
1722571200000,0.6977,0.6988,0.6808,0.6866,1487663.0
1722585600000,0.6866,0.693,0.683,0.6908,1079571.0
1722600000000,0.6908,0.6992,0.6559,0.6696,5081601.0
1722614400000,0.6696,0.6727,0.6581,0.6618,1589196.0
1722628800000,0.6618,0.6692,0.6529,0.6593,1628309.0
1722643200000,0.6593,0.6657,0.6441,0.6643,2611536.0
1722657600000,0.6643,0.6723,0.6603,0.6695,572540.0
1722672000000,0.6695,0.6759,0.6645,0.6735,890555.0
1722686400000,0.6735,0.6777,0.6522,0.653,2293629.0
1722700800000,0.653,0.6559,0.6369,0.6395,3839913.0
1722715200000,0.6395,0.6456,0.6331,0.6429,1615373.0
1722729600000,0.6429,0.6518,0.639,0.648,1065320.0
1722744000000,0.648,0.651,0.6415,0.6431,874165.0
1722758400000,0.6431,0.6522,0.639,0.6504,984488.0
1722772800000,0.6504,0.6543,0.6246,0.6254,2838662.0
1722787200000,0.6254,0.6277,0.5707,0.607,10115941.0
1722801600000,0.607,0.6105,0.5841,0.5854,2584227.0
1722816000000,0.5854,0.588,0.4614,0.5157,33532499.0
1722830400000,0.5157,0.5339,0.4745,0.5328,20793635.0
1722844800000,0.5328,0.5936,0.5288,0.5496,15178189.0
1722859200000,0.5496,0.613,0.5192,0.6062,13259407.0
1722873600000,0.6062,0.6168,0.5773,0.585,5606861.0
1722888000000,0.585,0.604,0.5846,0.5912,2381965.0
1722902400000,0.5912,0.6263,0.5901,0.6088,3616959.0
1722916800000,0.6088,0.6211,0.6028,0.6165,2453365.0
1722931200000,0.6165,0.6182,0.5921,0.5998,2919844.0
1722945600000,0.5998,0.6253,0.586,0.619,4625449.0
1722960000000,0.619,0.625,0.6067,0.6093,2700441.0
1722974400000,0.6093,0.6121,0.5945,0.5982,2467161.0
1722988800000,0.5982,0.618,0.5902,0.6126,1885108.0
1723003200000,0.6126,0.625,0.6102,0.6151,2055969.0
1723017600000,0.6151,0.623,0.6041,0.6059,2224766.0
1723032000000,0.6059,0.6125,0.5786,0.5863,5052623.0
1723046400000,0.5863,0.5875,0.5674,0.5751,3220209.0
1723060800000,0.5751,0.579,0.5646,0.5733,1835995.0
1723075200000,0.5733,0.6023,0.5662,0.5911,2792454.0
1723089600000,0.5911,0.5975,0.5867,0.5925,1244558.0
1723104000000,0.5925,0.6053,0.5911,0.602,1400230.0
1723118400000,0.602,0.616,0.5896,0.6121,3573632.0
1723132800000,0.6121,0.6307,0.6112,0.6217,2054749.0
1723147200000,0.6217,0.6567,0.6215,0.647,2455899.0
1723161600000,0.647,0.6535,0.6424,0.6491,1832345.0
1723176000000,0.6491,0.651,0.6353,0.6418,1607110.0
1723190400000,0.6418,0.6426,0.6225,0.6263,2181822.0
1723204800000,0.6263,0.6306,0.6071,0.6089,2408149.0
1723219200000,0.6089,0.6208,0.6076,0.6128,869491.0
1723233600000,0.6128,0.6275,0.6119,0.6241,3227498.0
1723248000000,0.6241,0.6341,0.6158,0.6171,970039.0
1723262400000,0.6171,0.6275,0.6126,0.6261,1170729.0
1723276800000,0.6261,0.6264,0.6216,0.6234,594482.0
1723291200000,0.6234,0.6284,0.616,0.6226,1185970.0
1723305600000,0.6226,0.6263,0.6202,0.622,594421.0
1723320000000,0.622,0.6252,0.6193,0.623,904886.0
1723334400000,0.623,0.6499,0.6221,0.6427,1708747.0
1723348800000,0.6427,0.6535,0.6381,0.6515,1385724.0
1723363200000,0.6515,0.6609,0.6314,0.6351,2943883.0
1723377600000,0.6351,0.636,0.6168,0.6223,2604501.0
1723392000000,0.6223,0.6296,0.615,0.6163,1263904.0
1723406400000,0.6163,0.6165,0.6001,0.6019,1606599.0
1723420800000,0.6019,0.6082,0.5944,0.5999,1486982.0
1723435200000,0.5999,0.6062,0.5892,0.6041,1325802.0
1723449600000,0.6041,0.631,0.6024,0.6299,2474675.0
1723464000000,0.6299,0.6346,0.6038,0.6225,4344836.0
1723478400000,0.6225,0.6254,0.607,0.6131,1368531.0
1723492800000,0.6131,0.6319,0.6116,0.6273,1283267.0
1723507200000,0.6273,0.6285,0.6076,0.6093,1662411.0
1723521600000,0.6093,0.6122,0.6032,0.6095,1069978.0
1723536000000,0.6095,0.6111,0.5924,0.6008,1443921.0
1723550400000,0.6008,0.6096,0.5961,0.6009,2342193.0
1723564800000,0.6009,0.6193,0.6,0.6139,2132217.0
1723579200000,0.6139,0.6174,0.6085,0.6114,609730.0
1723593600000,0.6114,0.616,0.6053,0.6117,980780.0
1723608000000,0.6117,0.6161,0.6071,0.6106,1060429.0
1723622400000,0.6106,0.6328,0.6075,0.6271,4498723.0
1723636800000,0.6271,0.6447,0.6208,0.6239,7938083.0
1723651200000,0.6239,0.624,0.6136,0.6159,1702682.0
1723665600000,0.6159,0.6173,0.6064,0.6088,1489090.0
1723680000000,0.6088,0.614,0.6049,0.6067,1395300.0
1723694400000,0.6067,0.6076,0.5913,0.5964,1932930.0
1723708800000,0.5964,0.6049,0.5926,0.6036,1557602.0
1723723200000,0.6036,0.61,0.5989,0.6023,2057139.0
1723737600000,0.6023,0.6039,0.5701,0.5767,4247551.0
1723752000000,0.5767,0.5899,0.5714,0.5843,1548327.0
1723766400000,0.5843,0.5914,0.5793,0.5837,907441.0
1723780800000,0.5837,0.6004,0.5827,0.5971,1431885.0
1723795200000,0.5971,0.6121,0.5967,0.6045,3938945.0
1723809600000,0.6045,0.6062,0.5748,0.581,4840917.0
1723824000000,0.581,0.5946,0.5796,0.5901,2752256.0
1723838400000,0.5901,0.5931,0.585,0.5884,866773.0
1723852800000,0.5884,0.5932,0.5847,0.5862,869078.0
1723867200000,0.5862,0.603,0.5858,0.6024,1344532.0
1723881600000,0.6024,0.6046,0.5952,0.5961,2135072.0
1723896000000,0.5961,0.5994,0.593,0.597,1352282.0
1723910400000,0.597,0.6021,0.5941,0.5965,753125.0
1723924800000,0.5965,0.6018,0.5942,0.6015,599196.0
1723939200000,0.6015,0.6034,0.5942,0.597,1229791.0
1723953600000,0.597,0.6008,0.5949,0.5999,720701.0
1723968000000,0.5999,0.6092,0.5986,0.6025,1772949.0
1723982400000,0.6025,0.6083,0.6006,0.6073,1383819.0
1723996800000,0.6073,0.6092,0.6011,0.6068,1115387.0
1724011200000,0.6068,0.6082,0.5881,0.5886,1255835.0
1724025600000,0.5886,0.6025,0.5854,0.6015,1598462.0
1724040000000,0.6015,0.6018,0.5902,0.5926,695029.0
1724054400000,0.5926,0.5958,0.5836,0.5899,1770437.0
1724068800000,0.5899,0.5946,0.583,0.5919,1496696.0
1724083200000,0.5919,0.6046,0.5887,0.5971,2758052.0
1724097600000,0.5971,0.6037,0.5971,0.602,863603.0
1724112000000,0.602,0.61,0.599,0.6056,1284712.0
1724126400000,0.6056,0.6129,0.6049,0.6077,1040709.0
1724140800000,0.6077,0.6082,0.6007,0.6013,1286604.0
1724155200000,0.6013,0.6043,0.5799,0.591,2879650.0
1724169600000,0.591,0.5994,0.586,0.5963,2022679.0
1724184000000,0.5963,0.5979,0.5878,0.5896,893511.0
1724198400000,0.5896,0.597,0.5869,0.595,975028.0
1724212800000,0.595,0.5988,0.5941,0.5941,447541.0
1724227200000,0.5941,0.5953,0.5872,0.5906,891326.0
1724241600000,0.5906,0.6025,0.5811,0.5978,3459924.0
1724256000000,0.5978,0.6089,0.5954,0.6082,2088904.0
1724270400000,0.6082,0.6108,0.6026,0.6054,1226179.0
1724284800000,0.6054,0.6079,0.5971,0.6058,1064559.0
1724299200000,0.6058,0.611,0.6047,0.6076,739824.0
1724313600000,0.6076,0.611,0.6035,0.6087,1213875.0
1724328000000,0.6087,0.6094,0.5995,0.6012,1598407.0
1724342400000,0.6012,0.6073,0.6009,0.6042,587054.0
1724356800000,0.6042,0.611,0.6042,0.6091,1379267.0
1724371200000,0.6091,0.6125,0.6073,0.6084,1116707.0
1724385600000,0.6084,0.6172,0.6081,0.6144,1553658.0
1724400000000,0.6144,0.6247,0.6123,0.6182,3014833.0
1724414400000,0.6182,0.636,0.6182,0.6284,4230788.0
1724428800000,0.6284,0.6419,0.6258,0.6401,3202895.0
1724443200000,0.6401,0.6563,0.6395,0.6474,2408794.0
1724457600000,0.6474,0.6498,0.6401,0.6455,776073.0
1724472000000,0.6455,0.6492,0.6417,0.648,861817.0
1724486400000,0.648,0.6548,0.645,0.6465,1193028.0
1724500800000,0.6465,0.6494,0.6424,0.6439,911715.0
1724515200000,0.6439,0.6573,0.643,0.6516,2052569.0
1724529600000,0.6516,0.6549,0.6356,0.6438,1967204.0
1724544000000,0.6438,0.647,0.6312,0.6345,1452086.0
1724558400000,0.6345,0.6361,0.6181,0.6215,1691638.0
1724572800000,0.6215,0.6259,0.618,0.6236,947909.0
1724587200000,0.6236,0.6355,0.6223,0.633,1482922.0
1724601600000,0.633,0.6354,0.6262,0.6274,747718.0
1724616000000,0.6274,0.6355,0.6246,0.6281,1184037.0
1724630400000,0.6281,0.6306,0.6194,0.6253,936986.0
1724644800000,0.6253,0.6274,0.6197,0.6205,767754.0
1724659200000,0.6205,0.632,0.62,0.6302,1718055.0
1724673600000,0.6302,0.6325,0.6192,0.6252,3285893.0
1724688000000,0.6252,0.6273,0.6156,0.6168,1790205.0
1724702400000,0.6168,0.62,0.6122,0.6146,1054419.0
1724716800000,0.6146,0.6207,0.6133,0.6167,635274.0
1724731200000,0.6167,0.6212,0.6143,0.617,875398.0
1724745600000,0.617,0.618,0.6023,0.6101,2701486.0
1724760000000,0.6101,0.6123,0.6004,0.6032,1681588.0
1724774400000,0.6032,0.6079,0.6005,0.6067,616132.0
1724788800000,0.6067,0.6067,0.5623,0.5816,5164885.0
1724803200000,0.5816,0.5857,0.5688,0.5856,1373745.0
1724817600000,0.5856,0.5871,0.5748,0.5761,1166982.0
1724832000000,0.5761,0.6088,0.5741,0.6059,4857875.0
1724846400000,0.6059,0.6061,0.5858,0.5919,2689382.0
1724860800000,0.5919,0.6008,0.5792,0.5903,2264648.0
1724875200000,0.5903,0.6049,0.5899,0.6016,1553749.0
1724889600000,0.6016,0.6034,0.5954,0.5958,826878.0
1724904000000,0.5958,0.6062,0.5953,0.603,697951.0
1724918400000,0.603,0.6119,0.5993,0.6058,2221857.0
1724932800000,0.6058,0.6146,0.6045,0.6105,1530615.0
1724947200000,0.6105,0.6128,0.5916,0.5988,1963227.0
1724961600000,0.5988,0.6026,0.5904,0.5965,563317.0
1724976000000,0.5965,0.5986,0.591,0.5939,819635.0
1724990400000,0.5939,0.599,0.5915,0.5954,824342.0
1725004800000,0.5954,0.6009,0.5933,0.5944,718539.0
1725019200000,0.5944,0.6035,0.5772,0.581,3245710.0
1725033600000,0.581,0.607,0.5769,0.5968,2610287.0
1725048000000,0.5968,0.6063,0.5968,0.6058,749016.0
1725062400000,0.6058,0.6073,0.6023,0.6051,375638.0
1725076800000,0.6051,0.612,0.602,0.6023,1292113.0
1725091200000,0.6023,0.6074,0.6005,0.6062,821099.0
1725105600000,0.6062,0.6115,0.6043,0.6066,1048090.0
1725120000000,0.6066,0.6075,0.5955,0.5988,1743239.0
1725134400000,0.5988,0.6066,0.5973,0.604,535744.0
1725148800000,0.604,0.6043,0.5924,0.5967,783500.0
1725163200000,0.5967,0.5983,0.5857,0.5983,1118530.0
1725177600000,0.5983,0.5985,0.5879,0.5928,703249.0
1725192000000,0.5928,0.5941,0.5811,0.5896,2094569.0
1725206400000,0.5896,0.6027,0.5844,0.5988,1255133.0
1725220800000,0.5988,0.603,0.5745,0.5799,1685087.0
1725235200000,0.5799,0.5894,0.5794,0.5851,1075326.0
1725249600000,0.5851,0.5854,0.5736,0.5762,1157580.0
1725264000000,0.5762,0.6005,0.5761,0.5968,1828379.0
1725278400000,0.5968,0.6002,0.5892,0.5956,1356941.0
1725292800000,0.5956,0.5998,0.5919,0.5972,700951.0
1725307200000,0.5972,0.6103,0.5967,0.6016,2340765.0
1725321600000,0.6016,0.6062,0.5916,0.5934,1041255.0
1725336000000,0.5934,0.5955,0.5898,0.5947,793957.0
1725350400000,0.5947,0.595,0.5874,0.5892,1057929.0
1725364800000,0.5892,0.5933,0.5786,0.5797,1652727.0
1725379200000,0.5797,0.5891,0.5775,0.5837,1340398.0
1725393600000,0.5837,0.588,0.574,0.5748,927859.0
1725408000000,0.5748,0.5815,0.545,0.568,4083730.0
1725422400000,0.568,0.5774,0.5623,0.5757,1033762.0
1725436800000,0.5757,0.5772,0.566,0.5713,1377268.0
1725451200000,0.5713,0.5758,0.558,0.5733,2726156.0
1725465600000,0.5733,0.5831,0.5674,0.5723,1219438.0
1725480000000,0.5723,0.5795,0.5709,0.5721,1120742.0
1725494400000,0.5721,0.5747,0.5623,0.5637,981385.0
1725508800000,0.5637,0.5716,0.5596,0.5708,1073208.0
1725523200000,0.5708,0.572,0.5634,0.5657,1300124.0
1725537600000,0.5657,0.5716,0.5584,0.5642,3065837.0
1725552000000,0.5642,0.5683,0.5563,0.5598,1122881.0
1725566400000,0.5598,0.5644,0.5581,0.5615,718905.0
1725580800000,0.5615,0.5743,0.5602,0.5659,1026367.0
1725595200000,0.5659,0.5673,0.551,0.5541,1395676.0
1725609600000,0.5541,0.5602,0.5506,0.5572,859762.0
1725624000000,0.5572,0.5646,0.5356,0.5441,4341222.0
1725638400000,0.5441,0.5447,0.5233,0.5302,3750271.0
1725652800000,0.5302,0.5353,0.5136,0.5353,2928737.0
1725667200000,0.5353,0.5391,0.5305,0.5344,639189.0
1725681600000,0.5344,0.5491,0.5344,0.5463,1054533.0
1725696000000,0.5463,0.547,0.5411,0.5433,841859.0
1725710400000,0.5433,0.5525,0.5433,0.5497,2201967.0
1725724800000,0.5497,0.5502,0.5366,0.5476,1981619.0
1725739200000,0.5476,0.5476,0.5348,0.5412,1009445.0
1725753600000,0.5412,0.5463,0.5385,0.5459,392186.0
1725768000000,0.5459,0.5501,0.5436,0.5481,795475.0
1725782400000,0.5481,0.5515,0.5462,0.548,1331482.0
1725796800000,0.548,0.5495,0.5362,0.5367,1547329.0
1725811200000,0.5367,0.5474,0.5361,0.5437,1175119.0
1725825600000,0.5437,0.5562,0.5421,0.5484,1921832.0
1725840000000,0.5484,0.5537,0.5467,0.5502,1182774.0
1725854400000,0.5502,0.5539,0.5435,0.5535,849990.0
1725868800000,0.5535,0.558,0.549,0.5509,1443589.0
1725883200000,0.5509,0.5543,0.5414,0.5483,1885150.0
1725897600000,0.5483,0.5681,0.5481,0.562,3346266.0
1725912000000,0.562,0.5712,0.5595,0.5617,2072490.0
1725926400000,0.5617,0.5619,0.5549,0.5554,962772.0
1725940800000,0.5554,0.5662,0.5527,0.5646,1270831.0
1725955200000,0.5646,0.5684,0.5597,0.564,1171076.0
1725969600000,0.564,0.5668,0.556,0.5567,1517088.0
1725984000000,0.5567,0.5686,0.5567,0.566,1508818.0
1725998400000,0.566,0.5699,0.5626,0.5668,1194893.0
1726012800000,0.5668,0.5685,0.5542,0.5576,1616895.0
1726027200000,0.5576,0.5599,0.5503,0.5587,1600178.0
1726041600000,0.5587,0.5618,0.5488,0.5557,1536188.0
1726056000000,0.5557,0.5614,0.5433,0.5547,3315387.0
1726070400000,0.5547,0.5629,0.5528,0.5572,1965886.0
1726084800000,0.5572,0.5601,0.5563,0.5575,555085.0
1726099200000,0.5575,0.5678,0.5575,0.5613,1880136.0
1726113600000,0.5613,0.5639,0.5568,0.5624,1107661.0
1726128000000,0.5624,0.564,0.5581,0.56,1034145.0
1726142400000,0.56,0.5668,0.5543,0.5562,2884054.0
1726156800000,0.5562,0.5658,0.5559,0.5639,1323964.0
1726171200000,0.5639,0.5671,0.56,0.5657,821387.0
1726185600000,0.5657,0.5666,0.5628,0.5654,481559.0
1726200000000,0.5654,0.5674,0.5642,0.5665,741238.0
1726214400000,0.5665,0.5682,0.5621,0.5625,1517145.0
1726228800000,0.5625,0.5725,0.5622,0.5709,2471319.0
1726243200000,0.5709,0.5744,0.5668,0.5697,2715085.0
1726257600000,0.5697,0.5778,0.5687,0.5734,1496273.0
1726272000000,0.5734,0.5751,0.5714,0.5744,699893.0
1726286400000,0.5744,0.5757,0.572,0.5752,1135582.0
1726300800000,0.5752,0.5794,0.5735,0.5778,1004131.0
1726315200000,0.5778,0.5809,0.5755,0.5787,947409.0
1726329600000,0.5787,0.5813,0.573,0.5768,1937703.0
1726344000000,0.5768,0.5797,0.5746,0.5759,734989.0
1726358400000,0.5759,0.5794,0.5743,0.5774,600646.0
1726372800000,0.5774,0.5786,0.5731,0.5777,951123.0
1726387200000,0.5777,0.5792,0.5725,0.5744,729581.0
1726401600000,0.5744,0.5777,0.5727,0.5737,844006.0
1726416000000,0.5737,0.5781,0.567,0.5673,2589484.0
1726430400000,0.5673,0.5688,0.5501,0.5569,2629613.0
1726444800000,0.5569,0.5587,0.544,0.5499,2218476.0
1726459200000,0.5499,0.5605,0.5493,0.5602,1175963.0
1726473600000,0.5602,0.565,0.5507,0.5581,1446594.0
1726488000000,0.5581,0.5634,0.5454,0.552,2872735.0
1726502400000,0.552,0.5581,0.5474,0.5495,1403445.0
1726516800000,0.5495,0.5573,0.5458,0.5545,961285.0
1726531200000,0.5545,0.5553,0.5455,0.5517,1209492.0
1726545600000,0.5517,0.5579,0.5514,0.5571,643893.0
1726560000000,0.5571,0.5593,0.5542,0.5554,917701.0
1726574400000,0.5554,0.5712,0.5548,0.5695,2324818.0
1726588800000,0.5695,0.5714,0.556,0.561,1515578.0
1726603200000,0.561,0.5646,0.557,0.5605,884753.0
1726617600000,0.5605,0.5633,0.554,0.5617,824797.0
1726632000000,0.5617,0.5646,0.5569,0.5638,621855.0
1726646400000,0.5638,0.5701,0.555,0.5658,3634488.0
1726660800000,0.5658,0.5694,0.5599,0.5614,1601704.0
1726675200000,0.5614,0.5762,0.5607,0.5623,3261140.0
1726689600000,0.5623,0.5792,0.5572,0.5788,2397404.0
1726704000000,0.5788,0.5889,0.5788,0.5817,3734603.0
1726718400000,0.5817,0.59,0.5812,0.5896,1340889.0
1726732800000,0.5896,0.5977,0.5864,0.5972,1841679.0
1726747200000,0.5972,0.6,0.5874,0.5939,2300163.0
1726761600000,0.5939,0.6044,0.5924,0.5977,1927863.0
1726776000000,0.5977,0.6016,0.592,0.6011,1290210.0
1726790400000,0.6011,0.6078,0.5917,0.6078,1214223.0
1726804800000,0.6078,0.616,0.6065,0.6104,3251146.0
1726819200000,0.6104,0.6129,0.6057,0.6082,1154887.0
1726833600000,0.6082,0.6136,0.5998,0.6063,2868224.0
1726848000000,0.6063,0.608,0.5964,0.6044,1309574.0
1726862400000,0.6044,0.6078,0.6023,0.6076,857561.0
1726876800000,0.6076,0.61,0.5988,0.5988,1288087.0
1726891200000,0.5988,0.6049,0.5941,0.6036,1205001.0
1726905600000,0.6036,0.6047,0.5999,0.6023,504886.0
1726920000000,0.6023,0.6126,0.6005,0.6126,2304337.0
1726934400000,0.6126,0.6172,0.6113,0.6123,1118300.0
1726948800000,0.6123,0.6205,0.6102,0.6174,975277.0
1726963200000,0.6174,0.65,0.6174,0.6363,8208284.0
1726977600000,0.6363,0.6444,0.6316,0.634,1873515.0
1726992000000,0.634,0.6349,0.623,0.6276,1527396.0
1727006400000,0.6276,0.6335,0.6236,0.6325,2035316.0
1727020800000,0.6325,0.6378,0.6254,0.6331,1936270.0
1727035200000,0.6331,0.6353,0.6151,0.6295,4140155.0
1727049600000,0.6295,0.6385,0.616,0.6337,4472115.0
1727064000000,0.6337,0.6359,0.6261,0.6268,2254760.0
1727078400000,0.6268,0.6327,0.6242,0.6292,1612872.0
1727092800000,0.6292,0.6378,0.6267,0.6352,1930927.0
1727107200000,0.6352,0.6405,0.6306,0.635,1654542.0
1727121600000,0.635,0.6365,0.6291,0.6317,1451442.0
1727136000000,0.6317,0.6321,0.6176,0.6227,3200622.0
1727150400000,0.6227,0.627,0.6199,0.6263,1081143.0
1727164800000,0.6263,0.6335,0.626,0.6282,2011314.0
1727179200000,0.6282,0.6322,0.6193,0.621,2730535.0
1727193600000,0.621,0.6309,0.6199,0.629,2515059.0
1727208000000,0.629,0.6329,0.6264,0.6314,1990678.0
1727222400000,0.6314,0.6348,0.6275,0.6321,2563236.0
1727236800000,0.6321,0.6326,0.6241,0.6273,1751827.0
1727251200000,0.6273,0.6311,0.6251,0.6308,1390511.0
1727265600000,0.6308,0.638,0.6267,0.6297,2252521.0
1727280000000,0.6297,0.6332,0.624,0.6248,2198101.0
1727294400000,0.6248,0.6294,0.6226,0.6257,1143454.0
1727308800000,0.6257,0.6303,0.6145,0.6299,3008575.0
1727323200000,0.6299,0.6386,0.6283,0.6373,1827919.0
1727337600000,0.6373,0.6427,0.6327,0.6412,2401455.0
1727352000000,0.6412,0.6514,0.6352,0.648,3652609.0
1727366400000,0.648,0.6641,0.6436,0.6453,2984252.0
1727380800000,0.6453,0.6485,0.6407,0.6457,1903417.0
1727395200000,0.6457,0.6582,0.6446,0.6563,1126136.0
1727409600000,0.6563,0.6661,0.6517,0.6605,3809238.0
1727424000000,0.6605,0.6717,0.6481,0.6506,4188417.0
1727438400000,0.6506,0.6666,0.6478,0.6596,2441095.0
1727452800000,0.6596,0.6656,0.6548,0.6596,1446545.0
1727467200000,0.6596,0.6601,0.6529,0.654,1068104.0
1727481600000,0.654,0.6616,0.654,0.6581,1103861.0
1727496000000,0.6581,0.6589,0.648,0.6495,1510156.0
1727510400000,0.6495,0.6498,0.6426,0.6443,2826265.0
1727524800000,0.6443,0.6452,0.6377,0.6431,1974471.0
1727539200000,0.6431,0.6442,0.639,0.642,750653.0
1727553600000,0.642,0.6427,0.6307,0.6397,1262196.0
1727568000000,0.6397,0.644,0.6381,0.6413,651333.0
1727582400000,0.6413,0.6416,0.6303,0.6318,2027081.0
1727596800000,0.6318,0.6357,0.6267,0.6341,1668598.0
1727611200000,0.6341,0.642,0.631,0.6374,1173683.0
1727625600000,0.6374,0.6479,0.6365,0.647,2805907.0
1727640000000,0.647,0.6486,0.6403,0.6425,1099402.0
1727654400000,0.6425,0.6448,0.6284,0.6346,1998089.0
1727668800000,0.6346,0.6394,0.6311,0.636,1167939.0
1727683200000,0.636,0.6362,0.6221,0.6316,2634991.0
1727697600000,0.6316,0.634,0.6241,0.6242,1428535.0
1727712000000,0.6242,0.6297,0.6182,0.6257,2900119.0
1727726400000,0.6257,0.6314,0.6187,0.6236,1053238.0
1727740800000,0.6236,0.6308,0.6202,0.6308,867390.0
1727755200000,0.6308,0.6383,0.6294,0.6348,1473109.0
1727769600000,0.6348,0.6364,0.632,0.6335,800273.0
1727784000000,0.6335,0.6336,0.5895,0.6036,7762091.0
1727798400000,0.6036,0.6052,0.5716,0.585,7424766.0
1727812800000,0.585,0.5864,0.5695,0.581,2772828.0
1727827200000,0.581,0.6017,0.5787,0.5994,2097623.0
1727841600000,0.5994,0.6021,0.5935,0.5996,887358.0
1727856000000,0.5996,0.6019,0.5824,0.5856,2245844.0
1727870400000,0.5856,0.5906,0.5753,0.5895,2231417.0
1727884800000,0.5895,0.5949,0.57,0.5719,2232466.0
1727899200000,0.5719,0.5798,0.5689,0.5728,1134905.0
1727913600000,0.5728,0.5803,0.5693,0.5798,1540181.0
1727928000000,0.5798,0.5805,0.5692,0.5702,970085.0
1727942400000,0.5702,0.5736,0.558,0.5651,3980698.0
1727956800000,0.5651,0.5718,0.5582,0.5666,2369887.0
1727971200000,0.5666,0.5697,0.5591,0.5692,1350591.0
1727985600000,0.5692,0.5698,0.5633,0.5678,527972.0
1728000000000,0.5678,0.5742,0.5655,0.5721,693235.0
1728014400000,0.5721,0.5799,0.5721,0.579,1375273.0
1728028800000,0.579,0.5856,0.578,0.5832,1466914.0
1728043200000,0.5832,0.5907,0.5746,0.5894,2571687.0
1728057600000,0.5894,0.596,0.5872,0.5904,1582275.0
1728072000000,0.5904,0.5913,0.5862,0.5877,572854.0
1728086400000,0.5877,0.5927,0.5828,0.5848,894091.0
1728100800000,0.5848,0.5931,0.5842,0.5904,585519.0
1728115200000,0.5904,0.5942,0.5904,0.5931,381624.0
1728129600000,0.5931,0.5981,0.5911,0.5943,1811667.0
1728144000000,0.5943,0.5946,0.5835,0.5844,1146137.0
1728158400000,0.5844,0.5945,0.5824,0.594,1374617.0
1728172800000,0.594,0.5965,0.5908,0.591,810861.0
1728187200000,0.591,0.594,0.5894,0.5934,493346.0
1728201600000,0.5934,0.5974,0.5926,0.5952,1318991.0
1728216000000,0.5952,0.6032,0.5946,0.6012,1565912.0
1728230400000,0.6012,0.6039,0.5985,0.6003,705356.0
1728244800000,0.6003,0.6063,0.5969,0.606,1117112.0
1728259200000,0.606,0.6171,0.6037,0.6116,1680968.0
1728273600000,0.6116,0.6134,0.607,0.6077,1339400.0
1728288000000,0.6077,0.6116,0.5947,0.6054,1923484.0
1728302400000,0.6054,0.617,0.6015,0.6045,1663627.0
1728316800000,0.6045,0.6081,0.5929,0.6012,1273424.0
1728331200000,0.6012,0.6036,0.5876,0.5904,1829776.0
1728345600000,0.5904,0.5985,0.5903,0.5973,906382.0
1728360000000,0.5973,0.6002,0.5884,0.5909,1217343.0
1728374400000,0.5909,0.5989,0.5893,0.5982,1170208.0
1728388800000,0.5982,0.6021,0.5881,0.5925,2183037.0
1728403200000,0.5925,0.6019,0.59,0.5968,1801685.0
1728417600000,0.5968,0.606,0.5955,0.6043,1533069.0
1728432000000,0.6043,0.6104,0.6009,0.6042,1562667.0
1728446400000,0.6042,0.6099,0.6023,0.6031,964001.0
1728460800000,0.6031,0.6045,0.5983,0.6016,866064.0
1728475200000,0.6016,0.6054,0.5937,0.603,1534168.0
1728489600000,0.603,0.6039,0.5909,0.5931,942062.0
1728504000000,0.5931,0.5938,0.5787,0.5823,1693500.0
1728518400000,0.5823,0.5897,0.5805,0.5873,849176.0
1728532800000,0.5873,0.593,0.5871,0.5873,1010860.0
1728547200000,0.5873,0.5887,0.5792,0.5884,1231042.0
1728561600000,0.5884,0.5889,0.5779,0.5857,2286708.0
1728576000000,0.5857,0.5907,0.5739,0.5842,3185774.0
1728590400000,0.5842,0.5882,0.582,0.5882,880965.0
1728604800000,0.5882,0.5916,0.5853,0.5897,1083394.0
1728619200000,0.5897,0.591,0.5839,0.5872,1478094.0
1728633600000,0.5872,0.5932,0.5871,0.5917,867580.0
1728648000000,0.5917,0.6012,0.5906,0.5995,1459041.0
1728662400000,0.5995,0.6036,0.5956,0.601,1709561.0
1728676800000,0.601,0.6032,0.5952,0.5965,952376.0
1728691200000,0.5965,0.604,0.5954,0.6003,998391.0
1728705600000,0.6003,0.6074,0.6003,0.6044,1261970.0
1728720000000,0.6044,0.6092,0.6032,0.6056,546131.0
1728734400000,0.6056,0.6099,0.6044,0.6076,698956.0
1728748800000,0.6076,0.6099,0.6031,0.6046,536310.0
1728763200000,0.6046,0.6091,0.6036,0.6079,590199.0
1728777600000,0.6079,0.6098,0.6033,0.6042,1092443.0
1728792000000,0.6042,0.6084,0.6042,0.6062,523649.0
1728806400000,0.6062,0.6086,0.603,0.6033,751332.0
1728820800000,0.6033,0.607,0.5974,0.5985,926781.0
1728835200000,0.5985,0.606,0.5978,0.6004,931004.0
1728849600000,0.6004,0.6075,0.5994,0.6071,683729.0
1728864000000,0.6071,0.6185,0.5988,0.6167,1249809.0
1728878400000,0.6167,0.6216,0.6105,0.6197,1671363.0
1728892800000,0.6197,0.6252,0.616,0.623,1283061.0
1728907200000,0.623,0.6412,0.6221,0.6381,3809643.0
1728921600000,0.6381,0.6422,0.6337,0.6387,1639258.0
1728936000000,0.6387,0.6516,0.6361,0.6439,1678841.0
1728950400000,0.6439,0.6465,0.635,0.6353,1370033.0
1728964800000,0.6353,0.6361,0.6231,0.6316,1931722.0
1728979200000,0.6316,0.638,0.6183,0.6208,2299080.0
1728993600000,0.6208,0.639,0.6008,0.6108,5636811.0
1729008000000,0.6108,0.6186,0.6075,0.613,1325096.0
1729022400000,0.613,0.6244,0.6083,0.6239,1575160.0
1729036800000,0.6239,0.6296,0.619,0.623,1914158.0
1729051200000,0.623,0.6279,0.6193,0.622,1238103.0
1729065600000,0.622,0.6381,0.6211,0.6357,2745714.0
1729080000000,0.6357,0.6387,0.6253,0.63,2325623.0
1729094400000,0.63,0.6312,0.6203,0.6212,1251317.0
1729108800000,0.6212,0.6258,0.6203,0.6223,729877.0
1729123200000,0.6223,0.629,0.6216,0.6278,1210425.0
1729137600000,0.6278,0.629,0.6176,0.6209,2078038.0
1729152000000,0.6209,0.6244,0.61,0.6111,2310000.0
1729166400000,0.6111,0.6227,0.6079,0.6221,2056542.0
1729180800000,0.6221,0.6221,0.6056,0.6116,1801497.0
1729195200000,0.6116,0.6185,0.6115,0.6149,1052055.0
1729209600000,0.6149,0.6219,0.6092,0.6105,1628663.0
1729224000000,0.6105,0.6203,0.6105,0.6193,1110489.0
1729238400000,0.6193,0.6199,0.6107,0.6111,1076499.0
1729252800000,0.6111,0.6221,0.6085,0.6193,1901953.0
1729267200000,0.6193,0.622,0.6127,0.6167,1494325.0
1729281600000,0.6167,0.6171,0.613,0.6154,630607.0
1729296000000,0.6154,0.6218,0.6134,0.6166,846669.0
1729310400000,0.6166,0.6177,0.615,0.6159,557270.0
1729324800000,0.6159,0.6209,0.6125,0.6127,2421692.0
1729339200000,0.6127,0.6189,0.6121,0.6166,833897.0
1729353600000,0.6166,0.617,0.6115,0.6118,568488.0
1729368000000,0.6118,0.6167,0.6116,0.6152,1105316.0
1729382400000,0.6152,0.6168,0.6087,0.6096,1281213.0
1729396800000,0.6096,0.6156,0.6092,0.614,808523.0
1729411200000,0.614,0.6157,0.6128,0.615,1335320.0
1729425600000,0.615,0.6247,0.6123,0.621,3985660.0
1729440000000,0.621,0.6246,0.6189,0.6207,1488450.0
1729454400000,0.6207,0.6291,0.6201,0.6255,3156976.0
1729468800000,0.6255,0.6331,0.6235,0.6248,1927716.0
1729483200000,0.6248,0.6287,0.623,0.6232,1524219.0
1729497600000,0.6232,0.6246,0.6143,0.6166,2885258.0
1729512000000,0.6166,0.6182,0.5992,0.6071,5089370.0
1729526400000,0.6071,0.6114,0.602,0.6081,1786820.0
1729540800000,0.6081,0.6125,0.6042,0.6044,885565.0
1729555200000,0.6044,0.6068,0.5959,0.6066,1550744.0
1729569600000,0.6066,0.6113,0.6037,0.6058,710009.0
1729584000000,0.6058,0.608,0.5951,0.6064,2428011.0
1729598400000,0.6064,0.6118,0.5995,0.6086,2026152.0
1729612800000,0.6086,0.6113,0.6032,0.6084,1101486.0
1729627200000,0.6084,0.6122,0.6069,0.6078,605653.0
1729641600000,0.6078,0.6097,0.6017,0.6045,1571023.0
1729656000000,0.6045,0.6065,0.6011,0.602,795973.0
1729670400000,0.602,0.6022,0.5895,0.5931,2327707.0
1729684800000,0.5931,0.5949,0.5849,0.5892,2015346.0
1729699200000,0.5892,0.5901,0.5762,0.589,2325723.0
1729713600000,0.589,0.5936,0.5857,0.5922,803255.0
1729728000000,0.5922,0.604,0.5893,0.6003,1564248.0
1729742400000,0.6003,0.603,0.5939,0.5946,779055.0
1729756800000,0.5946,0.5981,0.5889,0.5959,1257403.0
1729771200000,0.5959,0.5988,0.5914,0.5951,1378245.0
1729785600000,0.5951,0.5997,0.5915,0.5978,992646.0
1729800000000,0.5978,0.6029,0.5961,0.5984,831296.0
1729814400000,0.5984,0.5995,0.5912,0.5946,584116.0
1729828800000,0.5946,0.5953,0.584,0.5883,1205093.0
1729843200000,0.5883,0.6005,0.586,0.5996,924454.0
1729857600000,0.5996,0.6078,0.594,0.5973,2161115.0
1729872000000,0.5973,0.6008,0.5817,0.5899,2502070.0
1729886400000,0.5899,0.5928,0.5622,0.5782,3591381.0
1729900800000,0.5782,0.5799,0.5715,0.5781,2490448.0
1729915200000,0.5781,0.5839,0.5777,0.5797,1381758.0
1729929600000,0.5797,0.583,0.5791,0.5822,1096296.0
1729944000000,0.5822,0.5837,0.5731,0.5772,1185193.0
1729958400000,0.5772,0.584,0.576,0.5836,720890.0
1729972800000,0.5836,0.5869,0.5811,0.5825,682337.0
1729987200000,0.5825,0.586,0.5803,0.5859,528418.0
1730001600000,0.5859,0.5861,0.5825,0.5835,347431.0
1730016000000,0.5835,0.5845,0.5794,0.5806,686943.0
1730030400000,0.5806,0.588,0.5806,0.5865,1023812.0
1730044800000,0.5865,0.5888,0.584,0.5856,507335.0
1730059200000,0.5856,0.5901,0.5837,0.5853,781903.0
1730073600000,0.5853,0.5862,0.5735,0.5747,1336858.0
1730088000000,0.5747,0.5822,0.5718,0.5773,1122178.0
1730102400000,0.5773,0.5856,0.5756,0.5813,1351514.0
1730116800000,0.5813,0.5823,0.5718,0.572,2384698.0
1730131200000,0.572,0.58,0.5683,0.5749,1843684.0
1730145600000,0.5749,0.589,0.5741,0.5854,1018140.0
1730160000000,0.5854,0.5991,0.584,0.5949,1389267.0
1730174400000,0.5949,0.5987,0.592,0.593,651493.0
1730188800000,0.593,0.6022,0.5926,0.6016,1691161.0
1730203200000,0.6016,0.6073,0.5974,0.6068,1939552.0
1730217600000,0.6068,0.6121,0.598,0.5988,2508360.0
1730232000000,0.5988,0.6052,0.5928,0.6025,1175293.0
1730246400000,0.6025,0.6037,0.5915,0.5993,1133025.0
1730260800000,0.5993,0.6067,0.5981,0.6025,839870.0
1730275200000,0.6025,0.6085,0.5969,0.5977,1454213.0
1730289600000,0.5977,0.6118,0.5956,0.6058,2407529.0
1730304000000,0.6058,0.6095,0.6022,0.6035,1086424.0
1730318400000,0.6035,0.61,0.5999,0.6056,1606925.0
1730332800000,0.6056,0.6079,0.5984,0.601,1666176.0
1730347200000,0.601,0.6037,0.5967,0.6011,1176720.0
1730361600000,0.6011,0.61,0.5967,0.6053,2497454.0
1730376000000,0.6053,0.606,0.592,0.5965,3967804.0
1730390400000,0.5965,0.5971,0.5908,0.5944,3363233.0
1730404800000,0.5944,0.6007,0.594,0.5975,1539726.0
1730419200000,0.5975,0.5999,0.5784,0.5854,4256989.0
1730433600000,0.5854,0.5878,0.5788,0.5826,1062486.0
1730448000000,0.5826,0.5843,0.5772,0.5802,1959343.0
1730462400000,0.5802,0.5923,0.5701,0.5741,3751594.0
1730476800000,0.5741,0.5809,0.5737,0.5779,1653560.0
1730491200000,0.5779,0.5807,0.572,0.5766,1239495.0
1730505600000,0.5766,0.5799,0.5758,0.5764,543098.0
1730520000000,0.5764,0.5809,0.5752,0.5804,963995.0
1730534400000,0.5804,0.5808,0.5743,0.5766,870472.0
1730548800000,0.5766,0.5776,0.5676,0.5699,2359540.0
1730563200000,0.5699,0.5735,0.5692,0.571,657417.0
1730577600000,0.571,0.5735,0.5699,0.5733,467977.0
1730592000000,0.5733,0.5736,0.5516,0.5589,4132493.0
1730606400000,0.5589,0.5659,0.5586,0.5635,788647.0
1730620800000,0.5635,0.5648,0.5581,0.5619,1500028.0
1730635200000,0.5619,0.5641,0.5456,0.5537,3299983.0
1730649600000,0.5537,0.5598,0.5467,0.5581,1156564.0
1730664000000,0.5581,0.5654,0.5569,0.5591,800726.0
1730678400000,0.5591,0.5681,0.5531,0.5634,897754.0
1730692800000,0.5634,0.5656,0.5568,0.5586,571458.0
1730707200000,0.5586,0.5663,0.557,0.5642,1129858.0
1730721600000,0.5642,0.5697,0.5583,0.5605,936174.0
1730736000000,0.5605,0.5611,0.5498,0.5546,1270223.0
1730750400000,0.5546,0.5546,0.5402,0.5506,2782273.0
1730764800000,0.5506,0.5549,0.5462,0.5549,665607.0
1730779200000,0.5549,0.5578,0.5532,0.5566,801528.0
1730793600000,0.5566,0.5598,0.5544,0.5584,933333.0
1730808000000,0.5584,0.5666,0.556,0.5595,1389103.0
1730822400000,0.5595,0.5672,0.5547,0.5559,1041270.0
1730836800000,0.5559,0.5646,0.555,0.5606,722728.0
1730851200000,0.5606,0.5935,0.5606,0.5829,3826867.0
1730865600000,0.5829,0.5919,0.5744,0.584,3445241.0
1730880000000,0.584,0.5888,0.574,0.5858,2256636.0
1730894400000,0.5858,0.5894,0.581,0.5859,1790391.0
1730908800000,0.5859,0.593,0.5855,0.5929,1556123.0
1730923200000,0.5929,0.6014,0.5893,0.6005,2981924.0
1730937600000,0.6005,0.6214,0.597,0.6164,3947912.0
1730952000000,0.6164,0.646,0.6045,0.634,9843967.0
1730966400000,0.634,0.6418,0.6222,0.6309,7453835.0
1730980800000,0.6309,0.6537,0.6249,0.6519,5973445.0
1730995200000,0.6519,0.6958,0.6484,0.6956,7923262.0
1731009600000,0.6956,0.72,0.6575,0.6686,9738466.0
1731024000000,0.6686,0.6804,0.6454,0.6521,4232191.0
1731038400000,0.6521,0.6637,0.6515,0.659,2245260.0
1731052800000,0.659,0.6591,0.6506,0.6555,1961408.0
1731067200000,0.6555,0.6662,0.652,0.6597,3341763.0
1731081600000,0.6597,0.6634,0.644,0.659,3491680.0
1731096000000,0.659,0.672,0.6484,0.6708,2405248.0
1731110400000,0.6708,0.7052,0.6657,0.6994,5097300.0
1731124800000,0.6994,0.7229,0.6945,0.7165,6600674.0
1731139200000,0.7165,0.9513,0.7128,0.8134,64209872.0
1731153600000,0.8134,0.85,0.7838,0.7861,21592071.0
1731168000000,0.7861,0.7975,0.7564,0.797,10599547.0
1731182400000,0.797,0.8144,0.792,0.8095,7049794.0
1731196800000,0.8095,0.8095,0.7805,0.7974,5948181.0
1731211200000,0.7974,0.8235,0.7907,0.8045,9505855.0
1731225600000,0.8045,0.8382,0.8045,0.8316,8742616.0
1731240000000,0.8316,0.8332,0.7633,0.8042,12427712.0
1731254400000,0.8042,0.8106,0.7818,0.7863,5757216.0
1731268800000,0.7863,0.7914,0.7477,0.7848,9173860.0
1731283200000,0.7848,0.7965,0.7736,0.7906,4302209.0
1731297600000,0.7906,0.7959,0.735,0.7651,7407040.0
1731312000000,0.7651,0.7824,0.7634,0.7753,3387617.0
1731326400000,0.7753,0.7864,0.7518,0.779,6519719.0
1731340800000,0.779,0.7996,0.7749,0.7835,5153529.0
1731355200000,0.7835,0.8094,0.7744,0.8079,5425718.0
1731369600000,0.8079,0.8096,0.7722,0.7891,5110922.0
1731384000000,0.7891,0.792,0.7709,0.7898,4012303.0
1731398400000,0.7898,0.8087,0.705,0.7476,16201900.0
1731412800000,0.7476,0.7537,0.7196,0.7347,7976997.0
1731427200000,0.7347,0.7453,0.7127,0.7394,4840951.0
1731441600000,0.7394,0.7479,0.7305,0.7346,3064634.0
1731456000000,0.7346,0.7405,0.7001,0.7013,5842992.0
1731470400000,0.7013,0.7068,0.6711,0.6958,8360809.0
1731484800000,0.6958,0.7017,0.6845,0.6899,2830238.0
1731499200000,0.6899,0.7412,0.6833,0.7398,7180926.0
1731513600000,0.7398,0.7441,0.6971,0.6983,4950773.0
1731528000000,0.6983,0.7096,0.6858,0.7072,3585876.0
1731542400000,0.7072,0.7444,0.7024,0.7443,5402336.0
1731556800000,0.7443,0.7999,0.7389,0.7709,9544362.0
1731571200000,0.7709,0.7737,0.7329,0.7427,5069200.0
1731585600000,0.7427,0.745,0.7015,0.7063,5219132.0
1731600000000,0.7063,0.7338,0.7022,0.7234,2829010.0
1731614400000,0.7234,0.7235,0.6922,0.6992,3761235.0
1731628800000,0.6992,0.7096,0.6896,0.7016,2968754.0
1731643200000,0.7016,0.7033,0.6817,0.6945,2602908.0
1731657600000,0.6945,0.7117,0.6874,0.7095,2561092.0
1731672000000,0.7095,0.7182,0.6814,0.6854,3253807.0
1731686400000,0.6854,0.7073,0.684,0.7042,2331415.0
1731700800000,0.7042,0.7503,0.704,0.7333,4454676.0
1731715200000,0.7333,0.7451,0.7233,0.7447,2598453.0
1731729600000,0.7447,0.7497,0.7268,0.7319,2597230.0
1731744000000,0.7319,0.746,0.7179,0.746,5347413.0
1731758400000,0.746,0.7506,0.7251,0.7317,5434243.0
1731772800000,0.7317,0.7537,0.7289,0.7478,3597048.0
1731787200000,0.7478,0.7566,0.7381,0.7558,3133690.0
1731801600000,0.7558,0.765,0.7121,0.7267,5049401.0
1731816000000,0.7267,0.7489,0.7256,0.745,2478243.0
1731830400000,0.745,0.748,0.7139,0.7181,5315363.0
1731844800000,0.7181,0.7291,0.7154,0.7192,3778226.0
1731859200000,0.7192,0.7258,0.7076,0.7129,2169423.0
1731873600000,0.7129,0.7172,0.7025,0.7129,1713566.0
1731888000000,0.7129,0.732,0.7111,0.7307,1959448.0
1731902400000,0.7307,0.7382,0.7237,0.731,1559787.0
1731916800000,0.731,0.7343,0.7115,0.7133,2177131.0
1731931200000,0.7133,0.7394,0.7096,0.7367,3373511.0
1731945600000,0.7367,0.739,0.714,0.7239,5128775.0
1731960000000,0.7239,0.7452,0.7214,0.745,2635918.0
1731974400000,0.745,0.7574,0.7376,0.739,2981053.0
1731988800000,0.739,0.7393,0.7242,0.7316,1773156.0
1732003200000,0.7316,0.7417,0.724,0.7398,3006397.0
1732017600000,0.7398,0.7525,0.7306,0.7468,4991971.0
1732032000000,0.7468,0.7505,0.7357,0.7447,3042172.0
1732046400000,0.7447,0.7497,0.725,0.7356,3233157.0
1732060800000,0.7356,0.739,0.7163,0.7235,2947526.0
1732075200000,0.7235,0.7349,0.7187,0.7322,1427562.0
1732089600000,0.7322,0.7397,0.7232,0.7308,2283684.0
1732104000000,0.7308,0.743,0.7212,0.7347,3636128.0
1732118400000,0.7347,0.7371,0.7032,0.7087,4830449.0
1732132800000,0.7087,0.726,0.7069,0.7211,1717587.0
1732147200000,0.7211,0.7302,0.7062,0.7212,2691393.0
1732161600000,0.7212,0.7396,0.7212,0.7334,3156458.0
1732176000000,0.7334,0.7976,0.7328,0.7896,17586894.0
1732190400000,0.7896,0.8124,0.7662,0.7791,17152113.0
1732204800000,0.7791,0.8054,0.779,0.7852,6949962.0
1732219200000,0.7852,0.7984,0.7841,0.7941,2320927.0
1732233600000,0.7941,0.817,0.78,0.8136,3714483.0
1732248000000,0.8136,0.85,0.8116,0.8301,7179643.0
1732262400000,0.8301,0.8577,0.8301,0.8503,9366585.0
1732276800000,0.8503,0.867,0.8131,0.8407,10576050.0
1732291200000,0.8407,0.8504,0.8338,0.8471,3013937.0
1732305600000,0.8471,0.866,0.845,0.8622,2734775.0
1732320000000,0.8622,0.865,0.8304,0.8484,5324082.0
1732334400000,0.8484,0.8484,0.8357,0.8435,2537534.0
1732348800000,0.8435,0.8584,0.8409,0.8459,2541401.0
1732363200000,0.8459,0.8864,0.8447,0.8733,5001627.0
1732377600000,0.8733,0.8874,0.8318,0.8818,10662860.0
1732392000000,0.8818,0.8851,0.8588,0.8671,4232377.0
1732406400000,0.8671,0.8921,0.8641,0.8916,3303857.0
1732420800000,0.8916,0.8944,0.8717,0.8828,3656819.0
1732435200000,0.8828,0.8829,0.8312,0.8316,7021716.0
1732449600000,0.8316,0.8373,0.7894,0.7936,11347695.0
1732464000000,0.7936,0.8334,0.791,0.8278,4186118.0
1732478400000,0.8278,0.8575,0.8261,0.8548,2477169.0
1732492800000,0.8548,0.8554,0.8236,0.8416,3300045.0
1732507200000,0.8416,0.8533,0.8407,0.8501,1545990.0
1732521600000,0.8501,0.8937,0.8495,0.8699,4145872.0
1732536000000,0.8699,0.8764,0.8164,0.8708,9895200.0
1732550400000,0.8708,0.8789,0.8407,0.8523,5383601.0
1732564800000,0.8523,0.8636,0.8259,0.8338,4819894.0
1732579200000,0.8338,0.8451,0.8258,0.8353,3851453.0
1732593600000,0.8353,0.8466,0.8273,0.8312,2241470.0
1732608000000,0.8312,0.8312,0.7671,0.7888,10409352.0
1732622400000,0.7888,0.8059,0.7778,0.7914,5180231.0
1732636800000,0.7914,0.808,0.7827,0.796,3297613.0
1732651200000,0.796,0.8153,0.7935,0.8119,2265479.0
1732665600000,0.8119,0.8212,0.8062,0.8175,2457759.0
1732680000000,0.8175,0.8857,0.8167,0.8653,9634241.0
1732694400000,0.8653,0.8693,0.8466,0.8535,6387033.0
1732708800000,0.8535,0.8652,0.8381,0.8614,6226335.0
1732723200000,0.8614,0.8711,0.8511,0.8661,2936125.0
1732737600000,0.8661,0.8806,0.8619,0.8789,4942327.0
1732752000000,0.8789,0.8905,0.8505,0.8591,7940065.0
1732766400000,0.8591,0.8738,0.8535,0.8661,4080933.0
1732780800000,0.8661,0.8828,0.8556,0.8674,6984509.0
1732795200000,0.8674,0.8765,0.8471,0.8489,4333813.0
1732809600000,0.8489,0.864,0.848,0.8629,1601276.0
1732824000000,0.8629,0.8716,0.8585,0.8695,1849250.0
1732838400000,0.8695,0.874,0.8587,0.8712,1761984.0
1732852800000,0.8712,0.8716,0.8538,0.8546,2930096.0
1732867200000,0.8546,0.8747,0.8546,0.8713,2136950.0
1732881600000,0.8713,0.8828,0.8664,0.8692,3416885.0
1732896000000,0.8692,0.8709,0.8549,0.8652,3343835.0
1732910400000,0.8652,0.879,0.8637,0.8769,1661883.0
1732924800000,0.8769,0.893,0.8666,0.892,3140530.0
1732939200000,0.892,0.9189,0.8912,0.9139,5940385.0
1732953600000,0.9139,0.9193,0.8921,0.9011,3803139.0
1732968000000,0.9011,0.9094,0.8989,0.9041,2144025.0
1732982400000,0.9041,0.913,0.8974,0.9101,2177047.0
1732996800000,0.9101,0.9103,0.8977,0.9052,2881725.0
1733011200000,0.9052,0.9198,0.8915,0.9196,5822582.0
1733025600000,0.9196,0.9478,0.9175,0.9443,7682898.0
1733040000000,0.9443,0.9688,0.931,0.9359,4995834.0
1733054400000,0.9359,0.9467,0.9269,0.9339,3710422.0
1733068800000,0.9339,0.9457,0.9322,0.9357,2588001.0
1733083200000,0.9357,0.9389,0.9193,0.9303,2486730.0
1733097600000,0.9303,0.9418,0.9053,0.9083,5018308.0
1733112000000,0.9083,0.9199,0.8953,0.908,6257963.0
1733126400000,0.908,0.9155,0.8601,0.8788,13692270.0
1733140800000,0.8788,0.9168,0.8741,0.9081,6338845.0
1733155200000,0.9081,0.9111,0.8663,0.8929,6294459.0
1733169600000,0.8929,0.9117,0.8902,0.9111,4549280.0
1733184000000,0.9111,0.9204,0.8903,0.9145,3343724.0
1733198400000,0.9145,0.9259,0.895,0.9013,5713647.0
1733212800000,0.9013,0.928,0.9009,0.9275,5256585.0
1733227200000,0.9275,0.9289,0.8229,0.8714,22447001.0
1733241600000,0.8714,0.8865,0.8633,0.8809,5107725.0
1733256000000,0.8809,0.9135,0.88,0.9093,5056597.0
1733270400000,0.9093,0.9685,0.9013,0.9594,11176268.0
1733284800000,0.9594,0.9955,0.9185,0.9841,12954278.0
1733299200000,0.9841,1.1629,0.9839,1.0912,44012222.0
1733313600000,1.0912,1.1238,1.0498,1.0956,14888414.0
1733328000000,1.0956,1.1221,1.0566,1.1058,16310350.0
1733342400000,1.1058,1.1198,1.045,1.0493,8560428.0
1733356800000,1.0493,1.0505,0.98,1.0078,16820873.0
1733371200000,1.0078,1.0379,0.9998,1.033,6285022.0
1733385600000,1.033,1.0752,1.033,1.0727,6353437.0
1733400000000,1.0727,1.1424,1.0705,1.0984,14233180.0
1733414400000,1.0984,1.1537,1.0984,1.1194,8171400.0
1733428800000,1.1194,1.1398,1.0813,1.1201,12569004.0
1733443200000,1.1201,1.2011,1.1136,1.1959,12254541.0
1733457600000,1.1959,1.2428,1.1761,1.1781,9934066.0
1733472000000,1.1781,1.1922,1.132,1.1391,7579068.0
1733486400000,1.1391,1.182,1.112,1.1646,8604579.0
1733500800000,1.1646,1.1874,1.1615,1.1703,4346468.0
1733515200000,1.1703,1.1724,1.1369,1.1478,3144112.0
1733529600000,1.1478,1.1515,1.1311,1.1388,2154539.0
1733544000000,1.1388,1.1486,1.1313,1.1394,2469634.0
1733558400000,1.1394,1.1899,1.1307,1.1827,4092915.0
1733572800000,1.1827,1.2045,1.1692,1.1774,4912650.0
1733587200000,1.1774,1.1798,1.1695,1.171,2021250.0
1733601600000,1.171,1.1724,1.1573,1.1614,1593979.0
1733616000000,1.1614,1.1642,1.154,1.1605,1175121.0
1733630400000,1.1605,1.2174,1.1581,1.1959,7912716.0
1733644800000,1.1959,1.2331,1.1826,1.2251,8002409.0
1733659200000,1.2251,1.35,1.2118,1.3256,24564553.0
1733673600000,1.3256,1.3325,1.2416,1.2553,10365602.0
1733688000000,1.2553,1.2727,1.2339,1.2695,4526290.0
1733702400000,1.2695,1.273,1.188,1.1996,5943377.0
1733716800000,1.1996,1.2123,1.1598,1.1977,7088614.0
1733731200000,1.1977,1.2072,1.1321,1.1348,7677970.0
1733745600000,1.1348,1.2052,1.1251,1.1651,9725060.0
1733760000000,1.1651,1.2222,1.1578,1.2117,5566538.0
1733774400000,1.2117,1.2142,0.965,1.1396,39544973.0
1733788800000,1.1396,1.1408,1.0301,1.0793,12052268.0
1733803200000,1.0793,1.2333,1.0642,1.1785,14912161.0
1733817600000,1.1785,1.1967,1.1524,1.1551,6034676.0
1733832000000,1.1551,1.2008,1.1244,1.1259,11974716.0
1733846400000,1.1259,1.22,1.1074,1.2104,13837495.0
1733860800000,1.2104,1.2315,1.1787,1.1807,7012801.0
1733875200000,1.1807,1.2147,1.1374,1.1716,10256008.0
1733889600000,1.1716,1.1815,1.1588,1.1595,2696666.0
1733904000000,1.1595,1.2162,1.1595,1.2138,3230064.0
1733918400000,1.2138,1.2696,1.2138,1.267,6932012.0
1733932800000,1.267,1.3183,1.264,1.3129,6203361.0
1733947200000,1.3129,1.38,1.3088,1.3599,6871802.0
1733961600000,1.3599,1.3837,1.2926,1.35,7848655.0
1733976000000,1.35,1.361,1.3093,1.3124,4534404.0
1733990400000,1.3124,1.3536,1.293,1.2977,5207834.0
1734004800000,1.2977,1.3225,1.2856,1.2995,5490564.0
1734019200000,1.2995,1.3082,1.2517,1.2565,4076324.0
1734033600000,1.2565,1.2819,1.2493,1.2716,3204174.0
1734048000000,1.2716,1.2826,1.2421,1.2756,2739871.0
1734062400000,1.2756,1.2762,1.2465,1.2504,1849017.0
1734076800000,1.2504,1.2777,1.2499,1.2633,2148719.0
1734091200000,1.2633,1.2739,1.2411,1.2436,2528147.0
1734105600000,1.2436,1.2735,1.242,1.2631,2338891.0
1734120000000,1.2631,1.27,1.2509,1.2604,977097.0
1734134400000,1.2604,1.3028,1.2512,1.2616,5673137.0
1734148800000,1.2616,1.2639,1.2369,1.2411,1760330.0
1734163200000,1.2411,1.2487,1.223,1.2282,2252077.0
1734177600000,1.2282,1.2287,1.1928,1.2201,3775789.0
1734192000000,1.2201,1.2345,1.208,1.2267,2968318.0
1734206400000,1.2267,1.2386,1.2128,1.2326,1217000.0
1734220800000,1.2326,1.2516,1.2176,1.2212,1996272.0
1734235200000,1.2212,1.2384,1.1973,1.2005,1764096.0
1734249600000,1.2005,1.2196,1.1977,1.2177,978927.0
1734264000000,1.2177,1.2446,1.2123,1.2376,1690782.0
1734278400000,1.2376,1.2452,1.2284,1.2314,1463193.0
1734292800000,1.2314,1.2495,1.2056,1.2462,2367135.0
1734307200000,1.2462,1.2647,1.2164,1.2234,3216613.0
1734321600000,1.2234,1.2336,1.2103,1.2158,2259696.0
1734336000000,1.2158,1.2162,1.1734,1.1782,3409418.0
1734350400000,1.1782,1.2076,1.1765,1.2023,2550487.0
1734364800000,1.2023,1.2365,1.1961,1.2353,2954812.0
1734379200000,1.2353,1.237,1.211,1.2111,1494431.0
1734393600000,1.2111,1.2322,1.195,1.2305,2878624.0
1734408000000,1.2305,1.2525,1.2231,1.2449,2838547.0
1734422400000,1.2449,1.2628,1.2358,1.2404,2666933.0
1734436800000,1.2404,1.2419,1.2039,1.2125,3132013.0
1734451200000,1.2125,1.2318,1.2056,1.2145,2059860.0
1734465600000,1.2145,1.2247,1.1766,1.1892,1732547.0
1734480000000,1.1892,1.19,1.1651,1.1687,2488409.0
1734494400000,1.1687,1.1687,1.1439,1.1656,3325329.0
1734508800000,1.1656,1.199,1.1627,1.1946,2372865.0
1734523200000,1.1946,1.1994,1.1678,1.177,2128632.0
1734537600000,1.177,1.1932,1.149,1.149,2657322.0
1734552000000,1.149,1.1529,1.0715,1.0962,10820580.0
1734566400000,1.0962,1.147,1.0608,1.1447,6865880.0
1734580800000,1.1447,1.178,1.1328,1.1763,2941141.0
1734595200000,1.1763,1.2594,1.167,1.2461,8720524.0
1734609600000,1.2461,1.2635,1.1841,1.1971,12416397.0
1734624000000,1.1971,1.2273,1.1231,1.1379,14826551.0
1734638400000,1.1379,1.1977,1.1078,1.1616,9908886.0
1734652800000,1.1616,1.1909,1.1394,1.1725,6563107.0
1734667200000,1.1725,1.1877,1.1312,1.1523,5670892.0
1734681600000,1.1523,1.1534,0.9956,1.0028,20101493.0
1734696000000,1.0028,1.2083,1.0012,1.1965,19843446.0
1734710400000,1.1965,1.25,1.1803,1.2481,5381214.0
1734724800000,1.2481,1.2769,1.2042,1.2758,5550722.0
1734739200000,1.2758,1.2984,1.2583,1.2755,4141326.0
1734753600000,1.2755,1.3257,1.2755,1.3019,4752253.0
1734768000000,1.3019,1.3026,1.1172,1.2156,19126763.0
1734782400000,1.2156,1.2169,1.1527,1.194,10533318.0
1734796800000,1.194,1.1954,1.1474,1.1676,6374622.0
1734811200000,1.1676,1.1794,1.1437,1.1584,3515810.0
1734825600000,1.1584,1.1974,1.1443,1.1565,3913376.0
1734840000000,1.1565,1.1591,1.1276,1.1424,2785696.0
1734854400000,1.1424,1.1912,1.1414,1.1861,3008287.0
1734868800000,1.1861,1.1912,1.1532,1.1623,4686291.0
1734883200000,1.1623,1.1827,1.1541,1.1594,2189665.0
1734897600000,1.1594,1.1805,1.1481,1.1646,2450452.0
1734912000000,1.1646,1.2035,1.1446,1.2008,3881937.0
1734926400000,1.2008,1.2077,1.1571,1.1741,2308459.0
1734940800000,1.1741,1.1939,1.1693,1.1869,2156546.0
1734955200000,1.1869,1.2017,1.1563,1.1586,3234467.0
1734969600000,1.1586,1.1845,1.1527,1.1799,2274291.0
1734984000000,1.1799,1.2319,1.1784,1.2096,2897063.0
1734998400000,1.2096,1.2113,1.18,1.2009,1942122.0
1735012800000,1.2009,1.208,1.1874,1.1909,1552847.0
1735027200000,1.1909,1.1992,1.1863,1.1977,1073148.0
1735041600000,1.1977,1.2461,1.1897,1.2441,4143593.0
1735056000000,1.2441,1.249,1.2236,1.2267,1798630.0
1735070400000,1.2267,1.2464,1.213,1.2435,1686717.0
1735084800000,1.2435,1.2446,1.218,1.2223,1263380.0
1735099200000,1.2223,1.2595,1.2183,1.2578,2067415.0
1735113600000,1.2578,1.2843,1.2438,1.2544,3741924.0
1735128000000,1.2544,1.264,1.2326,1.2378,2626363.0
1735142400000,1.2378,1.2485,1.2221,1.2458,1484626.0
1735156800000,1.2458,1.2484,1.2241,1.2374,1134566.0
1735171200000,1.2374,1.2434,1.214,1.2243,2102402.0
1735185600000,1.2243,1.2243,1.1919,1.1923,1857633.0
1735200000000,1.1923,1.1996,1.1693,1.197,3071909.0
1735214400000,1.197,1.197,1.1684,1.1844,1961130.0
1735228800000,1.1844,1.1936,1.1679,1.1778,1151430.0
1735243200000,1.1778,1.1841,1.164,1.1734,1135927.0
1735257600000,1.1734,1.2055,1.1692,1.1934,1775640.0
1735272000000,1.1934,1.1994,1.1672,1.1689,1624626.0
1735286400000,1.1689,1.2287,1.1684,1.2275,3506069.0
1735300800000,1.2275,1.2382,1.1833,1.1939,2801122.0
1735315200000,1.1939,1.2155,1.1794,1.2089,2524002.0
1735329600000,1.2089,1.2096,1.1829,1.1911,1181950.0
1735344000000,1.1911,1.1967,1.1837,1.1909,845945.0
1735358400000,1.1909,1.2063,1.187,1.1958,1084317.0
1735372800000,1.1958,1.2044,1.1903,1.1983,805123.0
1735387200000,1.1983,1.219,1.1983,1.205,2102655.0
1735401600000,1.205,1.221,1.2046,1.2102,1140869.0
1735416000000,1.2102,1.216,1.2022,1.2112,692613.0
1735430400000,1.2112,1.2122,1.1966,1.2032,990150.0
1735444800000,1.2032,1.2103,1.1975,1.209,612366.0
1735459200000,1.209,1.2234,1.2038,1.2182,978173.0
1735473600000,1.2182,1.2293,1.2055,1.2058,1998317.0
1735488000000,1.2058,1.208,1.194,1.1949,835465.0
1735502400000,1.1949,1.2045,1.185,1.1989,1338136.0
1735516800000,1.1989,1.2217,1.195,1.1969,2001700.0
1735531200000,1.1969,1.2041,1.1903,1.1976,771482.0
1735545600000,1.1976,1.2171,1.1976,1.2046,2206253.0
1735560000000,1.2046,1.2117,1.1729,1.1862,2498180.0
1735574400000,1.1862,1.216,1.1802,1.2121,1754013.0
1735588800000,1.2121,1.2232,1.1894,1.2089,2102497.0
1735603200000,1.2089,1.2208,1.1929,1.2067,2023722.0
1735617600000,1.2067,1.2312,1.2065,1.2295,1976996.0
1735632000000,1.2295,1.2693,1.2295,1.2584,3854826.0
1735646400000,1.2584,1.2764,1.2525,1.2648,3984562.0
1735660800000,1.2648,1.2688,1.2366,1.2547,1523576.0
1735675200000,1.2547,1.2595,1.2385,1.2508,993561.0
1735689600000,1.2508,1.268,1.2442,1.246,1809881.0
1735704000000,1.246,1.2605,1.2436,1.2592,687017.0
1735718400000,1.2592,1.2826,1.2449,1.2693,2412984.0
1735732800000,1.2693,1.3071,1.2693,1.2776,3891077.0
1735747200000,1.2776,1.2825,1.2585,1.2771,1719582.0
1735761600000,1.2771,1.2773,1.2527,1.2559,1391502.0
1735776000000,1.2559,1.2895,1.2488,1.2844,2078926.0
1735790400000,1.2844,1.3058,1.2844,1.2958,1659228.0
1735804800000,1.2958,1.3163,1.2907,1.3114,1782396.0
1735819200000,1.3114,1.37,1.3112,1.3417,7215240.0
1735833600000,1.3417,1.378,1.3256,1.3622,3514568.0
1735848000000,1.3622,1.3686,1.3364,1.3478,1783979.0
1735862400000,1.3478,1.3858,1.3459,1.3465,3917923.0
1735876800000,1.3465,1.3498,1.3182,1.3237,2400551.0
1735891200000,1.3237,1.3804,1.3218,1.3737,4417536.0
1735905600000,1.3737,1.3999,1.3589,1.3981,4027533.0
1735920000000,1.3981,1.4096,1.3875,1.3929,3236503.0
1735934400000,1.3929,1.395,1.3706,1.3764,2225582.0
1735948800000,1.3764,1.379,1.3567,1.3664,1743564.0
1735963200000,1.3664,1.3674,1.3551,1.3651,1490006.0
1735977600000,1.3651,1.3919,1.3462,1.3572,4177862.0
1735992000000,1.3572,1.379,1.349,1.3559,2171408.0
1736006400000,1.3559,1.3735,1.3491,1.3651,1170267.0
1736020800000,1.3651,1.3882,1.3651,1.3783,1191255.0
1736035200000,1.3783,1.412,1.3675,1.3716,3309410.0
1736049600000,1.3716,1.385,1.363,1.3665,1047522.0
1736064000000,1.3665,1.3764,1.3541,1.3733,1341471.0
1736078400000,1.3733,1.4033,1.3675,1.3989,2590881.0
1736092800000,1.3989,1.4046,1.3731,1.377,1437873.0
1736107200000,1.377,1.3973,1.3694,1.3928,905279.0
1736121600000,1.3928,1.41,1.3727,1.4053,2051506.0
1736136000000,1.4053,1.4259,1.3362,1.35,6124656.0
1736150400000,1.35,1.363,1.335,1.3575,3170526.0
1736164800000,1.3575,1.3771,1.3419,1.3731,5814353.0
1736179200000,1.3731,1.381,1.3382,1.3595,3088603.0
1736193600000,1.3595,1.364,1.3462,1.3534,1420347.0
1736208000000,1.3534,1.3575,1.34,1.3417,2028789.0
1736222400000,1.3417,1.3456,1.3044,1.3153,4299021.0
1736236800000,1.3153,1.3257,1.2893,1.2964,3208501.0
1736251200000,1.2964,1.3098,1.257,1.2825,9834967.0
1736265600000,1.2825,1.3015,1.2575,1.259,4799822.0
1736280000000,1.259,1.2775,1.256,1.2696,2274391.0
1736294400000,1.2696,1.2909,1.2369,1.247,4384725.0
1736308800000,1.247,1.2513,1.2061,1.2344,5223905.0
1736323200000,1.2344,1.2563,1.2176,1.227,4784047.0
1736337600000,1.227,1.2324,1.2056,1.2186,3626628.0
1736352000000,1.2186,1.2208,1.1727,1.1915,9035417.0
1736366400000,1.1915,1.2137,1.181,1.2114,2555255.0
1736380800000,1.2114,1.2187,1.1921,1.1925,1541396.0
1736395200000,1.1925,1.2017,1.1594,1.1618,2306774.0
1736409600000,1.1618,1.1817,1.154,1.1689,2604065.0
1736424000000,1.1689,1.1782,1.1263,1.1693,5907260.0
1736438400000,1.1693,1.1794,1.1346,1.1365,2879002.0
1736452800000,1.1365,1.1571,1.1255,1.146,2440422.0
1736467200000,1.146,1.169,1.143,1.1604,1222341.0
1736481600000,1.1604,1.1883,1.1574,1.1816,1756664.0
1736496000000,1.1816,1.1984,1.1795,1.1863,1947468.0
1736510400000,1.1863,1.2272,1.1562,1.1815,8641082.0
1736524800000,1.1815,1.2022,1.1709,1.1912,2263451.0
1736539200000,1.1912,1.1913,1.1758,1.1818,777636.0
1736553600000,1.1818,1.1832,1.1594,1.1618,1164315.0
1736568000000,1.1618,1.1757,1.1557,1.1613,903869.0
1736582400000,1.1613,1.1757,1.1515,1.1711,1240838.0
1736596800000,1.1711,1.1729,1.159,1.1606,613230.0
1736611200000,1.1606,1.1651,1.1534,1.1624,856896.0
1736625600000,1.1624,1.1788,1.1609,1.1644,1050252.0
1736640000000,1.1644,1.1665,1.1581,1.1636,316255.0
1736654400000,1.1636,1.1675,1.1532,1.1599,647308.0
1736668800000,1.1599,1.1638,1.1343,1.1492,2653716.0
1736683200000,1.1492,1.1633,1.145,1.1577,868602.0
1736697600000,1.1577,1.1599,1.1457,1.147,660327.0
1736712000000,1.147,1.1501,1.1252,1.139,1777279.0
1736726400000,1.139,1.1613,1.1202,1.1209,2752261.0
1736740800000,1.1209,1.1285,1.088,1.1002,2859207.0
1736755200000,1.1002,1.1013,1.0312,1.0313,4596709.0
1736769600000,1.0313,1.0783,1.0087,1.0687,9325166.0
1736784000000,1.0687,1.0758,1.0528,1.0716,2628030.0
1736798400000,1.0716,1.1024,1.0656,1.0971,1632306.0
1736812800000,1.0971,1.123,1.0936,1.1174,1623407.0
1736827200000,1.1174,1.1246,1.1001,1.101,1263694.0
1736841600000,1.101,1.1282,1.0987,1.111,2543753.0
1736856000000,1.111,1.1129,1.09,1.0948,3005825.0
1736870400000,1.0948,1.102,1.0845,1.0964,1425759.0
1736884800000,1.0964,1.116,1.0903,1.1048,1188761.0
1736899200000,1.1048,1.1111,1.0927,1.1074,1201486.0
1736913600000,1.1074,1.1107,1.0983,1.1054,875043.0
1736928000000,1.1054,1.1128,1.0703,1.0793,2580014.0
1736942400000,1.0793,1.1309,1.071,1.118,3818371.0
1736956800000,1.118,1.1446,1.118,1.1426,1493942.0
1736971200000,1.1426,1.152,1.1351,1.146,1331149.0
1736985600000,1.146,1.1494,1.1197,1.1249,1761986.0
1737000000000,1.1249,1.1481,1.1249,1.1399,1168450.0
1737014400000,1.1399,1.1411,1.1082,1.128,2708113.0
1737028800000,1.128,1.1453,1.0993,1.1257,5513209.0
1737043200000,1.1257,1.1403,1.1185,1.1396,1976929.0
1737057600000,1.1396,1.141,1.1079,1.1168,1570448.0
1737072000000,1.1168,1.1444,1.1168,1.1308,1808343.0
1737086400000,1.1308,1.1428,1.1273,1.1372,981662.0
1737100800000,1.1372,1.1575,1.136,1.1522,2488747.0
1737115200000,1.1522,1.153,1.1303,1.1358,3649403.0
1737129600000,1.1358,1.1399,1.1,1.116,4952773.0
1737144000000,1.116,1.1415,1.1144,1.131,2182199.0
1737158400000,1.131,1.137,1.0955,1.0991,2652235.0
1737172800000,1.0991,1.1028,1.0602,1.07,4804902.0
1737187200000,1.07,1.0718,1.0294,1.0486,8173400.0
1737201600000,1.0486,1.0538,1.0312,1.0365,2922914.0
1737216000000,1.0365,1.0485,1.0265,1.0469,2945297.0
1737230400000,1.0469,1.0659,1.035,1.063,1560111.0
1737244800000,1.063,1.0882,1.0578,1.0657,2513976.0
1737259200000,1.0657,1.0756,1.05,1.0559,3074630.0
1737273600000,1.0559,1.0615,0.9711,0.9797,10766353.0
1737288000000,0.9797,1.0476,0.9773,1.0346,6623495.0
1737302400000,1.0346,1.0498,1.0315,1.0401,1947611.0
1737316800000,1.0401,1.0459,0.9278,0.9568,15216685.0
1737331200000,0.9568,0.9785,0.9227,0.9767,6096340.0
1737345600000,0.9767,1.026,0.9641,1.0102,7659723.0
1737360000000,1.0102,1.0171,0.9666,0.981,3326523.0
1737374400000,0.981,0.9823,0.9415,0.9509,6463788.0
1737388800000,0.9509,1.0224,0.94,1.0139,12131839.0
1737403200000,1.0139,1.0391,1.0005,1.0345,3668648.0
1737417600000,1.0345,1.0615,1.0079,1.0562,4104375.0
1737432000000,1.0562,1.0604,1.0251,1.0545,3097655.0
1737446400000,1.0545,1.1065,1.0483,1.0855,7479410.0
1737460800000,1.0855,1.125,1.0825,1.1091,5669971.0
1737475200000,1.1091,1.1288,1.0909,1.096,4365309.0
1737489600000,1.096,1.1012,1.0785,1.0859,2030059.0
1737504000000,1.0859,1.1079,1.0832,1.1043,1905389.0
1737518400000,1.1043,1.1317,1.1043,1.1235,2689317.0
1737532800000,1.1235,1.1453,1.1145,1.1415,4000026.0
1737547200000,1.1415,1.1886,1.1414,1.1679,8767431.0
1737561600000,1.1679,1.173,1.1281,1.1327,3500368.0
1737576000000,1.1327,1.1391,1.0999,1.1024,2052941.0
1737590400000,1.1024,1.1032,1.0692,1.0811,2327443.0
1737604800000,1.0811,1.1245,1.0631,1.1225,3121435.0
1737619200000,1.1225,1.1786,1.1196,1.1548,10141179.0
1737633600000,1.1548,1.2018,1.1446,1.1916,11081985.0
1737648000000,1.1916,1.238,1.1914,1.2321,8464948.0
1737662400000,1.2321,1.2867,1.2,1.2323,16996740.0
1737676800000,1.2323,1.2344,1.1643,1.1917,9010296.0
1737691200000,1.1917,1.2676,1.1842,1.2317,4995315.0
1737705600000,1.2317,1.2428,1.1928,1.2103,5053285.0
1737720000000,1.2103,1.2237,1.1863,1.198,4458669.0
1737734400000,1.198,1.2146,1.1789,1.1837,2632450.0
1737748800000,1.1837,1.1885,1.168,1.1757,1764226.0
1737763200000,1.1757,1.2037,1.1603,1.1955,2419709.0
1737777600000,1.1955,1.2282,1.1771,1.1784,5197862.0
1737792000000,1.1784,1.2137,1.1762,1.1959,3338263.0
1737806400000,1.1959,1.2079,1.1873,1.2008,1457414.0
1737820800000,1.2008,1.2083,1.199,1.202,906495.0
1737835200000,1.202,1.2053,1.1895,1.1957,985945.0
1737849600000,1.1957,1.2089,1.1926,1.2036,989208.0
1737864000000,1.2036,1.213,1.1922,1.1954,1045557.0
1737878400000,1.1954,1.2008,1.1715,1.1812,1341127.0
1737892800000,1.1812,1.1883,1.1758,1.1793,673950.0
1737907200000,1.1793,1.1882,1.1745,1.1821,576429.0
1737921600000,1.1821,1.183,1.1505,1.1539,2004595.0
1737936000000,1.1539,1.155,1.1027,1.1166,4732793.0
1737950400000,1.1166,1.1169,1.0472,1.0751,5214803.0
1737964800000,1.0751,1.1198,1.0655,1.101,4165159.0
1737979200000,1.101,1.1351,1.0786,1.1216,3628706.0
1737993600000,1.1216,1.1249,1.0907,1.0931,2111080.0
1738008000000,1.0931,1.1333,1.0922,1.1234,1689188.0
1738022400000,1.1234,1.14,1.1108,1.137,1452906.0
1738036800000,1.137,1.1493,1.1222,1.1252,3131371.0
1738051200000,1.1252,1.1331,1.1091,1.1122,1511915.0
1738065600000,1.1122,1.1266,1.1022,1.1151,1742818.0
1738080000000,1.1151,1.1169,1.0911,1.0962,1302593.0
1738094400000,1.0962,1.0966,1.0633,1.0726,2093757.0
1738108800000,1.0726,1.0937,1.0722,1.0913,880110.0
1738123200000,1.0913,1.0995,1.0836,1.088,873146.0
1738137600000,1.088,1.0961,1.0722,1.0831,1539279.0
1738152000000,1.0831,1.0832,1.0618,1.0705,1151736.0
1738166400000,1.0705,1.1069,1.0477,1.0879,3796211.0
1738180800000,1.0879,1.1048,1.0731,1.0769,2210217.0
1738195200000,1.0769,1.112,1.071,1.1119,1145984.0
1738209600000,1.1119,1.1152,1.0917,1.099,1015805.0
1738224000000,1.099,1.1655,1.0962,1.1644,3575767.0
1738238400000,1.1644,1.198,1.1508,1.1918,7178788.0
1738252800000,1.1918,1.1938,1.1588,1.1807,2408645.0
1738267200000,1.1807,1.1815,1.1606,1.162,1993646.0
1738281600000,1.162,1.1879,1.1557,1.1683,1809161.0
1738296000000,1.1683,1.2271,1.1639,1.2068,4003520.0
1738310400000,1.2068,1.2107,1.1808,1.2061,2567516.0
1738324800000,1.2061,1.2082,1.1801,1.1996,2136254.0
1738339200000,1.1996,1.226,1.1895,1.2254,3356152.0
1738353600000,1.2254,1.2469,1.2084,1.2316,3802803.0
1738368000000,1.2316,1.2687,1.2265,1.2317,2661630.0
1738382400000,1.2317,1.2375,1.1963,1.2001,2236247.0
1738396800000,1.2001,1.2206,1.1779,1.2123,2938461.0
1738411200000,1.2123,1.2153,1.1788,1.1881,1963103.0
1738425600000,1.1881,1.1921,1.1649,1.1793,1727085.0
1738440000000,1.1793,1.1796,1.1371,1.1533,2660339.0
1738454400000,1.1533,1.1858,1.1284,1.1291,3114916.0
1738468800000,1.1291,1.1584,1.1246,1.1265,2046744.0
1738483200000,1.1265,1.1482,1.1136,1.1142,2101690.0
1738497600000,1.1142,1.139,1.1078,1.1168,1974304.0
1738512000000,1.1168,1.1183,1.0431,1.0815,5865771.0
1738526400000,1.0815,1.0931,1.003,1.0547,6026378.0
1738540800000,1.0547,1.0552,0.7938,0.9563,33526376.0
1738555200000,0.9563,1.0589,0.9158,1.0483,10168700.0
1738569600000,1.0483,1.0905,1.0128,1.0881,5915457.0
1738584000000,1.0881,1.1494,1.0418,1.1367,11641650.0
1738598400000,1.1367,1.33,1.1234,1.2318,22350005.0
1738612800000,1.2318,1.2446,1.181,1.2254,6200558.0
1738627200000,1.2254,1.2301,1.1785,1.1835,3157068.0
1738641600000,1.1835,1.193,1.0849,1.1001,9319202.0
1738656000000,1.1001,1.1652,1.088,1.1348,5866854.0
1738670400000,1.1348,1.1822,1.1239,1.1462,7227035.0
1738684800000,1.1462,1.1703,1.1255,1.1255,4099559.0
1738699200000,1.1255,1.16,1.0947,1.1404,5671001.0
1738713600000,1.1404,1.1513,1.1162,1.1249,1922720.0
1738728000000,1.1249,1.1421,1.106,1.124,2112494.0
1738742400000,1.124,1.1546,1.1205,1.1428,2245124.0
1738756800000,1.1428,1.1603,1.1341,1.1381,1799986.0
1738771200000,1.1381,1.1448,1.1129,1.1358,1904281.0
1738785600000,1.1358,1.1418,1.1183,1.1391,1310559.0
1738800000000,1.1391,1.1545,1.1357,1.1474,1495510.0
1738814400000,1.1474,1.1652,1.1456,1.1518,1154794.0
1738828800000,1.1518,1.1622,1.1201,1.1292,2794009.0
1738843200000,1.1292,1.1328,1.0882,1.0946,3459228.0
1738857600000,1.0946,1.1126,1.0875,1.0911,2056038.0
1738872000000,1.0911,1.1092,1.0821,1.0905,1374838.0
1738886400000,1.0905,1.1111,1.0819,1.0884,2129934.0
1738900800000,1.0884,1.1025,1.0687,1.086,2212246.0
1738915200000,1.086,1.0913,1.0708,1.09,2291715.0
1738929600000,1.09,1.127,1.0789,1.0845,4528908.0
1738944000000,1.0845,1.086,1.0528,1.0605,2428988.0
1738958400000,1.0605,1.0606,1.0277,1.054,2867277.0
1738972800000,1.054,1.0665,1.0496,1.0596,768691.0
1738987200000,1.0596,1.0676,1.0401,1.0609,1024586.0
1739001600000,1.0609,1.063,1.0483,1.0561,820204.0
1739016000000,1.0561,1.0616,1.029,1.0375,1307828.0
1739030400000,1.0375,1.053,1.0338,1.0488,1302350.0
1739044800000,1.0488,1.053,1.0417,1.047,690116.0
1739059200000,1.047,1.0728,1.0408,1.0689,1014364.0
1739073600000,1.0689,1.0708,1.0424,1.0475,1336047.0
1739088000000,1.0475,1.0568,1.0327,1.0341,2008730.0
1739102400000,1.0341,1.0429,1.014,1.0293,2280021.0
1739116800000,1.0293,1.0362,1.0084,1.0141,1144094.0
1739131200000,1.0141,1.0287,0.9825,1.0262,3540582.0
1739145600000,1.0262,1.035,0.9953,1.0184,2333393.0
1739160000000,1.0184,1.0318,1.0127,1.0291,913439.0
1739174400000,1.0291,1.0341,1.0187,1.0229,1212894.0
1739188800000,1.0229,1.0341,1.0123,1.0203,1558201.0
1739203200000,1.0203,1.0317,1.0177,1.0242,1206497.0
1739217600000,1.0242,1.0267,1.0157,1.0225,512373.0
1739232000000,1.0225,1.0407,1.0195,1.0407,1379213.0
1739246400000,1.0407,1.0695,1.0356,1.0579,2168276.0
1739260800000,1.0579,1.0685,1.042,1.0556,1942542.0
1739275200000,1.0556,1.0569,1.0226,1.0373,2938798.0
1739289600000,1.0373,1.041,1.0038,1.0094,2378043.0
1739304000000,1.0094,1.0266,1.0083,1.0153,1124004.0
1739318400000,1.0153,1.0273,1.011,1.0128,880636.0
1739332800000,1.0128,1.0226,1.009,1.0173,699424.0
1739347200000,1.0173,1.0271,1.0107,1.0159,1590533.0
1739361600000,1.0159,1.0285,0.9976,1.0252,4264649.0
1739376000000,1.0252,1.0563,1.0114,1.0401,2366657.0
1739390400000,1.0401,1.058,1.032,1.0505,1666773.0
1739404800000,1.0505,1.0623,1.0442,1.0594,976420.0
1739419200000,1.0594,1.0602,1.0299,1.0327,1421855.0
1739433600000,1.0327,1.0394,1.0208,1.0307,1427756.0
1739448000000,1.0307,1.0379,1.0098,1.0302,2197196.0
1739462400000,1.0302,1.0366,1.02,1.0244,1162729.0
1739476800000,1.0244,1.0377,1.0231,1.0334,652735.0
1739491200000,1.0334,1.0427,1.0317,1.0392,635212.0
1739505600000,1.0392,1.0402,1.0252,1.0288,683595.0
1739520000000,1.0288,1.0374,1.0233,1.0241,1256207.0
1739534400000,1.0241,1.039,1.02,1.0347,1606501.0
1739548800000,1.0347,1.0486,1.0272,1.0441,2481828.0
1739563200000,1.0441,1.0467,1.029,1.0384,1155278.0
1739577600000,1.0384,1.046,1.0318,1.0429,629815.0
1739592000000,1.0429,1.0507,1.0395,1.0463,843860.0
1739606400000,1.0463,1.0567,1.036,1.0398,1196810.0
1739620800000,1.0398,1.0421,1.0286,1.0306,772370.0
1739635200000,1.0306,1.0401,1.0291,1.0309,609696.0
1739649600000,1.0309,1.0356,1.0298,1.0315,608993.0
1739664000000,1.0315,1.0366,1.0266,1.0276,499881.0
1739678400000,1.0276,1.0352,1.0261,1.0275,622176.0
1739692800000,1.0275,1.0369,1.0246,1.0365,679060.0
1739707200000,1.0365,1.0383,1.0215,1.0253,976812.0
1739721600000,1.0253,1.0299,1.0195,1.0273,690565.0
1739736000000,1.0273,1.0316,1.0189,1.0214,1370256.0
1739750400000,1.0214,1.0274,1.017,1.0189,521810.0
1739764800000,1.0189,1.0237,1.016,1.0168,1449752.0
1739779200000,1.0168,1.0363,1.016,1.0318,1571698.0
1739793600000,1.0318,1.0462,1.0278,1.0358,2565866.0
1739808000000,1.0358,1.0493,1.0351,1.0489,1934677.0
1739822400000,1.0489,1.0686,1.0486,1.0686,1842062.0
1739836800000,1.0686,1.0852,1.0657,1.0852,1458691.0
1739851200000,1.0852,1.0945,1.0446,1.0681,3205944.0
1739865600000,1.0681,1.1048,1.06,1.0966,3665111.0
1739880000000,1.0966,1.1253,1.0966,1.1147,4584171.0
1739894400000,1.1147,1.1219,1.035,1.0453,5523880.0
1739908800000,1.0453,1.0595,1.0417,1.0451,2268789.0
1739923200000,1.0451,1.0492,1.0294,1.0342,1406428.0
1739937600000,1.0342,1.0468,1.0217,1.0449,1100926.0
1739952000000,1.0449,1.0553,1.0441,1.046,1179094.0
1739966400000,1.046,1.0488,1.0279,1.0311,1523238.0
1739980800000,1.0311,1.0396,1.0244,1.0291,1101460.0
1739995200000,1.0291,1.0329,1.023,1.0257,592090.0
1740009600000,1.0257,1.0389,1.0233,1.0377,704912.0
1740024000000,1.0377,1.0434,1.0251,1.028,1001417.0
1740038400000,1.028,1.0365,1.0243,1.0312,822215.0
1740052800000,1.0312,1.0366,1.0223,1.0236,1444822.0
1740067200000,1.0236,1.0374,1.0232,1.0367,879745.0
1740081600000,1.0367,1.0395,1.0241,1.0298,675950.0
1740096000000,1.0298,1.0437,1.0269,1.0385,671766.0
1740110400000,1.0385,1.0423,1.031,1.0337,558864.0
1740124800000,1.0337,1.0591,1.0309,1.0504,1831724.0
1740139200000,1.0504,1.0567,0.8895,0.9482,44987049.0
1740153600000,0.9482,0.9724,0.825,0.859,69266516.0
1740168000000,0.859,0.9306,0.8512,0.8967,17470120.0
1740182400000,0.8967,0.91,0.8727,0.8836,6816501.0
1740196800000,0.8836,0.9497,0.8708,0.926,11270592.0
1740211200000,0.926,0.9448,0.9112,0.93,5295955.0
1740225600000,0.93,0.938,0.9247,0.9347,3112849.0
1740240000000,0.9347,0.9377,0.9032,0.9072,4743621.0
1740254400000,0.9072,0.9083,0.891,0.9016,2939080.0
1740268800000,0.9016,0.9198,0.9,0.9014,2142883.0
1740283200000,0.9014,0.9255,0.9012,0.9234,1788427.0
1740297600000,0.9234,0.9244,0.9054,0.9163,1551602.0
1740312000000,0.9163,0.9255,0.9074,0.9109,2410377.0
1740326400000,0.9109,0.9157,0.9003,0.9083,1508912.0
1740340800000,0.9083,0.9155,0.902,0.9113,1321728.0
1740355200000,0.9113,0.9143,0.8802,0.8875,2489959.0
1740369600000,0.8875,0.9023,0.8827,0.896,2045695.0
1740384000000,0.896,0.8996,0.8553,0.8693,4161570.0
1740398400000,0.8693,0.8699,0.834,0.8413,4149372.0
1740412800000,0.8413,0.859,0.8353,0.8439,2194248.0
1740427200000,0.8439,0.8499,0.8001,0.808,6195076.0
1740441600000,0.808,0.8424,0.7966,0.813,4569754.0
1740456000000,0.813,0.8159,0.742,0.7762,8938672.0
1740470400000,0.7762,0.7924,0.7621,0.7858,4494921.0
1740484800000,0.7858,0.7971,0.7736,0.7943,3757326.0
1740499200000,0.7943,0.7996,0.7853,0.7957,2520747.0
1740513600000,0.7957,0.8112,0.7935,0.8024,2524497.0
1740528000000,0.8024,0.8088,0.7955,0.8019,1213168.0
1740542400000,0.8019,0.8075,0.792,0.7955,1046753.0
1740556800000,0.7955,0.8011,0.789,0.7933,1257026.0
1740571200000,0.7933,0.7979,0.7611,0.7683,7602845.0
1740585600000,0.7683,0.771,0.7349,0.7411,5199408.0
1740600000000,0.7411,0.7678,0.7329,0.7536,2669546.0
1740614400000,0.7536,0.7612,0.747,0.7601,1373061.0
1740628800000,0.7601,0.7649,0.7533,0.7614,1095579.0
1740643200000,0.7614,0.7651,0.752,0.7567,1890579.0
1740657600000,0.7567,0.7632,0.7472,0.7558,1954224.0
1740672000000,0.7558,0.7605,0.7493,0.7542,2459481.0
1740686400000,0.7542,0.7569,0.747,0.7565,1138522.0
1740700800000,0.7565,0.7583,0.7039,0.7162,6613193.0
1740715200000,0.7162,0.7235,0.6984,0.7013,5100308.0
1740729600000,0.7013,0.7068,0.6906,0.7029,3251066.0
1740744000000,0.7029,0.7322,0.6991,0.7274,4603945.0
1740758400000,0.7274,0.7336,0.7186,0.7222,2260734.0
1740772800000,0.7222,0.7234,0.7128,0.7141,1870419.0
1740787200000,0.7141,0.7369,0.7103,0.7332,2183513.0
1740801600000,0.7332,0.7411,0.7317,0.7342,2009426.0
1740816000000,0.7342,0.7649,0.7341,0.7463,5032985.0
1740830400000,0.7463,0.7466,0.7306,0.7374,1672417.0
1740844800000,0.7374,0.751,0.7341,0.7449,1547070.0
1740859200000,0.7449,0.7525,0.7384,0.7447,897984.0
1740873600000,0.7447,0.7462,0.737,0.7421,857677.0
1740888000000,0.7421,0.7446,0.7365,0.7396,798613.0
1740902400000,0.7396,0.7437,0.7282,0.737,1540426.0
1740916800000,0.737,0.7561,0.7336,0.7471,3216868.0
1740931200000,0.7471,0.7907,0.7462,0.7826,6280475.0
1740945600000,0.7826,0.7906,0.7808,0.7882,2085084.0
1740960000000,0.7882,0.7888,0.7634,0.766,2032485.0
1740974400000,0.766,0.7714,0.7576,0.7657,1558631.0
1740988800000,0.7657,0.7707,0.7542,0.7635,1634961.0
1741003200000,0.7635,0.7699,0.7433,0.7507,2135633.0
1741017600000,0.7507,0.755,0.725,0.7268,3250565.0
1741032000000,0.7268,0.7385,0.7225,0.7334,1598561.0
1741046400000,0.7334,0.7375,0.7024,0.7164,4315065.0
1741060800000,0.7164,0.7258,0.7135,0.7203,1464570.0
1741075200000,0.7203,0.725,0.7168,0.719,896694.0
1741089600000,0.719,0.7274,0.7051,0.7213,2953340.0
1741104000000,0.7213,0.7283,0.7026,0.7274,2309271.0
1741118400000,0.7274,0.7303,0.7164,0.724,1070623.0
1741132800000,0.724,0.7375,0.7214,0.7261,1577761.0
1741147200000,0.7261,0.7349,0.725,0.7335,826873.0
1741161600000,0.7335,0.7424,0.731,0.7345,1955833.0
1741176000000,0.7345,0.7423,0.7307,0.7356,1970981.0
1741190400000,0.7356,0.7449,0.731,0.7413,1108201.0
1741204800000,0.7413,0.747,0.7392,0.7452,917288.0
1741219200000,0.7452,0.7488,0.7408,0.7462,1086971.0
1741233600000,0.7462,0.7496,0.741,0.7424,1368926.0
1741248000000,0.7424,0.7463,0.7347,0.7449,1416372.0
1741262400000,0.7449,0.746,0.7329,0.7385,1127753.0
1741276800000,0.7385,0.7397,0.7224,0.7282,1440700.0
1741291200000,0.7282,0.7323,0.7224,0.7248,635416.0
1741305600000,0.7248,0.7324,0.7132,0.7206,2276538.0
1741320000000,0.7206,0.7312,0.7193,0.7258,713571.0
1741334400000,0.7258,0.7309,0.7213,0.7263,869147.0
1741348800000,0.7263,0.7275,0.71,0.7183,3452956.0
1741363200000,0.7183,0.7207,0.7055,0.7114,1928795.0
1741377600000,0.7114,0.7143,0.7037,0.7073,1167468.0
1741392000000,0.7073,0.7115,0.7035,0.7084,738496.0
1741406400000,0.7084,0.7119,0.7046,0.7086,710164.0
1741420800000,0.7086,0.7091,0.6981,0.6995,1020887.0
1741435200000,0.6995,0.7083,0.6964,0.7047,1120739.0
1741449600000,0.7047,0.7095,0.7013,0.7084,486675.0
1741464000000,0.7084,0.7095,0.7052,0.7085,428046.0
1741478400000,0.7085,0.7094,0.7011,0.704,451632.0
1741492800000,0.704,0.7056,0.6951,0.7008,938603.0
1741507200000,0.7008,0.7008,0.6916,0.6939,823345.0
1741521600000,0.6939,0.6944,0.6741,0.6778,2063493.0
1741536000000,0.6778,0.683,0.6663,0.6698,2503393.0
1741550400000,0.6698,0.6735,0.6583,0.6647,1400350.0
1741564800000,0.6647,0.6725,0.6581,0.6678,1079627.0
1741579200000,0.6678,0.6733,0.6659,0.6728,536891.0
1741593600000,0.6728,0.7149,0.6728,0.7125,6582465.0
1741608000000,0.7125,0.7194,0.6862,0.7067,6223112.0
1741622400000,0.7067,0.707,0.6695,0.6845,5260516.0
1741636800000,0.6845,0.6906,0.6799,0.6853,1376158.0
1741651200000,0.6853,0.6908,0.6664,0.6778,4253986.0
1741665600000,0.6778,0.6901,0.6756,0.6868,1964976.0
1741680000000,0.6868,0.7157,0.6865,0.7035,5165238.0
1741694400000,0.7035,0.7109,0.6916,0.7037,4647560.0
1741708800000,0.7037,0.7183,0.702,0.7159,1614564.0
1741723200000,0.7159,0.7215,0.7106,0.7139,1645455.0
1741737600000,0.7139,0.7219,0.71,0.7101,1334680.0
1741752000000,0.7101,0.7194,0.7063,0.7178,2322543.0
1741766400000,0.7178,0.7555,0.7178,0.7465,7872142.0
1741780800000,0.7465,0.7612,0.7319,0.7448,4256140.0
1741795200000,0.7448,0.7538,0.7422,0.746,1805430.0
1741809600000,0.746,0.7529,0.7417,0.7529,1249834.0
1741824000000,0.7529,0.7536,0.7439,0.7516,1223855.0
1741838400000,0.7516,0.7519,0.7408,0.7462,1188033.0
1741852800000,0.7462,0.7535,0.7419,0.7479,1709873.0
1741867200000,0.7479,0.7495,0.7327,0.7334,1815696.0
1741881600000,0.7334,0.7361,0.7205,0.7227,1750965.0
1741896000000,0.7227,0.73,0.7194,0.7274,703279.0
1741910400000,0.7274,0.7302,0.7199,0.7294,1023578.0
1741924800000,0.7294,0.7304,0.72,0.7257,897388.0
1741939200000,0.7257,0.7277,0.7212,0.7253,909664.0
1741953600000,0.7253,0.7375,0.724,0.731,1792219.0
1741968000000,0.731,0.738,0.7301,0.7365,958487.0
1741982400000,0.7365,0.7365,0.7308,0.733,489563.0
1741996800000,0.733,0.7367,0.7298,0.7341,764604.0
1742011200000,0.7341,0.7374,0.7326,0.7337,610025.0
1742025600000,0.7337,0.746,0.7321,0.7446,1238754.0
1742040000000,0.7446,0.7476,0.7409,0.7464,715457.0
1742054400000,0.7464,0.7539,0.7413,0.7504,1749312.0
1742068800000,0.7504,0.8116,0.7463,0.7993,14288897.0
1742083200000,0.7993,0.8024,0.7801,0.7941,3086735.0
1742097600000,0.7941,0.8061,0.7906,0.7923,2368375.0
1742112000000,0.7923,0.8039,0.7875,0.7913,2371111.0
1742126400000,0.7913,0.8225,0.7913,0.8152,5871049.0
1742140800000,0.8152,0.8282,0.8102,0.8118,4278957.0
1742155200000,0.8118,0.8249,0.8064,0.8136,2072802.0
1742169600000,0.8136,0.835,0.8122,0.8328,2034926.0
1742184000000,0.8328,0.8348,0.8149,0.825,2806704.0
1742198400000,0.825,0.8374,0.8243,0.8344,2329289.0
1742212800000,0.8344,0.8449,0.8262,0.8297,3842517.0
1742227200000,0.8297,0.8414,0.8192,0.8205,4688977.0
1742241600000,0.8205,0.8214,0.8128,0.8182,1485825.0
1742256000000,0.8182,0.8291,0.8058,0.8246,6216172.0
1742270400000,0.8246,0.8293,0.8161,0.827,2513567.0
1742284800000,0.827,0.8279,0.82,0.8209,1763143.0
1742299200000,0.8209,0.8221,0.8034,0.8079,2522610.0
1742313600000,0.8079,0.8133,0.8015,0.8029,1810734.0
1742328000000,0.8029,0.8127,0.7982,0.8112,1021968.0
1742342400000,0.8112,0.818,0.799,0.8017,1679595.0
1742356800000,0.8017,0.8111,0.797,0.8039,1999446.0
1742371200000,0.8039,0.8128,0.7995,0.8111,2369660.0
1742385600000,0.8111,0.8235,0.8043,0.8185,2193761.0
1742400000000,0.8185,0.8196,0.8052,0.8112,1828836.0
1742414400000,0.8112,0.821,0.8095,0.8209,902970.0
1742428800000,0.8209,0.8231,0.8101,0.8187,1188744.0
1742443200000,0.8187,0.8205,0.8118,0.8124,537992.0
1742457600000,0.8124,0.8147,0.799,0.8011,1594237.0
1742472000000,0.8011,0.8048,0.792,0.7924,2027355.0
1742486400000,0.7924,0.7998,0.7884,0.7964,1383890.0
1742500800000,0.7964,0.7972,0.7835,0.7916,1116264.0
1742515200000,0.7916,0.7968,0.7899,0.7948,771267.0
1742529600000,0.7948,0.7954,0.7874,0.7902,822837.0
1742544000000,0.7902,0.792,0.776,0.7771,1109694.0
1742558400000,0.7771,0.784,0.7732,0.7784,1167816.0
1742572800000,0.7784,0.7872,0.7765,0.7846,617107.0
1742587200000,0.7846,0.7854,0.779,0.7811,387891.0
1742601600000,0.7811,0.7903,0.7811,0.7888,736932.0
1742616000000,0.7888,0.7913,0.7853,0.7865,504096.0
1742630400000,0.7865,0.7888,0.7838,0.7853,461600.0
1742644800000,0.7853,0.79,0.7815,0.7841,938316.0
1742659200000,0.7841,0.79,0.7816,0.7826,500267.0
1742673600000,0.7826,0.7888,0.7762,0.7884,895034.0
1742688000000,0.7884,0.7904,0.785,0.7873,470014.0
1742702400000,0.7873,0.7893,0.7847,0.7849,352189.0
1742716800000,0.7849,0.7881,0.7812,0.7862,566274.0
1742731200000,0.7862,0.7896,0.7833,0.7875,415306.0
1742745600000,0.7875,0.79,0.786,0.7877,595925.0
1742760000000,0.7877,0.7918,0.7865,0.7912,369110.0
1742774400000,0.7912,0.8525,0.7904,0.8387,12873814.0
1742788800000,0.8387,0.8456,0.8361,0.8427,2759364.0
1742803200000,0.8427,0.884,0.8324,0.8445,14179967.0
1742817600000,0.8445,0.8479,0.8384,0.8464,1951137.0
1742832000000,0.8464,0.85,0.8208,0.8383,4481937.0
1742846400000,0.8383,0.8427,0.8345,0.8421,1916606.0
1742860800000,0.8421,0.8442,0.834,0.8371,1283980.0
1742875200000,0.8371,0.8422,0.8349,0.8369,952501.0
1742889600000,0.8369,0.8442,0.8363,0.8415,2160969.0
1742904000000,0.8415,0.8452,0.8376,0.8431,1440007.0
1742918400000,0.8431,0.8462,0.8384,0.8426,1554004.0
1742932800000,0.8426,0.8466,0.84,0.8438,1181826.0
1742947200000,0.8438,0.8482,0.8426,0.8443,1394316.0
1742961600000,0.8443,0.8467,0.8417,0.8442,891282.0
1742976000000,0.8442,0.8532,0.8434,0.8447,1475760.0
1742990400000,0.8447,0.85,0.8343,0.8455,2922914.0
1743004800000,0.8455,0.8476,0.8379,0.8441,1181945.0
1743019200000,0.8441,0.8459,0.8389,0.8415,684062.0
1743033600000,0.8415,0.8477,0.8413,0.8459,408131.0
1743048000000,0.8459,0.848,0.8423,0.8474,820107.0
1743062400000,0.8474,0.8484,0.8411,0.8437,1022970.0
1743076800000,0.8437,0.8474,0.8396,0.84,1189584.0
1743091200000,0.84,0.8447,0.8391,0.8426,385678.0
1743105600000,0.8426,0.8445,0.8372,0.8399,644734.0
1743120000000,0.8399,0.8456,0.8357,0.8414,909667.0
1743134400000,0.8414,0.845,0.8211,0.8324,2097236.0
1743148800000,0.8324,0.8404,0.82,0.8221,1625101.0
1743163200000,0.8221,0.8239,0.8132,0.8139,1279605.0
1743177600000,0.8139,0.8257,0.8128,0.82,1001508.0
1743192000000,0.82,0.8333,0.8184,0.8332,825339.0
1743206400000,0.8332,0.836,0.8266,0.832,502784.0
1743220800000,0.832,0.8322,0.818,0.8194,712472.0
1743235200000,0.8194,0.8214,0.8029,0.8047,2320425.0
1743249600000,0.8047,0.8094,0.8032,0.8045,726407.0
1743264000000,0.8045,0.8051,0.7973,0.8042,713707.0
1743278400000,0.8042,0.8073,0.8024,0.8061,300849.0
1743292800000,0.8061,0.8147,0.7963,0.8095,1018579.0
1743307200000,0.8095,0.8169,0.8054,0.8058,1067957.0
1743321600000,0.8058,0.813,0.8053,0.8088,694093.0
1743336000000,0.8088,0.8098,0.798,0.7997,554651.0
1743350400000,0.7997,0.8016,0.7886,0.7927,863810.0
1743364800000,0.7927,0.7965,0.788,0.7925,465304.0
1743379200000,0.7925,0.7929,0.7727,0.7739,953153.0
1743393600000,0.7739,0.785,0.7712,0.7823,801008.0
1743408000000,0.7823,0.7845,0.7653,0.7824,2114770.0
1743422400000,0.7824,0.7968,0.7808,0.791,1884466.0
1743436800000,0.791,0.7996,0.788,0.7882,734702.0
1743451200000,0.7882,0.7945,0.783,0.7919,2518105.0
1743465600000,0.7919,0.7944,0.7801,0.7806,728328.0
1743480000000,0.7806,0.7977,0.7787,0.7938,833224.0
1743494400000,0.7938,0.8092,0.7856,0.7879,1684780.0
1743508800000,0.7879,0.8014,0.7768,0.7956,2187462.0
1743523200000,0.7956,0.7976,0.7895,0.7914,988693.0
1743537600000,0.7914,0.8037,0.7897,0.8001,965750.0
1743552000000,0.8001,0.8001,0.7801,0.7899,1471943.0
1743566400000,0.7899,0.7913,0.7801,0.787,1276455.0
1743580800000,0.787,0.7894,0.7826,0.7853,723544.0
1743595200000,0.7853,0.8074,0.7847,0.7949,2402399.0
1743609600000,0.7949,0.8049,0.7946,0.8011,849316.0
1743624000000,0.8011,0.8072,0.7684,0.7753,3730402.0
1743638400000,0.7753,0.7838,0.7732,0.7779,557297.0
1743652800000,0.7779,0.7817,0.7627,0.7663,609917.0
1743667200000,0.7663,0.768,0.75,0.7506,1580139.0
1743681600000,0.7506,0.7518,0.7328,0.742,2339753.0
1743696000000,0.742,0.749,0.7384,0.7417,1626740.0
1743710400000,0.7417,0.7508,0.7401,0.7486,643463.0
1743724800000,0.7486,0.7505,0.7414,0.7425,459608.0
1743739200000,0.7425,0.7492,0.7404,0.7477,323099.0
1743753600000,0.7477,0.754,0.7295,0.7344,1597782.0
1743768000000,0.7344,0.7419,0.726,0.728,1580400.0
1743782400000,0.728,0.74,0.7258,0.7374,1236416.0
1743796800000,0.7374,0.742,0.7344,0.7392,1184595.0
1743811200000,0.7392,0.7411,0.7295,0.7321,566395.0
1743825600000,0.7321,0.7399,0.7321,0.7375,306196.0
1743840000000,0.7375,0.7447,0.7328,0.7342,773995.0
1743854400000,0.7342,0.738,0.7309,0.7336,558486.0
1743868800000,0.7336,0.7411,0.7328,0.7363,283943.0
1743883200000,0.7363,0.7412,0.7319,0.7395,477121.0
1743897600000,0.7395,0.7423,0.7353,0.7374,369548.0
1743912000000,0.7374,0.7413,0.7349,0.7356,364073.0
1743926400000,0.7356,0.741,0.7346,0.7369,760583.0
1743940800000,0.7369,0.7375,0.7263,0.7283,1317714.0
1743955200000,0.7283,0.7296,0.7137,0.7182,3060889.0
1743969600000,0.7182,0.7187,0.698,0.7054,2498703.0
1743984000000,0.7054,0.7054,0.68,0.6868,2333809.0
1743998400000,0.6868,0.6939,0.6584,0.6715,4520310.0
1744012800000,0.6715,0.6784,0.667,0.6748,2166908.0
1744027200000,0.6748,0.7056,0.6708,0.6907,5530189.0
1744041600000,0.6907,0.6929,0.685,0.6862,1279310.0
1744056000000,0.6862,0.703,0.686,0.6929,1762262.0
1744070400000,0.6929,0.7026,0.6923,0.6951,1136694.0
1744084800000,0.6951,0.6994,0.6883,0.6954,1139706.0
1744099200000,0.6954,0.7063,0.6915,0.7032,1363293.0
1744113600000,0.7032,0.7062,0.6852,0.6873,1597243.0
1744128000000,0.6873,0.6873,0.6663,0.669,2309757.0
1744142400000,0.669,0.6758,0.666,0.6729,910817.0
1744156800000,0.6729,0.674,0.6477,0.6488,4195616.0
1744171200000,0.6488,0.6674,0.6484,0.6655,2102370.0
1744185600000,0.6655,0.6702,0.656,0.6592,1539007.0
1744200000000,0.6592,0.669,0.6545,0.6667,1524362.0
1744214400000,0.6667,0.7044,0.6632,0.7037,4793836.0
1744228800000,0.7037,0.7135,0.7016,0.7134,1775595.0
1744243200000,0.7134,0.7134,0.6869,0.6919,2446767.0
1744257600000,0.6919,0.7025,0.6873,0.6913,1353523.0
1744272000000,0.6913,0.6946,0.6826,0.6877,859074.0
1744286400000,0.6877,0.6958,0.6724,0.6771,3099852.0
1744300800000,0.6771,0.6831,0.6743,0.6803,939245.0
1744315200000,0.6803,0.6834,0.676,0.6807,484007.0
1744329600000,0.6807,0.6957,0.6751,0.6947,1595913.0
1744344000000,0.6947,0.6979,0.6875,0.6955,720149.0
1744358400000,0.6955,0.6995,0.6872,0.6896,1230880.0
1744372800000,0.6896,0.6963,0.6831,0.6935,1092241.0
1744387200000,0.6935,0.7196,0.6901,0.7012,1940397.0
1744401600000,0.7012,0.7057,0.6961,0.6998,506596.0
1744416000000,0.6998,0.7067,0.6964,0.7056,630561.0
1744430400000,0.7056,0.71,0.701,0.7069,562363.0
1744444800000,0.7069,0.7134,0.7053,0.7106,1042414.0
1744459200000,0.7106,0.7194,0.7061,0.7178,1340534.0
1744473600000,0.7178,0.72,0.712,0.7146,772012.0
1744488000000,0.7146,0.7172,0.7015,0.7057,1394628.0
1744502400000,0.7057,0.7119,0.7035,0.709,711341.0
1744516800000,0.709,0.7122,0.7012,0.7078,1330673.0
1744531200000,0.7078,0.7117,0.7026,0.7044,757999.0
1744545600000,0.7044,0.7062,0.6921,0.6945,1052594.0
1744560000000,0.6945,0.7054,0.6911,0.693,1037945.0
1744574400000,0.693,0.6984,0.6868,0.6949,1109904.0
1744588800000,0.6949,0.7027,0.6929,0.6935,1124914.0
1744603200000,0.6935,0.7009,0.6872,0.6947,790121.0
1744617600000,0.6947,0.6999,0.6893,0.6943,944659.0
1744632000000,0.6943,0.7,0.6855,0.6885,1744089.0
1744646400000,0.6885,0.699,0.6876,0.6931,593943.0
1744660800000,0.6931,0.6958,0.6915,0.6931,250614.0
1744675200000,0.6931,0.6984,0.6906,0.6977,479172.0
1744689600000,0.6977,0.7005,0.6925,0.6962,734421.0
1744704000000,0.6962,0.6995,0.6888,0.6975,1442997.0
1744718400000,0.6975,0.7065,0.6906,0.7027,4144468.0
1744732800000,0.7027,0.7092,0.6952,0.699,2475060.0
1744747200000,0.699,0.7055,0.694,0.6996,873689.0
1744761600000,0.6996,0.7066,0.6949,0.7033,824079.0
1744776000000,0.7033,0.7046,0.6942,0.7005,2113124.0
1744790400000,0.7005,0.7049,0.6921,0.6995,1259630.0
1744804800000,0.6995,0.7008,0.6859,0.6944,3881414.0
1744819200000,0.6944,0.7028,0.6891,0.7019,998143.0
1744833600000,0.7019,0.7046,0.6976,0.6981,491090.0
1744848000000,0.6981,0.6997,0.695,0.699,319311.0
1744862400000,0.699,0.702,0.6961,0.7008,1250424.0
1744876800000,0.7008,0.7034,0.6987,0.7006,771623.0
1744891200000,0.7006,0.7047,0.6973,0.7036,551897.0
1744905600000,0.7036,0.7036,0.6927,0.6939,992716.0
1744920000000,0.6939,0.6947,0.6727,0.6785,3780514.0
1744934400000,0.6785,0.6797,0.6641,0.6654,2893019.0
1744948800000,0.6654,0.6697,0.6596,0.6612,1981929.0
1744963200000,0.6612,0.664,0.6578,0.6611,1299094.0
1744977600000,0.6611,0.669,0.6586,0.6642,2003739.0
1744992000000,0.6642,0.6654,0.654,0.6546,1578359.0
1745006400000,0.6546,0.6603,0.6512,0.6563,1807182.0
1745020800000,0.6563,0.6615,0.6556,0.6567,1357326.0
1745035200000,0.6567,0.659,0.6535,0.6565,1146401.0
1745049600000,0.6565,0.6686,0.654,0.661,2201580.0
1745064000000,0.661,0.668,0.659,0.6628,1007601.0
1745078400000,0.6628,0.6665,0.6603,0.6635,1390204.0
1745092800000,0.6635,0.6659,0.6607,0.6627,553988.0
1745107200000,0.6627,0.6714,0.6619,0.6708,968344.0
1745121600000,0.6708,0.6724,0.6612,0.6624,1141361.0
1745136000000,0.6624,0.6648,0.6531,0.6543,1844210.0
1745150400000,0.6543,0.662,0.6537,0.6581,900607.0
1745164800000,0.6581,0.662,0.6575,0.6615,378545.0
1745179200000,0.6615,0.6636,0.6572,0.6579,677528.0
1745193600000,0.6579,0.6669,0.6576,0.6652,860855.0
1745208000000,0.6652,0.6693,0.6631,0.6647,944757.0
1745222400000,0.6647,0.6702,0.6637,0.6661,1313280.0
1745236800000,0.6661,0.6672,0.6562,0.6631,1866179.0
1745251200000,0.6631,0.6685,0.6564,0.6671,1190249.0
1745265600000,0.6671,0.6696,0.6607,0.6655,669284.0
1745280000000,0.6655,0.6667,0.6568,0.6614,1096396.0
1745294400000,0.6614,0.6647,0.6567,0.6611,741763.0
1745308800000,0.6611,0.6886,0.655,0.6807,4511073.0
1745323200000,0.6807,0.689,0.679,0.6879,2204334.0
1745337600000,0.6879,0.6914,0.6847,0.6905,1602459.0
1745352000000,0.6905,0.7,0.6873,0.6951,2636843.0
1745366400000,0.6951,0.7021,0.6918,0.701,2340177.0
1745380800000,0.701,0.716,0.7,0.7083,2109084.0
1745395200000,0.7083,0.7139,0.7034,0.706,1381595.0
1745409600000,0.706,0.7173,0.6985,0.7048,3475815.0
1745424000000,0.7048,0.7052,0.6985,0.6996,1026884.0
1745438400000,0.6996,0.7066,0.6986,0.7025,612945.0
1745452800000,0.7025,0.706,0.6873,0.6889,2331064.0
1745467200000,0.6889,0.6959,0.6868,0.6883,709426.0
1745481600000,0.6883,0.7046,0.68,0.7038,3306376.0
1745496000000,0.7038,0.7201,0.6935,0.7029,5048199.0
1745510400000,0.7029,0.7092,0.6978,0.7078,1666194.0
1745524800000,0.7078,0.7791,0.7077,0.7298,16134087.0
1745539200000,0.7298,0.743,0.7298,0.7369,2025987.0
1745553600000,0.7369,0.7396,0.7276,0.7362,2282266.0
1745568000000,0.7362,0.7702,0.7358,0.7551,4602133.0
1745582400000,0.7551,0.756,0.7401,0.7411,3249013.0
1745596800000,0.7411,0.7473,0.7363,0.7442,1720132.0
1745611200000,0.7442,0.75,0.738,0.7406,962213.0
1745625600000,0.7406,0.7494,0.7406,0.7457,1395254.0
1745640000000,0.7457,0.7511,0.7401,0.7461,1433621.0
1745654400000,0.7461,0.7539,0.7383,0.7415,2366098.0
1745668800000,0.7415,0.745,0.7334,0.7422,1156059.0
1745683200000,0.7422,0.7426,0.7385,0.741,542559.0
1745697600000,0.741,0.7425,0.7363,0.7413,587667.0
1745712000000,0.7413,0.7447,0.7289,0.7335,1847911.0
1745726400000,0.7335,0.737,0.7245,0.7291,1570866.0
1745740800000,0.7291,0.732,0.724,0.7242,663326.0
1745755200000,0.7242,0.7291,0.7221,0.7276,588172.0
1745769600000,0.7276,0.7326,0.7272,0.7293,607955.0
1745784000000,0.7293,0.7304,0.7218,0.7232,933901.0
1745798400000,0.7232,0.7276,0.72,0.7275,698902.0
1745812800000,0.7275,0.736,0.7256,0.7328,1174954.0
1745827200000,0.7328,0.7443,0.7327,0.7426,1790913.0
1745841600000,0.7426,0.7426,0.7252,0.7284,1922048.0
1745856000000,0.7284,0.7355,0.7241,0.7334,1071097.0
1745870400000,0.7334,0.7346,0.7283,0.7344,341723.0
1745884800000,0.7344,0.7391,0.7328,0.7358,536336.0
1745899200000,0.7358,0.7387,0.7325,0.7361,399599.0
1745913600000,0.7361,0.7415,0.7308,0.7351,704013.0
1745928000000,0.7351,0.7385,0.7275,0.7384,616990.0
1745942400000,0.7384,0.7407,0.7308,0.7312,609740.0
1745956800000,0.7312,0.7359,0.7265,0.7299,776035.0
1745971200000,0.7299,0.7386,0.7291,0.7367,766786.0
1745985600000,0.7367,0.7392,0.7312,0.732,549042.0
1746000000000,0.732,0.7598,0.7318,0.7465,4960038.0
1746014400000,0.7465,0.7471,0.7206,0.7282,4528362.0
1746028800000,0.7282,0.7478,0.7135,0.7325,5116970.0
1746043200000,0.7325,0.7417,0.7322,0.7406,627050.0
1746057600000,0.7406,0.7453,0.7377,0.7449,872950.0
1746072000000,0.7449,0.7453,0.7334,0.7388,1294374.0
1746086400000,0.7388,0.7451,0.7364,0.7422,1368597.0
1746100800000,0.7422,0.7481,0.7333,0.7453,3188459.0
1746115200000,0.7453,0.749,0.739,0.7399,1145166.0
1746129600000,0.7399,0.7403,0.7314,0.7357,1044242.0
1746144000000,0.7357,0.7423,0.7356,0.7412,960005.0
1746158400000,0.7412,0.7422,0.7314,0.732,1339393.0
1746172800000,0.732,0.7382,0.7319,0.7354,762700.0
1746187200000,0.7354,0.74,0.735,0.7367,576557.0
1746201600000,0.7367,0.739,0.7322,0.7332,630967.0
1746216000000,0.7332,0.7368,0.731,0.7357,314376.0
1746230400000,0.7357,0.7373,0.733,0.7355,405383.0
1746244800000,0.7355,0.7392,0.7332,0.7382,659552.0
1746259200000,0.7382,0.7429,0.7318,0.734,1192304.0
1746273600000,0.734,0.7386,0.732,0.7331,818579.0
1746288000000,0.7331,0.7364,0.7278,0.7294,985765.0
1746302400000,0.7294,0.7325,0.7266,0.7285,597759.0
1746316800000,0.7285,0.7323,0.7268,0.73,610139.0
1746331200000,0.73,0.7338,0.7289,0.7337,625304.0
1746345600000,0.7337,0.7359,0.7288,0.7296,585398.0
1746360000000,0.7296,0.734,0.7276,0.7276,708142.0
1746374400000,0.7276,0.7279,0.7206,0.7232,890790.0
1746388800000,0.7232,0.727,0.7181,0.7194,456450.0
1746403200000,0.7194,0.7209,0.7131,0.7144,834570.0
1746417600000,0.7144,0.7217,0.7141,0.7162,771342.0
1746432000000,0.7162,0.7226,0.7095,0.7109,1414241.0
1746446400000,0.7109,0.7135,0.71,0.7124,650750.0
1746460800000,0.7124,0.7163,0.7114,0.7114,527322.0
1746475200000,0.7114,0.7179,0.7098,0.7161,859686.0
1746489600000,0.7161,0.7176,0.7106,0.7137,420393.0
1746504000000,0.7137,0.7161,0.7105,0.7121,647273.0
1746518400000,0.7121,0.7139,0.7034,0.707,1133194.0
1746532800000,0.707,0.7078,0.7037,0.7043,469755.0
1746547200000,0.7043,0.7109,0.7033,0.7091,454663.0
1746561600000,0.7091,0.7111,0.6983,0.7111,1186456.0
1746576000000,0.7111,0.7136,0.7082,0.7107,797366.0
1746590400000,0.7107,0.7126,0.7085,0.7126,355267.0
1746604800000,0.7126,0.7158,0.7096,0.7122,632246.0
1746619200000,0.7122,0.7126,0.7039,0.7059,985506.0
1746633600000,0.7059,0.7086,0.7039,0.7069,433575.0
1746648000000,0.7069,0.7125,0.7052,0.7112,433942.0
1746662400000,0.7112,0.7209,0.71,0.7207,1305427.0
1746676800000,0.7207,0.7315,0.7206,0.7261,1603670.0
1746691200000,0.7261,0.7362,0.7258,0.7288,1406271.0
1746705600000,0.7288,0.7442,0.727,0.7416,2284048.0
1746720000000,0.7416,0.7469,0.7345,0.7439,2424741.0
1746734400000,0.7439,0.7579,0.7428,0.7576,2595829.0
1746748800000,0.7576,0.7586,0.7481,0.7484,1416885.0
1746763200000,0.7484,0.7774,0.7458,0.7717,3169359.0
1746777600000,0.7717,0.7839,0.7596,0.7684,4128253.0
1746792000000,0.7684,0.7855,0.7553,0.7655,5023568.0
1746806400000,0.7655,0.7716,0.7602,0.7629,1482792.0
1746820800000,0.7629,0.7703,0.7602,0.7699,713902.0
1746835200000,0.7699,0.7765,0.7653,0.7702,1117036.0
1746849600000,0.7702,0.7772,0.7681,0.776,839333.0
1746864000000,0.776,0.778,0.7616,0.762,1663370.0
1746878400000,0.762,0.773,0.7614,0.7655,843011.0
1746892800000,0.7655,0.7774,0.7649,0.7744,1372558.0
1746907200000,0.7744,0.7944,0.7726,0.7943,1632861.0
1746921600000,0.7943,0.797,0.7743,0.78,2286366.0
1746936000000,0.78,0.7849,0.7684,0.7713,1552436.0
1746950400000,0.7713,0.7988,0.7713,0.7979,1549288.0
1746964800000,0.7979,0.8253,0.7923,0.794,4314648.0
1746979200000,0.794,0.8016,0.7877,0.7982,1409745.0
1746993600000,0.7982,0.8076,0.7938,0.8075,635081.0
1747008000000,0.8075,0.8075,0.7893,0.7974,1290747.0
1747022400000,0.7974,0.8186,0.7945,0.8085,1704310.0
1747036800000,0.8085,0.8371,0.807,0.8123,4517038.0
1747051200000,0.8123,0.8309,0.7968,0.7974,2868367.0
1747065600000,0.7974,0.8094,0.7803,0.7927,2517287.0
1747080000000,0.7927,0.8074,0.7915,0.8036,1249445.0
1747094400000,0.8036,0.804,0.7774,0.779,1506256.0
1747108800000,0.779,0.7887,0.7756,0.785,1024172.0
1747123200000,0.785,0.7931,0.7846,0.7908,887961.0
1747137600000,0.7908,0.8025,0.7834,0.8016,2030569.0
1747152000000,0.8016,0.8253,0.8002,0.8203,3408069.0
1747166400000,0.8203,0.8238,0.8123,0.8156,1034686.0
1747180800000,0.8156,0.8191,0.7989,0.8028,1497723.0
1747195200000,0.8028,0.8081,0.7994,0.8006,720159.0
1747209600000,0.8006,0.8039,0.7888,0.8023,1474344.0
1747224000000,0.8023,0.8031,0.7921,0.8,1068237.0
1747238400000,0.8,0.8018,0.7631,0.7852,4261149.0
1747252800000,0.7852,0.7875,0.779,0.7821,833062.0
1747267200000,0.7821,0.7896,0.7705,0.7713,1321093.0
1747281600000,0.7713,0.7756,0.7511,0.7519,2814701.0
1747296000000,0.7519,0.7639,0.7505,0.7586,1820319.0
1747310400000,0.7586,0.7615,0.7403,0.7538,3240639.0
1747324800000,0.7538,0.7635,0.7494,0.7563,1807237.0
1747339200000,0.7563,0.7621,0.7528,0.7576,930037.0
1747353600000,0.7576,0.759,0.747,0.7497,1672993.0
1747368000000,0.7497,0.7536,0.7436,0.7515,1520480.0
1747382400000,0.7515,0.7586,0.7436,0.7546,1653042.0
1747396800000,0.7546,0.7588,0.7416,0.75,2053699.0
1747411200000,0.75,0.7542,0.7453,0.7484,890627.0
1747425600000,0.7484,0.7491,0.7357,0.7369,1001298.0
1747440000000,0.7369,0.7406,0.7301,0.7354,1871210.0
1747454400000,0.7354,0.7392,0.7283,0.7307,851061.0
1747468800000,0.7307,0.7329,0.7265,0.7291,998310.0
1747483200000,0.7291,0.7334,0.7272,0.7313,1034277.0
1747497600000,0.7313,0.7322,0.7206,0.7232,1195305.0
1747512000000,0.7232,0.727,0.7194,0.7241,659737.0
1747526400000,0.7241,0.7279,0.7237,0.7265,622194.0
1747540800000,0.7265,0.7341,0.726,0.7323,924616.0
1747555200000,0.7323,0.74,0.7318,0.7384,1203724.0
1747569600000,0.7384,0.7483,0.7364,0.7433,1656570.0
1747584000000,0.7433,0.7493,0.7269,0.7281,2599890.0
1747598400000,0.7281,0.7407,0.7227,0.7398,2005397.0
1747612800000,0.7398,0.741,0.7301,0.7309,997826.0
1747627200000,0.7309,0.7332,0.7262,0.7326,1247179.0
1747641600000,0.7326,0.7329,0.7252,0.7324,859148.0
1747656000000,0.7324,0.7324,0.7231,0.731,1111404.0
1747670400000,0.731,0.7343,0.7208,0.7267,1972912.0
1747684800000,0.7267,0.7277,0.7206,0.7269,935005.0
1747699200000,0.7269,0.7366,0.7223,0.7341,1629884.0
1747713600000,0.7341,0.7396,0.7287,0.73,987545.0
1747728000000,0.73,0.7372,0.7281,0.7351,1438571.0
1747742400000,0.7351,0.7453,0.7351,0.7449,1781594.0
1747756800000,0.7449,0.7486,0.7379,0.7465,1235514.0
1747771200000,0.7465,0.7515,0.7425,0.745,816896.0
1747785600000,0.745,0.746,0.7395,0.7457,491753.0
1747800000000,0.7457,0.7496,0.7409,0.7416,1569975.0
1747814400000,0.7416,0.7477,0.7334,0.7392,1589884.0
1747828800000,0.7392,0.7423,0.7363,0.7423,1699771.0
1747843200000,0.7423,0.7503,0.7315,0.7408,3238645.0
1747857600000,0.7408,0.7408,0.7346,0.737,517703.0
1747872000000,0.737,0.7457,0.7366,0.7446,1096911.0
1747886400000,0.7446,0.7572,0.7422,0.7556,2409926.0
1747900800000,0.7556,0.768,0.7542,0.7547,2959035.0
1747915200000,0.7547,0.7609,0.7521,0.7582,1108710.0
1747929600000,0.7582,0.7657,0.7567,0.7615,1047993.0
1747944000000,0.7615,0.7656,0.7582,0.7654,643872.0
1747958400000,0.7654,0.7743,0.7578,0.7738,1910833.0
1747972800000,0.7738,0.7744,0.7539,0.7561,2028415.0
1747987200000,0.7561,0.765,0.7376,0.7412,2384898.0
1748001600000,0.7412,0.7472,0.7271,0.7413,2998115.0
1748016000000,0.7413,0.7505,0.7383,0.7443,781055.0
1748030400000,0.7443,0.7453,0.7266,0.7285,1537503.0
1748044800000,0.7285,0.7399,0.7262,0.7381,1252584.0
1748059200000,0.7381,0.7389,0.7331,0.734,491246.0
1748073600000,0.734,0.7403,0.7334,0.7392,596099.0
1748088000000,0.7392,0.7397,0.7346,0.7374,552782.0
1748102400000,0.7374,0.7384,0.7349,0.7359,278522.0
1748116800000,0.7359,0.7381,0.7314,0.7335,390080.0
1748131200000,0.7335,0.7364,0.7295,0.7348,458018.0
1748145600000,0.7348,0.7349,0.7252,0.7265,641902.0
1748160000000,0.7265,0.7272,0.7208,0.7238,799619.0
1748174400000,0.7238,0.7777,0.7234,0.7374,4729685.0
1748188800000,0.7374,0.7377,0.7322,0.7335,589693.0
1748203200000,0.7335,0.7362,0.7264,0.7315,831953.0
1748217600000,0.7315,0.7384,0.7299,0.7377,934397.0
1748232000000,0.7377,0.7387,0.7347,0.7361,865250.0
1748246400000,0.7361,0.7411,0.733,0.7345,1057940.0
1748260800000,0.7345,0.7367,0.7312,0.7365,611812.0
1748275200000,0.7365,0.7371,0.7305,0.735,556085.0
1748289600000,0.735,0.7372,0.7335,0.7345,360655.0
1748304000000,0.7345,0.7352,0.727,0.7271,724229.0
1748318400000,0.7271,0.7379,0.7271,0.7368,1576905.0
1748332800000,0.7368,0.7399,0.7342,0.7395,1026276.0
1748347200000,0.7395,0.74,0.7288,0.7324,1536092.0
1748361600000,0.7324,0.7354,0.7272,0.7314,1519441.0
1748376000000,0.7314,0.7327,0.7278,0.7305,668558.0
1748390400000,0.7305,0.7306,0.7221,0.7242,1138800.0
1748404800000,0.7242,0.7286,0.7215,0.725,1288489.0
1748419200000,0.725,0.7266,0.721,0.7256,1968907.0
1748433600000,0.7256,0.7282,0.72,0.721,1287224.0
1748448000000,0.721,0.7259,0.7192,0.7208,893026.0
1748462400000,0.7208,0.7297,0.7168,0.727,1640878.0
1748476800000,0.727,0.7295,0.7236,0.7256,867919.0
1748491200000,0.7256,0.7262,0.7131,0.7184,1560714.0
1748505600000,0.7184,0.7206,0.7081,0.7122,1654363.0
1748520000000,0.7122,0.7131,0.694,0.6998,3155381.0
1748534400000,0.6998,0.7035,0.6965,0.6987,867568.0
1748548800000,0.6987,0.704,0.6985,0.6998,404673.0
1748563200000,0.6998,0.7007,0.6666,0.6836,3991426.0
1748577600000,0.6836,0.69,0.679,0.6792,957774.0
1748592000000,0.6792,0.6878,0.6732,0.6807,2407857.0
1748606400000,0.6807,0.6818,0.6709,0.6749,729003.0
1748620800000,0.6749,0.6784,0.6564,0.669,2519075.0
1748635200000,0.669,0.6768,0.6632,0.6694,1641266.0
1748649600000,0.6694,0.6708,0.662,0.6668,1288073.0
1748664000000,0.6668,0.6749,0.6647,0.6726,826211.0
1748678400000,0.6726,0.6757,0.6636,0.6653,712549.0
1748692800000,0.6653,0.6731,0.6644,0.6655,584175.0
1748707200000,0.6655,0.6758,0.6653,0.6726,609308.0
1748721600000,0.6726,0.6901,0.6721,0.6781,1543725.0
1748736000000,0.6781,0.6824,0.6737,0.6793,405530.0
1748750400000,0.6793,0.686,0.6793,0.6815,548095.0
1748764800000,0.6815,0.6841,0.6717,0.6795,1266724.0
1748779200000,0.6795,0.6856,0.6701,0.6788,1879768.0
1748793600000,0.6788,0.6833,0.676,0.6797,623964.0
1748808000000,0.6797,0.684,0.6787,0.6838,325616.0
1748822400000,0.6838,0.6838,0.6766,0.68,481106.0
1748836800000,0.68,0.6828,0.6767,0.6802,892850.0
1748851200000,0.6802,0.6887,0.6775,0.6785,1580830.0
1748865600000,0.6785,0.6835,0.6742,0.6816,1107632.0
1748880000000,0.6816,0.6838,0.6775,0.6785,709364.0
1748894400000,0.6785,0.6859,0.6784,0.6831,2268812.0
1748908800000,0.6831,0.6854,0.6778,0.6795,938702.0
1748923200000,0.6795,0.6853,0.6772,0.6812,739533.0
1748937600000,0.6812,0.6829,0.6784,0.6808,539764.0
1748952000000,0.6808,0.6857,0.6787,0.6798,1411721.0
1748966400000,0.6798,0.6829,0.6785,0.6822,498751.0
1748980800000,0.6822,0.6822,0.6756,0.6772,559271.0
1748995200000,0.6772,0.6815,0.6769,0.6793,905945.0
1749009600000,0.6793,0.6822,0.6785,0.6802,478085.0
1749024000000,0.6802,0.6849,0.6796,0.6811,729214.0
1749038400000,0.6811,0.683,0.671,0.6796,2188313.0
1749052800000,0.6796,0.6796,0.6666,0.6683,1773548.0
1749067200000,0.6683,0.6684,0.659,0.6622,2469345.0
1749081600000,0.6622,0.6682,0.6602,0.6642,537212.0
1749096000000,0.6642,0.6678,0.6551,0.6625,1402508.0
1749110400000,0.6625,0.6635,0.65,0.6571,2256634.0
1749124800000,0.6571,0.6614,0.6475,0.6578,1414971.0
1749139200000,0.6578,0.6582,0.636,0.6423,2409624.0
1749153600000,0.6423,0.6423,0.6237,0.6306,3885572.0
1749168000000,0.6306,0.6377,0.6237,0.6367,1206661.0
1749182400000,0.6367,0.6403,0.6336,0.6345,713810.0
1749196800000,0.6345,0.639,0.6342,0.6354,305079.0
1749211200000,0.6354,0.64,0.6326,0.637,974991.0
1749225600000,0.637,0.6406,0.6333,0.6367,477648.0
1749240000000,0.6367,0.6402,0.6338,0.6355,474985.0
1749254400000,0.6355,0.6446,0.6348,0.6438,366650.0
1749268800000,0.6438,0.6495,0.6418,0.6483,964900.0
1749283200000,0.6483,0.6515,0.6474,0.65,610823.0
1749297600000,0.65,0.6525,0.6468,0.6525,374418.0
1749312000000,0.6525,0.6597,0.6501,0.6544,1483654.0
1749326400000,0.6544,0.6563,0.6512,0.6523,305076.0
1749340800000,0.6523,0.653,0.6488,0.6507,320310.0
1749355200000,0.6507,0.6525,0.647,0.6475,169932.0
1749369600000,0.6475,0.6488,0.6397,0.6458,1137616.0
1749384000000,0.6458,0.6525,0.6443,0.6487,806788.0
1749398400000,0.6487,0.6499,0.6452,0.648,459385.0
1749412800000,0.648,0.6506,0.6423,0.6437,430584.0
1749427200000,0.6437,0.6495,0.6434,0.6486,483283.0
1749441600000,0.6486,0.6489,0.6432,0.6458,444172.0
1749456000000,0.6458,0.6527,0.6452,0.6501,619037.0
1749470400000,0.6501,0.6536,0.6479,0.6504,714568.0
1749484800000,0.6504,0.6557,0.6492,0.6509,947393.0
1749499200000,0.6509,0.6588,0.6505,0.6563,1009823.0
1749513600000,0.6563,0.6611,0.6558,0.6573,777060.0
1749528000000,0.6573,0.6594,0.6536,0.6568,590381.0
1749542400000,0.6568,0.6711,0.6561,0.6707,1201801.0
1749556800000,0.6707,0.6817,0.6662,0.6794,3697159.0
1749571200000,0.6794,0.6831,0.6676,0.6745,1815285.0
1749585600000,0.6745,0.6796,0.6726,0.6788,636947.0
1749600000000,0.6788,0.6835,0.6758,0.6808,1151878.0
1749614400000,0.6808,0.6847,0.6784,0.6795,677332.0
1749628800000,0.6795,0.6802,0.6704,0.6731,1245163.0
1749643200000,0.6731,0.6833,0.6703,0.6763,1381750.0
1749657600000,0.6763,0.6807,0.6728,0.6743,978426.0
1749672000000,0.6743,0.6764,0.6601,0.6662,1543864.0
1749686400000,0.6662,0.6674,0.6606,0.6634,825176.0
1749700800000,0.6634,0.6649,0.6589,0.6605,764110.0
1749715200000,0.6605,0.6645,0.6554,0.6582,1433540.0
1749729600000,0.6582,0.6664,0.6567,0.6586,854870.0
1749744000000,0.6586,0.6685,0.6571,0.6578,754666.0
1749758400000,0.6578,0.6615,0.6525,0.6541,816171.0
1749772800000,0.6541,0.6541,0.6261,0.6412,8243789.0
1749787200000,0.6412,0.6412,0.6307,0.6384,1345848.0
1749801600000,0.6384,0.645,0.6369,0.64,1558053.0
1749816000000,0.64,0.6427,0.6339,0.6399,857605.0
1749830400000,0.6399,0.6434,0.6347,0.6384,649424.0
1749844800000,0.6384,0.6439,0.6381,0.6419,438741.0
1749859200000,0.6419,0.644,0.6392,0.6427,331825.0
1749873600000,0.6427,0.644,0.6402,0.6415,493352.0
1749888000000,0.6415,0.6474,0.6403,0.6459,443562.0
1749902400000,0.6459,0.6464,0.6349,0.6373,808479.0
1749916800000,0.6373,0.6378,0.631,0.6346,831602.0
1749931200000,0.6346,0.6366,0.6308,0.6356,716263.0
1749945600000,0.6356,0.6364,0.6333,0.6359,204507.0
1749960000000,0.6359,0.6372,0.6301,0.6317,689204.0
1749974400000,0.6317,0.6337,0.6266,0.6286,1454102.0
1749988800000,0.6286,0.6302,0.6186,0.624,2721798.0
1750003200000,0.624,0.6251,0.6136,0.6203,2595405.0
1750017600000,0.6203,0.6214,0.6118,0.6212,1141757.0
1750032000000,0.6212,0.6232,0.6147,0.6186,1206677.0
1750046400000,0.6186,0.6267,0.6182,0.6252,1063478.0
1750060800000,0.6252,0.6352,0.6199,0.6278,2403703.0
1750075200000,0.6278,0.6295,0.6243,0.6254,1093499.0
1750089600000,0.6254,0.629,0.624,0.6271,425002.0
1750104000000,0.6271,0.6277,0.6153,0.6173,1582769.0
1750118400000,0.6173,0.6212,0.6056,0.6196,2375304.0
1750132800000,0.6196,0.6198,0.6124,0.6156,703539.0
1750147200000,0.6156,0.6218,0.6141,0.6173,956865.0
1750161600000,0.6173,0.6187,0.6082,0.6116,1408342.0
1750176000000,0.6116,0.6134,0.6001,0.6062,1854764.0
1750190400000,0.6062,0.6066,0.5889,0.5927,2220342.0
1750204800000,0.5927,0.6083,0.5897,0.6053,1762424.0
1750219200000,0.6053,0.6077,0.5957,0.599,1394183.0
1750233600000,0.599,0.6028,0.5783,0.5846,2523688.0
1750248000000,0.5846,0.5846,0.5563,0.5699,5998337.0
1750262400000,0.5699,0.5905,0.5688,0.5875,2347741.0
1750276800000,0.5875,0.6064,0.5858,0.6031,2056905.0
1750291200000,0.6031,0.612,0.5996,0.6102,1204104.0
1750305600000,0.6102,0.6129,0.6053,0.6099,1663184.0
1750320000000,0.6099,0.6229,0.6093,0.6194,2197186.0
1750334400000,0.6194,0.6361,0.6066,0.6282,5243952.0
1750348800000,0.6282,0.6336,0.6239,0.6276,1789210.0
1750363200000,0.6276,0.6334,0.6255,0.6306,1097732.0
1750377600000,0.6306,0.6338,0.6238,0.6293,1127320.0
1750392000000,0.6293,0.6303,0.6219,0.6285,1127956.0
1750406400000,0.6285,0.638,0.6173,0.6351,1931012.0
1750420800000,0.6351,0.6359,0.6236,0.6295,1951422.0
1750435200000,0.6295,0.6308,0.6177,0.627,2296819.0
1750449600000,0.627,0.6303,0.621,0.6291,752784.0
1750464000000,0.6291,0.6344,0.6262,0.6286,733037.0
1750478400000,0.6286,0.6375,0.6284,0.6319,898332.0
1750492800000,0.6319,0.6439,0.6319,0.6359,1929995.0
1750507200000,0.6359,0.6398,0.6216,0.6274,2647680.0
1750521600000,0.6274,0.6286,0.6108,0.6109,2404345.0
1750536000000,0.6109,0.6176,0.5985,0.614,3387655.0
1750550400000,0.614,0.6194,0.6094,0.6134,1219029.0
1750564800000,0.6134,0.618,0.6055,0.6067,968408.0
1750579200000,0.6067,0.612,0.6049,0.6089,1192487.0
1750593600000,0.6089,0.6112,0.5782,0.5855,4515436.0
1750608000000,0.5855,0.5912,0.5784,0.5808,1114119.0
1750622400000,0.5808,0.5884,0.5661,0.5872,2042905.0
1750636800000,0.5872,0.5904,0.5805,0.585,1001792.0
1750651200000,0.585,0.5914,0.5787,0.5882,1289275.0
1750665600000,0.5882,0.5905,0.5802,0.5841,563162.0
1750680000000,0.5841,0.5915,0.5789,0.5827,2076356.0
1750694400000,0.5827,0.5942,0.5702,0.5923,2948547.0
1750708800000,0.5923,0.6068,0.5912,0.6035,2652133.0
1750723200000,0.6035,0.6141,0.6011,0.6046,2859837.0
1750737600000,0.6046,0.6085,0.6002,0.603,871874.0
1750752000000,0.603,0.6107,0.5999,0.6037,1007751.0
1750766400000,0.6037,0.608,0.602,0.6076,692719.0
1750780800000,0.6076,0.618,0.6047,0.6073,2335441.0
1750795200000,0.6073,0.6139,0.607,0.6121,492058.0
1750809600000,0.6121,0.6148,0.6105,0.6109,390715.0
1750824000000,0.6109,0.6146,0.6089,0.6138,424287.0
1750838400000,0.6138,0.6144,0.6035,0.6091,907113.0
1750852800000,0.6091,0.6128,0.6037,0.6067,762592.0
1750867200000,0.6067,0.6119,0.6054,0.6114,426350.0
1750881600000,0.6114,0.6135,0.6016,0.6056,647248.0
1750896000000,0.6056,0.6145,0.6042,0.6095,423382.0
1750910400000,0.6095,0.6107,0.6054,0.6083,344652.0
1750924800000,0.6083,0.6103,0.6036,0.6081,469572.0
1750939200000,0.6081,0.6126,0.6036,0.608,820407.0
1750953600000,0.608,0.608,0.6036,0.6075,342235.0
1750968000000,0.6075,0.6095,0.5962,0.6013,1482877.0
1750982400000,0.6013,0.6032,0.5925,0.6024,640988.0
1750996800000,0.6024,0.6024,0.5951,0.5952,444786.0
1751011200000,0.5952,0.5992,0.5938,0.5964,535792.0
1751025600000,0.5964,0.5988,0.587,0.5974,1608541.0
1751040000000,0.5974,0.6016,0.5885,0.5929,605306.0
1751054400000,0.5929,0.5993,0.592,0.5965,668205.0
1751068800000,0.5965,0.601,0.5938,0.5948,1115035.0
1751083200000,0.5948,0.5998,0.594,0.5993,260498.0
1751097600000,0.5993,0.6012,0.5942,0.5987,364123.0
1751112000000,0.5987,0.5992,0.5905,0.5976,912303.0
1751126400000,0.5976,0.6098,0.5974,0.6035,1799573.0
1751140800000,0.6035,0.6103,0.6029,0.607,495914.0
1751155200000,0.607,0.6111,0.6028,0.6058,440660.0
1751169600000,0.6058,0.615,0.6052,0.6132,539794.0
1751184000000,0.6132,0.618,0.6131,0.6171,1002177.0
1751198400000,0.6171,0.6182,0.6073,0.6095,675187.0
1751212800000,0.6095,0.6133,0.5768,0.5855,5114364.0
1751227200000,0.5855,0.6073,0.5818,0.6023,3190837.0
1751241600000,0.6023,0.6037,0.5947,0.5962,949079.0
1751256000000,0.5962,0.5986,0.5863,0.5921,1079593.0
1751270400000,0.5921,0.5935,0.5784,0.5817,1604480.0
1751284800000,0.5817,0.5851,0.5711,0.5821,2213654.0
1751299200000,0.5821,0.587,0.5799,0.5855,991326.0
1751313600000,0.5855,0.5923,0.5831,0.5881,685338.0
1751328000000,0.5881,0.5932,0.5818,0.5831,562552.0
1751342400000,0.5831,0.5841,0.5754,0.578,774147.0
1751356800000,0.578,0.5791,0.5612,0.565,5821957.0
1751371200000,0.565,0.5694,0.558,0.5627,3147490.0
1751385600000,0.5627,0.5663,0.5503,0.5597,3436340.0
1751400000000,0.5597,0.5651,0.5543,0.5627,1307920.0
1751414400000,0.5627,0.5765,0.5625,0.5738,1614746.0
1751428800000,0.5738,0.5841,0.5727,0.5771,2107570.0
1751443200000,0.5771,0.5818,0.5735,0.575,943697.0
1751457600000,0.575,0.5832,0.5716,0.5809,824648.0
1751472000000,0.5809,0.5897,0.5803,0.5868,1998903.0
1751486400000,0.5868,0.5887,0.5816,0.5824,633750.0
1751500800000,0.5824,0.5893,0.5824,0.5846,771932.0
1751515200000,0.5846,0.5961,0.5826,0.5876,1991247.0
1751529600000,0.5876,0.5909,0.5783,0.5835,1538986.0
1751544000000,0.5835,0.5863,0.576,0.5766,1255336.0
1751558400000,0.5766,0.5835,0.5766,0.5818,842352.0
1751572800000,0.5818,0.5878,0.5814,0.5864,448480.0
1751587200000,0.5864,0.5873,0.579,0.5801,598842.0
1751601600000,0.5801,0.5804,0.5597,0.564,3437153.0
1751616000000,0.564,0.5652,0.5544,0.5599,3536489.0
1751630400000,0.5599,0.5623,0.5543,0.5583,2020397.0
1751644800000,0.5583,0.5625,0.5556,0.5603,947228.0
1751659200000,0.5603,0.5649,0.5585,0.56,731196.0
1751673600000,0.56,0.5646,0.5546,0.5628,1034019.0
1751688000000,0.5628,0.5657,0.5602,0.5634,635290.0
1751702400000,0.5634,0.5693,0.5619,0.5621,930796.0
1751716800000,0.5621,0.571,0.5617,0.5653,1198290.0
1751731200000,0.5653,0.5672,0.5597,0.5637,768473.0
1751745600000,0.5637,0.5645,0.5614,0.5624,310750.0
1751760000000,0.5624,0.5643,0.56,0.5609,402512.0
1751774400000,0.5609,0.5639,0.5567,0.5605,776446.0
1751788800000,0.5605,0.5639,0.5523,0.5624,1653413.0
1751803200000,0.5624,0.5767,0.5605,0.5718,3383147.0
1751817600000,0.5718,0.5741,0.567,0.5723,753132.0
1751832000000,0.5723,0.578,0.5683,0.5697,1074343.0
1751846400000,0.5697,0.5743,0.5689,0.5694,634842.0
1751860800000,0.5694,0.5709,0.5661,0.5693,510047.0
1751875200000,0.5693,0.5757,0.5692,0.5739,824224.0
1751889600000,0.5739,0.576,0.5686,0.5691,1056887.0
1751904000000,0.5691,0.5706,0.5621,0.5666,1441716.0
1751918400000,0.5666,0.5671,0.5621,0.567,396640.0
1751932800000,0.567,0.568,0.5532,0.558,2070374.0
1751947200000,0.558,0.5745,0.5567,0.5693,2485556.0
1751961600000,0.5693,0.5773,0.5599,0.5715,2273095.0
1751976000000,0.5715,0.5723,0.5647,0.5667,933383.0
1751990400000,0.5667,0.5731,0.5667,0.571,814291.0
1752004800000,0.571,0.5711,0.565,0.568,476778.0
1752019200000,0.568,0.5706,0.5611,0.5697,1030131.0
1752033600000,0.5697,0.5749,0.5686,0.5735,816831.0
1752048000000,0.5735,0.5896,0.5735,0.5875,3654533.0
1752062400000,0.5875,0.5925,0.5841,0.5917,1538156.0
1752076800000,0.5917,0.6115,0.579,0.5935,9792077.0
1752091200000,0.5935,0.5983,0.5898,0.5934,1613429.0
1752105600000,0.5934,0.5998,0.5929,0.5986,723661.0
1752120000000,0.5986,0.6046,0.5976,0.6027,1209241.0
1752134400000,0.6027,0.6093,0.6003,0.6043,2047359.0
1752148800000,0.6043,0.6072,0.5998,0.6039,1183559.0
1752163200000,0.6039,0.6134,0.5916,0.601,2680175.0
1752177600000,0.601,0.624,0.601,0.6235,2522030.0
1752192000000,0.6235,0.6389,0.6217,0.6376,3735402.0
1752206400000,0.6376,0.6428,0.6312,0.6378,2105752.0
1752220800000,0.6378,0.6445,0.6378,0.6421,1433733.0
1752235200000,0.6421,0.6463,0.6333,0.6342,2409400.0
1752249600000,0.6342,0.6411,0.6234,0.625,1774978.0
1752264000000,0.625,0.6294,0.6004,0.6137,4066341.0
1752278400000,0.6137,0.6261,0.6036,0.624,1478355.0
1752292800000,0.624,0.6387,0.624,0.6354,1743531.0
1752307200000,0.6354,0.6422,0.6316,0.6377,1088355.0
1752321600000,0.6377,0.6477,0.6281,0.6334,4107312.0
1752336000000,0.6334,0.6428,0.6316,0.6399,1033005.0
1752350400000,0.6399,0.6549,0.6387,0.6544,2006295.0
1752364800000,0.6544,0.6553,0.6462,0.6523,1506229.0
1752379200000,0.6523,0.6683,0.6513,0.6672,2496131.0
1752393600000,0.6672,0.6812,0.6602,0.6802,3257427.0
1752408000000,0.6802,0.6903,0.6745,0.6885,3420310.0
1752422400000,0.6885,0.6951,0.6822,0.6897,2983731.0
1752436800000,0.6897,0.7028,0.6875,0.7014,2707692.0
1752451200000,0.7014,0.7038,0.6955,0.6972,1432843.0
1752465600000,0.6972,0.7046,0.6914,0.7037,2230307.0
1752480000000,0.7037,0.716,0.6976,0.7116,2124742.0
1752494400000,0.7116,0.7277,0.705,0.7088,4336575.0
1752508800000,0.7088,0.718,0.705,0.7163,1817329.0
1752523200000,0.7163,0.7246,0.7117,0.7242,951153.0
1752537600000,0.7242,0.7313,0.7143,0.718,2180081.0
1752552000000,0.718,0.7225,0.7072,0.714,2537111.0
1752566400000,0.714,0.7153,0.6915,0.6976,4401636.0
1752580800000,0.6976,0.7049,0.691,0.7005,2781591.0
1752595200000,0.7005,0.7134,0.7005,0.7028,1234483.0
1752609600000,0.7028,0.7141,0.702,0.7126,1005841.0
1752624000000,0.7126,0.7149,0.7033,0.7044,732280.0
1752638400000,0.7044,0.7279,0.7031,0.7208,1449053.0
1752652800000,0.7208,0.7332,0.7157,0.7283,2925724.0
1752667200000,0.7283,0.7362,0.7225,0.7306,2988580.0
1752681600000,0.7306,0.745,0.7289,0.7403,2266234.0
1752696000000,0.7403,0.7441,0.7246,0.7315,2149762.0
1752710400000,0.7315,0.737,0.7251,0.7358,1978749.0
1752724800000,0.7358,0.7515,0.7356,0.7506,1321336.0
1752739200000,0.7506,0.7629,0.7463,0.7594,2910188.0
1752753600000,0.7594,0.7676,0.7469,0.7674,2375842.0
1752768000000,0.7674,0.7815,0.7606,0.7708,3791497.0
1752782400000,0.7708,0.7962,0.7644,0.7884,4384065.0
1752796800000,0.7884,0.8527,0.7884,0.8462,13236053.0
1752811200000,0.8462,0.8481,0.7011,0.7691,22950950.0
1752825600000,0.7691,0.7874,0.7686,0.779,5212934.0
1752840000000,0.779,0.789,0.7643,0.7677,3902458.0
1752854400000,0.7677,0.778,0.7658,0.7754,1790762.0
1752868800000,0.7754,0.7945,0.766,0.7936,1810977.0
1752883200000,0.7936,0.7996,0.7845,0.7979,1590361.0
1752897600000,0.7979,0.7998,0.7604,0.7659,2821852.0
1752912000000,0.7659,0.7828,0.7619,0.7774,1272188.0
1752926400000,0.7774,0.7935,0.7771,0.79,1619853.0
1752940800000,0.79,0.8106,0.79,0.8055,1779898.0
1752955200000,0.8055,0.8084,0.7964,0.8027,993289.0
1752969600000,0.8027,0.8064,0.7953,0.7998,945202.0
1752984000000,0.7998,0.8064,0.7992,0.8014,610073.0
1752998400000,0.8014,0.8083,0.7992,0.8034,1022227.0
1753012800000,0.8034,0.8078,0.8002,0.8071,917684.0
1753027200000,0.8071,0.8164,0.8061,0.8078,1389278.0
1753041600000,0.8078,0.8149,0.7943,0.8021,2184464.0
1753056000000,0.8021,0.8084,0.7916,0.8047,1688018.0
1753070400000,0.8047,0.8083,0.7997,0.8061,1021619.0
1753084800000,0.8061,0.8211,0.8045,0.8139,1471197.0
1753099200000,0.8139,0.826,0.8115,0.8186,2879973.0
1753113600000,0.8186,0.825,0.7956,0.8031,2829209.0
1753128000000,0.8031,0.8091,0.7969,0.8014,1237258.0
1753142400000,0.8014,0.8043,0.7865,0.7929,1617740.0
1753156800000,0.7929,0.7988,0.7772,0.7866,2802128.0
1753171200000,0.7866,0.7944,0.7791,0.794,1152625.0
1753185600000,0.794,0.8087,0.7859,0.8057,2429446.0
1753200000000,0.8057,0.821,0.8036,0.8142,2891907.0
1753214400000,0.8142,0.8302,0.8141,0.8302,1171620.0
1753228800000,0.8302,0.8316,0.8203,0.8279,1332789.0
1753243200000,0.8279,0.8377,0.8272,0.8351,1708324.0
1753257600000,0.8351,0.8354,0.821,0.8298,1548430.0
1753272000000,0.8298,0.8301,0.792,0.8214,5139955.0
1753286400000,0.8214,0.8215,0.7938,0.8007,1950141.0
1753300800000,0.8007,0.8028,0.7884,0.7912,1114794.0
1753315200000,0.7912,0.7996,0.7883,0.7965,1244708.0
1753329600000,0.7965,0.7967,0.7491,0.7556,7358042.0
1753344000000,0.7556,0.7612,0.7451,0.7584,1676329.0
1753358400000,0.7584,0.7659,0.7452,0.7627,2417239.0
1753372800000,0.7627,0.7629,0.7473,0.7533,1575172.0
1753387200000,0.7533,0.7575,0.7433,0.7481,1110002.0
1753401600000,0.7481,0.7495,0.7362,0.7406,1887287.0
1753416000000,0.7406,0.7424,0.7334,0.7404,1202759.0
1753430400000,0.7404,0.7519,0.7371,0.7484,1901160.0
1753444800000,0.7484,0.7545,0.7452,0.7508,1351127.0
1753459200000,0.7508,0.7576,0.7483,0.7538,723456.0
1753473600000,0.7538,0.7714,0.7538,0.7677,1759440.0
1753488000000,0.7677,0.77,0.758,0.7646,906989.0
1753502400000,0.7646,0.7786,0.7645,0.7711,1160378.0
1753516800000,0.7711,0.7849,0.7699,0.778,1747560.0
1753531200000,0.778,0.7925,0.7762,0.7897,1216596.0
1753545600000,0.7897,0.7993,0.7853,0.7979,1862606.0
1753560000000,0.7979,0.7993,0.7901,0.7958,798458.0
1753574400000,0.7958,0.8078,0.793,0.8018,1339583.0
1753588800000,0.8018,0.8109,0.8008,0.8096,719334.0
1753603200000,0.8096,0.8237,0.8051,0.818,3019793.0
1753617600000,0.818,0.8273,0.8149,0.824,2286723.0
1753632000000,0.824,0.8288,0.8196,0.8239,1049001.0
1753646400000,0.8239,0.8303,0.8239,0.8296,488181.0
1753660800000,0.8296,0.835,0.8233,0.8341,2025950.0
1753675200000,0.8341,0.837,0.8301,0.8348,1058172.0
1753689600000,0.8348,0.8377,0.8155,0.8231,2829609.0
1753704000000,0.8231,0.8235,0.788,0.7994,4837321.0
1753718400000,0.7994,0.8014,0.7899,0.7998,1052656.0
1753732800000,0.7998,0.8045,0.7923,0.796,711530.0
1753747200000,0.796,0.7991,0.7737,0.7803,3208752.0
1753761600000,0.7803,0.7927,0.7715,0.7911,1875852.0
1753776000000,0.7911,0.7943,0.7746,0.7762,1931424.0
1753790400000,0.7762,0.83,0.762,0.7697,3877602.0
1753804800000,0.7697,0.7699,0.7538,0.7624,2938858.0
1753819200000,0.7624,0.7646,0.756,0.7628,691395.0
1753833600000,0.7628,0.7712,0.7591,0.7655,1490683.0
1753848000000,0.7655,0.7778,0.765,0.7734,1022610.0
1753862400000,0.7734,0.7758,0.7516,0.7555,2705499.0
1753876800000,0.7555,0.7596,0.75,0.7567,1467691.0
1753891200000,0.7567,0.7586,0.7358,0.7524,3066705.0
1753905600000,0.7524,0.7549,0.7402,0.7484,1248521.0
1753920000000,0.7484,0.7585,0.7484,0.7563,737876.0
1753934400000,0.7563,0.7801,0.7562,0.7708,3119304.0
1753948800000,0.7708,0.7752,0.7582,0.7618,1271347.0
1753963200000,0.7618,0.7621,0.7505,0.7561,2098760.0
1753977600000,0.7561,0.7614,0.7426,0.7443,2985843.0
1753992000000,0.7443,0.7497,0.7373,0.7396,2620180.0
1754006400000,0.7396,0.7443,0.7321,0.7417,3450156.0
1754020800000,0.7417,0.7418,0.733,0.7347,1064313.0
1754035200000,0.7347,0.7347,0.7136,0.7206,4860905.0
1754049600000,0.7206,0.7234,0.706,0.7117,3328781.0
1754064000000,0.7117,0.7148,0.6956,0.7035,3805110.0
1754078400000,0.7035,0.7079,0.6903,0.6968,4319302.0
1754092800000,0.6968,0.7047,0.6957,0.699,871549.0
1754107200000,0.699,0.7038,0.692,0.6963,1264439.0
1754121600000,0.6963,0.7,0.6874,0.6919,1658422.0
1754136000000,0.6919,0.6929,0.6852,0.6862,1308750.0
1754150400000,0.6862,0.6886,0.676,0.6813,1965933.0
1754164800000,0.6813,0.6872,0.6804,0.6859,722601.0
1754179200000,0.6859,0.6911,0.6787,0.6901,1075285.0
1754193600000,0.6901,0.7052,0.6886,0.7013,2315670.0
1754208000000,0.7013,0.7109,0.701,0.7033,1295713.0
1754222400000,0.7033,0.7047,0.6983,0.7031,622112.0
1754236800000,0.7031,0.7061,0.7021,0.7032,473143.0
1754251200000,0.7032,0.7114,0.7025,0.7087,732963.0
1754265600000,0.7087,0.7217,0.7076,0.7201,1642003.0
1754280000000,0.7201,0.7346,0.7193,0.7249,3122482.0
1754294400000,0.7249,0.7302,0.7232,0.7274,1020513.0
1754308800000,0.7274,0.8635,0.7268,0.8558,37095815.0
1754323200000,0.8558,0.8796,0.8408,0.8538,23647342.0
1754337600000,0.8538,0.8577,0.835,0.8453,8272726.0
1754352000000,0.8453,0.8482,0.801,0.8019,10162715.0
1754366400000,0.8019,0.9223,0.7952,0.8815,43601178.0
1754380800000,0.8815,0.906,0.8654,0.8765,13282830.0
1754395200000,0.8765,0.9199,0.8654,0.9024,24992790.0
1754409600000,0.9024,0.9499,0.8994,0.9148,20083574.0
1754424000000,0.9148,0.9216,0.8822,0.9099,9244069.0
1754438400000,0.9099,0.9454,0.8785,0.9383,15223856.0
1754452800000,0.9383,0.9409,0.894,0.9175,12541019.0
1754467200000,0.9175,0.9213,0.8685,0.8784,20047035.0
1754481600000,0.8784,0.8919,0.8639,0.8906,8480422.0
1754496000000,0.8906,0.8917,0.8705,0.8752,3596168.0
1754510400000,0.8752,0.8792,0.8639,0.8712,2986943.0
1754524800000,0.8712,0.8945,0.8668,0.8691,4933881.0
1754539200000,0.8691,0.9204,0.8648,0.9128,9617132.0
1754553600000,0.9128,0.9557,0.9101,0.9526,24007053.0
1754568000000,0.9526,1.0659,0.9312,1.0332,38780146.0
1754582400000,1.0332,1.1091,1.0261,1.0825,36989588.0
1754596800000,1.0825,1.0996,1.0434,1.0511,13880166.0
1754611200000,1.0511,1.1359,1.0502,1.0652,17330902.0
1754625600000,1.0652,1.085,1.0303,1.0386,11060396.0
1754640000000,1.0386,1.0556,1.0303,1.0524,7506906.0
1754654400000,1.0524,1.0838,1.0476,1.0659,10607583.0
1754668800000,1.0659,1.0884,1.0522,1.0746,7997740.0
1754683200000,1.0746,1.0798,1.0573,1.0588,2977456.0
1754697600000,1.0588,1.0598,1.0372,1.0527,3896046.0
1754712000000,1.0527,1.0743,1.04,1.0576,6560925.0
1754726400000,1.0576,1.0924,1.0467,1.0732,6933648.0
1754740800000,1.0732,1.0767,1.0543,1.0608,4988688.0
1754755200000,1.0608,1.0637,1.048,1.0597,3537560.0
1754769600000,1.0597,1.0699,1.0532,1.0637,3135245.0
1754784000000,1.0637,1.0933,1.04,1.0507,7586614.0
1754798400000,1.0507,1.0553,1.0162,1.0224,8112984.0
1754812800000,1.0224,1.0347,1.0102,1.029,4751010.0
1754827200000,1.029,1.0299,1.0115,1.0265,4356226.0
1754841600000,1.0265,1.039,1.0238,1.0277,2349183.0
1754856000000,1.0277,1.0346,1.0202,1.027,1896777.0
1754870400000,1.027,1.0553,1.0222,1.0359,3783599.0
1754884800000,1.0359,1.06,1.0304,1.0423,5816442.0
1754899200000,1.0423,1.0613,1.0122,1.0193,7644648.0
1754913600000,1.0193,1.0216,0.9918,1.0052,7504837.0
1754928000000,1.0052,1.012,0.9755,0.98,3511147.0
1754942400000,0.98,0.9832,0.9661,0.9721,3040023.0
1754956800000,0.9721,0.9877,0.9291,0.9875,12647440.0
1754971200000,0.9875,1.042,0.9795,1.0273,10360014.0
1754985600000,1.0273,1.0524,1.005,1.0334,8112712.0
1755000000000,1.0334,1.0398,1.0122,1.0272,4840118.0
1755014400000,1.0272,1.0444,1.0232,1.0418,3633708.0
1755028800000,1.0418,1.0496,1.0228,1.0284,2891999.0
1755043200000,1.0284,1.0404,1.02,1.0365,2103160.0
1755057600000,1.0365,1.1207,1.0323,1.1047,12027062.0
1755072000000,1.1047,1.1399,1.0832,1.1079,14249412.0
1755086400000,1.1079,1.1327,1.1056,1.118,7633735.0
1755100800000,1.118,1.1379,1.1121,1.1173,3831658.0
1755115200000,1.1173,1.1265,1.1043,1.126,2949880.0
1755129600000,1.126,1.16,1.1115,1.1169,8943083.0
1755144000000,1.1169,1.1196,1.1008,1.1064,4051266.0
1755158400000,1.1064,1.2066,1.0969,1.1138,26395245.0
1755172800000,1.1138,1.1269,1.0577,1.1053,15984670.0
1755187200000,1.1053,1.1136,1.0804,1.1102,4625311.0
1755201600000,1.1102,1.1185,1.0889,1.0913,3531167.0
1755216000000,1.0913,1.097,1.078,1.0918,2184627.0
1755230400000,1.0918,1.098,1.0687,1.0719,2562135.0
1755244800000,1.0719,1.1494,1.0649,1.142,9354698.0
1755259200000,1.142,1.1986,1.1252,1.1513,20621653.0
1755273600000,1.1513,1.1902,1.14,1.1489,8594975.0
1755288000000,1.1489,1.2034,1.1458,1.1986,5512117.0
1755302400000,1.1986,1.2663,1.1935,1.2204,15140308.0
1755316800000,1.2204,1.2295,1.1615,1.1716,7815897.0
1755331200000,1.1716,1.3,1.1664,1.2994,24807643.0
1755345600000,1.2994,1.3473,1.2441,1.3273,32840023.0
1755360000000,1.3273,1.332,1.2539,1.3149,18657636.0
1755374400000,1.3149,1.3946,1.3129,1.368,21704408.0
1755388800000,1.368,1.3939,1.334,1.3678,13869927.0
1755403200000,1.3678,1.4,1.3503,1.3663,12945550.0
1755417600000,1.3663,1.3676,1.3014,1.313,15138782.0
1755432000000,1.313,1.33,1.2806,1.3251,11922351.0
1755446400000,1.3251,1.3307,1.2907,1.3002,8964017.0
1755460800000,1.3002,1.3137,1.2917,1.2927,3775119.0
1755475200000,1.2927,1.2939,1.2292,1.2385,9801417.0
1755489600000,1.2385,1.2543,1.2102,1.2368,12257044.0
1755504000000,1.2368,1.2486,1.2,1.2294,8982484.0
1755518400000,1.2294,1.312,1.2251,1.2912,14711976.0
1755532800000,1.2912,1.3042,1.272,1.2878,8198507.0
1755547200000,1.2878,1.3299,1.286,1.2963,8373180.0
1755561600000,1.2963,1.3011,1.2714,1.2859,7904436.0
1755576000000,1.2859,1.2921,1.2451,1.2861,10537073.0
1755590400000,1.2861,1.3989,1.2858,1.3843,35229831.0
1755604800000,1.3843,1.3995,1.3176,1.3556,22348320.0
1755619200000,1.3556,1.3654,1.328,1.363,9239154.0
1755633600000,1.363,1.3997,1.3515,1.3516,12180041.0
1755648000000,1.3516,1.3673,1.332,1.354,9229726.0
1755662400000,1.354,1.3993,1.3453,1.3699,17066632.0
1755676800000,1.3699,1.3948,1.3345,1.3522,15394552.0
1755691200000,1.3522,1.3594,1.2962,1.3206,20997415.0
1755705600000,1.3206,1.382,1.3188,1.3396,16053156.0
1755720000000,1.3396,1.3409,1.3111,1.3253,7244350.0
1755734400000,1.3253,1.3261,1.2454,1.2563,18132375.0
1755748800000,1.2563,1.2842,1.239,1.2675,11021391.0
1755763200000,1.2675,1.2899,1.2609,1.2725,8683780.0
1755777600000,1.2725,1.2975,1.2531,1.2687,11277097.0
1755792000000,1.2687,1.277,1.2409,1.244,8561023.0
1755806400000,1.244,1.2551,1.2295,1.2423,5597106.0
1755820800000,1.2423,1.2512,1.226,1.2333,5952654.0
1755835200000,1.2333,1.2675,1.2323,1.2594,7044334.0
1755849600000,1.2594,1.2998,1.2358,1.2392,13885666.0
1755864000000,1.2392,1.3049,1.2273,1.2832,24588460.0
1755878400000,1.2832,1.3244,1.2831,1.2969,11991710.0
1755892800000,1.2969,1.305,1.2771,1.2997,4928593.0
1755907200000,1.2997,1.3343,1.2903,1.321,9628738.0
1755921600000,1.321,1.3301,1.2622,1.2707,8781733.0
1755936000000,1.2707,1.2857,1.2604,1.267,4852304.0
1755950400000,1.267,1.2715,1.2286,1.2315,10909661.0
1755964800000,1.2315,1.2472,1.2269,1.2327,4015925.0
1755979200000,1.2327,1.2367,1.2064,1.2328,5808265.0
1755993600000,1.2328,1.2571,1.2151,1.2568,5159709.0
1756008000000,1.2568,1.2871,1.25,1.2557,8804791.0
1756022400000,1.2557,1.2567,1.2206,1.2249,6770836.0
1756036800000,1.2249,1.2394,1.2001,1.2336,6919722.0
1756051200000,1.2336,1.2512,1.2032,1.2224,10011478.0
1756065600000,1.2224,1.2264,1.2037,1.2199,3876313.0
1756080000000,1.2199,1.2352,1.2016,1.2178,5188304.0
1756094400000,1.2178,1.2186,1.1157,1.1285,22501856.0
1756108800000,1.1285,1.1646,1.1234,1.1641,8481178.0
1756123200000,1.1641,1.1908,1.1489,1.1771,6042862.0
1756137600000,1.1771,1.1774,1.1403,1.1469,4623547.0
1756152000000,1.1469,1.1519,1.1178,1.1335,6973263.0
1756166400000,1.1335,1.1531,1.1009,1.1419,10141169.0
1756180800000,1.1419,1.176,1.1313,1.133,6334783.0
1756195200000,1.133,1.1586,1.1321,1.1534,3705589.0
1756209600000,1.1534,1.1989,1.1442,1.1788,8818447.0
1756224000000,1.1788,1.1953,1.1558,1.1897,5169743.0
1756238400000,1.1897,1.2,1.1748,1.1818,4221077.0
1756252800000,1.1818,1.2,1.1631,1.1759,4386787.0
1756267200000,1.1759,1.1867,1.1459,1.1541,3565442.0
1756281600000,1.1541,1.198,1.1537,1.191,4964181.0
1756296000000,1.191,1.2383,1.1693,1.2201,10526231.0
1756310400000,1.2201,1.2262,1.1881,1.1973,7413130.0
1756324800000,1.1973,1.2172,1.1897,1.2035,5214620.0
1756339200000,1.2035,1.21,1.1954,1.2056,3366381.0
1756353600000,1.2056,1.277,1.2038,1.259,12425073.0
1756368000000,1.259,1.2776,1.244,1.27,6563048.0
1756382400000,1.27,1.2855,1.2197,1.2398,25101831.0
1756396800000,1.2398,1.2915,1.22,1.2716,18549166.0
1756411200000,1.2716,1.2818,1.245,1.2558,5375266.0
1756425600000,1.2558,1.2757,1.24,1.2483,9516960.0
1756440000000,1.2483,1.2513,1.2083,1.2137,7334535.0
1756454400000,1.2137,1.3472,1.1754,1.1838,79745313.0
1756468800000,1.1838,1.2046,1.139,1.1442,19712435.0
1756483200000,1.1442,1.149,1.114,1.1428,10682048.0
1756497600000,1.1428,1.1462,1.1228,1.1317,3663518.0
1756512000000,1.1317,1.16,1.1126,1.157,7404349.0
1756526400000,1.157,1.1856,1.1399,1.1839,8178032.0
1756540800000,1.1839,1.187,1.1729,1.1793,3955808.0
1756555200000,1.1793,1.2235,1.1568,1.2197,12794210.0
1756569600000,1.2197,1.2346,1.1832,1.1856,7481726.0
1756584000000,1.1856,1.2007,1.1656,1.1833,3625490.0
1756598400000,1.1833,1.1934,1.1779,1.1855,2637056.0
1756612800000,1.1855,1.1959,1.1742,1.182,2959390.0
1756627200000,1.182,1.1929,1.1782,1.1807,2210290.0
1756641600000,1.1807,1.1824,1.1619,1.1748,3420573.0
1756656000000,1.1748,1.1835,1.1714,1.172,1549320.0
1756670400000,1.172,1.1777,1.1648,1.1683,1471804.0
1756684800000,1.1683,1.1719,1.1504,1.1589,3849081.0
1756699200000,1.1589,1.1716,1.1313,1.1711,6250474.0
1756713600000,1.1711,1.1864,1.149,1.1548,5311886.0
1756728000000,1.1548,1.162,1.1271,1.1311,4621083.0
1756742400000,1.1311,1.1356,1.122,1.1303,2545817.0
1756756800000,1.1303,1.1315,1.1115,1.1292,4887435.0
1756771200000,1.1292,1.1489,1.1226,1.1426,2830810.0
1756785600000,1.1426,1.1523,1.1408,1.1454,2309243.0
1756800000000,1.1454,1.1479,1.1344,1.1386,2851389.0
1756814400000,1.1386,1.145,1.1028,1.1148,10043302.0
1756828800000,1.1148,1.124,1.112,1.1193,2601772.0
1756843200000,1.1193,1.1327,1.1176,1.121,2970438.0
1756857600000,1.121,1.1213,1.1062,1.1149,2933112.0
1756872000000,1.1149,1.1227,1.1072,1.1208,2129788.0
1756886400000,1.1208,1.1341,1.112,1.1264,3522094.0
1756900800000,1.1264,1.1275,1.1083,1.1152,5904622.0
1756915200000,1.1152,1.119,1.1084,1.1179,2776495.0
1756929600000,1.1179,1.1253,1.1117,1.1137,2481079.0
1756944000000,1.1137,1.1227,1.1091,1.1111,2779461.0
1756958400000,1.1111,1.1166,1.0882,1.1054,7179155.0
1756972800000,1.1054,1.1273,1.0994,1.1177,5848757.0
1756987200000,1.1177,1.172,1.1173,1.1255,14163743.0
1757001600000,1.1255,1.1512,1.1241,1.1365,3479131.0
1757016000000,1.1365,1.14,1.126,1.1349,2232584.0
1757030400000,1.1349,1.1948,1.1312,1.1861,11945558.0
1757044800000,1.1861,1.1933,1.1676,1.1784,5616052.0
1757059200000,1.1784,1.1795,1.1631,1.1748,3648341.0
1757073600000,1.1748,1.1972,1.1625,1.1769,9381325.0
1757088000000,1.1769,1.1999,1.166,1.1719,4049848.0
1757102400000,1.1719,1.1798,1.1699,1.1771,1405605.0
1757116800000,1.1771,1.1837,1.1663,1.1757,2943014.0
1757131200000,1.1757,1.1772,1.1524,1.1597,4571111.0
1757145600000,1.1597,1.1737,1.1594,1.1668,3704319.0
1757160000000,1.1668,1.1725,1.1604,1.1636,1698426.0
1757174400000,1.1636,1.164,1.1463,1.1484,2273352.0
1757188800000,1.1484,1.153,1.1442,1.1461,1317310.0
1757203200000,1.1461,1.1537,1.1445,1.1519,1265469.0
1757217600000,1.1519,1.1549,1.1456,1.1497,1773452.0
1757232000000,1.1497,1.154,1.1456,1.1501,2123415.0
1757246400000,1.1501,1.1555,1.1468,1.155,1999981.0
1757260800000,1.155,1.1589,1.1496,1.155,1541107.0
1757275200000,1.155,1.1616,1.1526,1.1599,1085612.0
1757289600000,1.1599,1.1688,1.1569,1.1648,1736719.0
1757304000000,1.1648,1.1735,1.14,1.1516,6464717.0
1757318400000,1.1516,1.165,1.15,1.1628,3450859.0
1757332800000,1.1628,1.1935,1.1576,1.1799,5873673.0
1757347200000,1.1799,1.1843,1.1634,1.1724,3953814.0
1757361600000,1.1724,1.2345,1.1686,1.1852,14412477.0
1757376000000,1.1852,1.2206,1.1805,1.196,4379015.0
1757390400000,1.196,1.2383,1.1894,1.2281,7707887.0
1757404800000,1.2281,1.3,1.2255,1.2896,12814821.0
1757419200000,1.2896,1.301,1.2372,1.2476,13650409.0
1757433600000,1.2476,1.3368,1.2265,1.3248,12878883.0
1757448000000,1.3248,1.3614,1.3113,1.3489,6380001.0
1757462400000,1.3489,1.3828,1.3075,1.3712,9896812.0
1757476800000,1.3712,1.3849,1.3317,1.3785,13760010.0
1757491200000,1.3785,1.4665,1.3679,1.447,36588756.0
1757505600000,1.447,1.5141,1.4421,1.4659,23923126.0
1757520000000,1.4659,1.4889,1.424,1.4478,12491657.0
1757534400000,1.4478,1.524,1.4478,1.4779,9637271.0
1757548800000,1.4779,1.5728,1.4665,1.571,18175689.0
1757563200000,1.571,1.6775,1.5565,1.6022,35309008.0
1757577600000,1.6022,1.6546,1.5247,1.5454,22220078.0
1757592000000,1.5454,1.6456,1.5286,1.5903,32689930.0
1757606400000,1.5903,1.6329,1.5781,1.6291,13232916.0
1757620800000,1.6291,1.698,1.6098,1.6309,20580596.0
1757635200000,1.6309,1.67,1.5926,1.6083,13882079.0
1757649600000,1.6083,1.6613,1.5666,1.6002,14964905.0
1757664000000,1.6002,1.612,1.5693,1.5975,8024435.0
1757678400000,1.5975,1.6419,1.5975,1.6048,9571958.0
1757692800000,1.6048,1.6439,1.5909,1.6397,7364283.0
1757707200000,1.6397,1.73,1.6353,1.7181,18964553.0
1757721600000,1.7181,1.7635,1.6942,1.7121,12617550.0
1757736000000,1.7121,1.761,1.7044,1.7198,9819106.0
1757750400000,1.7198,1.7493,1.7013,1.7065,7200562.0
1757764800000,1.7065,1.7318,1.68,1.6875,10204400.0
1757779200000,1.6875,1.6974,1.614,1.6365,13252937.0
1757793600000,1.6365,1.6683,1.6309,1.6468,4940439.0
1757808000000,1.6468,1.6892,1.615,1.6838,8584310.0
1757822400000,1.6838,1.7009,1.6362,1.641,9891565.0
1757836800000,1.641,1.6534,1.6163,1.6185,4983598.0
1757851200000,1.6185,1.661,1.5347,1.554,19667095.0
1757865600000,1.554,1.6216,1.5492,1.6068,7343618.0
1757880000000,1.6068,1.6517,1.5896,1.6402,6015993.0
1757894400000,1.6402,1.6877,1.6164,1.6776,8915917.0
1757908800000,1.6776,1.6825,1.6261,1.6292,7458493.0
1757923200000,1.6292,1.7284,1.5937,1.7121,24037745.0
1757937600000,1.7121,1.7295,1.6464,1.6575,15561298.0
1757952000000,1.6575,1.6674,1.6276,1.6278,7760570.0
1757966400000,1.6278,1.6607,1.6206,1.6339,4780500.0
1757980800000,1.6339,1.6339,1.6017,1.6077,4214723.0
1757995200000,1.6077,1.6905,1.5991,1.686,7414462.0
1758009600000,1.686,1.715,1.6681,1.6844,15891190.0
1758024000000,1.6844,1.7018,1.6405,1.6871,10978758.0
1758038400000,1.6871,1.74,1.6552,1.6584,14031613.0
1758052800000,1.6584,1.7779,1.6504,1.7393,12369898.0
1758067200000,1.7393,1.7578,1.72,1.7337,8717914.0
1758081600000,1.7337,1.744,1.6775,1.7101,8521880.0
1758096000000,1.7101,1.7133,1.6702,1.6777,4935910.0
1758110400000,1.6777,1.6871,1.6279,1.6329,9059062.0
1758124800000,1.6329,1.6818,1.6303,1.6753,9530898.0
1758139200000,1.6753,1.7165,1.6418,1.6966,12511949.0
1758153600000,1.6966,1.7069,1.673,1.7005,4464324.0
1758168000000,1.7005,1.7224,1.6701,1.674,6400764.0
1758182400000,1.674,1.7694,1.6647,1.7598,14197583.0
1758196800000,1.7598,1.836,1.757,1.8239,28499475.0
1758211200000,1.8239,1.8635,1.809,1.8172,15467584.0
1758225600000,1.8172,1.8305,1.7715,1.7736,8438790.0
1758240000000,1.7736,1.8043,1.7437,1.7442,8771846.0
1758254400000,1.7442,1.7623,1.7186,1.7241,9936550.0
1758268800000,1.7241,1.7475,1.685,1.6867,10349870.0
1758283200000,1.6867,1.7187,1.6455,1.6636,11347176.0
1758297600000,1.6636,1.6896,1.6491,1.6525,6263208.0
1758312000000,1.6525,1.6649,1.64,1.6486,3277446.0
1758326400000,1.6486,1.6649,1.638,1.6495,3629539.0
1758340800000,1.6495,1.677,1.6443,1.671,2862111.0
1758355200000,1.671,1.7041,1.661,1.7033,5109693.0
1758369600000,1.7033,1.7328,1.6956,1.7048,9246962.0
1758384000000,1.7048,1.7329,1.6802,1.6874,6263737.0
1758398400000,1.6874,1.6967,1.6671,1.6707,3749913.0
1758412800000,1.6707,1.6836,1.6631,1.6705,1954746.0
1758427200000,1.6705,1.6726,1.6418,1.6435,4611072.0
1758441600000,1.6435,1.6499,1.5495,1.5586,20407408.0
1758456000000,1.5586,1.5842,1.5558,1.5744,6218964.0
1758470400000,1.5744,1.5829,1.5435,1.5657,6969401.0
1758484800000,1.5657,1.5858,1.5502,1.551,3798568.0
1758499200000,1.551,1.5639,1.4921,1.5208,18595647.0
1758513600000,1.5208,1.6468,1.4399,1.6105,33586495.0
1758528000000,1.6105,1.646,1.5769,1.6209,14788611.0
1758542400000,1.6209,1.6987,1.6103,1.6633,18822199.0
1758556800000,1.6633,1.7158,1.6541,1.6704,12748330.0
1758571200000,1.6704,1.7446,1.6691,1.733,9672690.0
1758585600000,1.733,1.7489,1.6466,1.697,15650346.0
1758600000000,1.697,1.7638,1.6799,1.753,12686724.0
1758614400000,1.753,1.8295,1.7411,1.8049,17853940.0
1758628800000,1.8049,1.8516,1.7766,1.8468,19558176.0
1758643200000,1.8468,1.912,1.7905,1.8021,26078737.0
1758657600000,1.8021,1.835,1.7621,1.7625,8291938.0
1758672000000,1.7625,1.7979,1.7115,1.7122,11772149.0
1758686400000,1.7122,1.85,1.7023,1.8422,16313687.0
1758700800000,1.8422,1.8482,1.7816,1.8081,11784591.0
1758715200000,1.8081,1.8184,1.7207,1.7513,14335634.0
1758729600000,1.7513,1.7548,1.6817,1.692,10967733.0
1758744000000,1.692,1.7279,1.67,1.7269,7083674.0
1758758400000,1.7269,1.7298,1.6457,1.6624,11016449.0
1758772800000,1.6624,1.6673,1.6013,1.6192,14168863.0
1758787200000,1.6192,1.7189,1.6181,1.6593,14705534.0
1758801600000,1.6593,1.668,1.5788,1.5939,22760161.0
1758816000000,1.5939,1.675,1.5602,1.6337,20126654.0
1758830400000,1.6337,1.6625,1.5962,1.5964,8499455.0
1758844800000,1.5964,1.69,1.5823,1.687,12343340.8
1758859200000,1.687,1.7073,1.6614,1.6965,8610282.2
1758873600000,1.6965,1.7173,1.6467,1.6873,12487409.1
1758888000000,1.6873,1.7315,1.6388,1.6548,15950885.8
1758902400000,1.6548,1.7436,1.6515,1.6998,11071109.7
1758916800000,1.6998,1.7579,1.691,1.7522,6465906.2
1758931200000,1.7522,1.8364,1.7345,1.7863,19532611.6
1758945600000,1.7863,1.8081,1.715,1.7834,16049771.0
1758960000000,1.7834,1.8444,1.7526,1.8058,23068176.2
1758974400000,1.8058,1.8124,1.7515,1.7829,9934162.8
1758988800000,1.7829,1.7921,1.7377,1.7511,6280921.3
1759003200000,1.7511,1.7591,1.7055,1.7096,5411798.7
1759017600000,1.7096,1.7657,1.695,1.7366,8833424.1
1759032000000,1.7366,1.7514,1.7246,1.7261,3993874.7
1759046400000,1.7261,1.7298,1.6807,1.7097,6808387.4
1759060800000,1.7097,1.7473,1.6967,1.7362,6262725.7
1759075200000,1.7362,1.7689,1.7291,1.763,5877857.6
1759089600000,1.763,1.8019,1.7482,1.7819,7276444.2
1759104000000,1.7819,1.7912,1.7372,1.7408,5029357.4
1759118400000,1.7408,1.82,1.721,1.8193,11481282.6
1759132800000,1.8193,1.8913,1.8133,1.8279,22359326.0
1759147200000,1.8279,1.9342,1.8202,1.8988,24929372.0
1759161600000,1.8988,1.9226,1.8664,1.896,12303750.2
1759176000000,1.896,1.9485,1.89,1.9172,12061283.7
1759190400000,1.9172,1.9237,1.8261,1.8372,10891797.6
1759204800000,1.8372,1.8586,1.8078,1.8429,10769560.9
1759219200000,1.8429,1.9051,1.7893,1.8111,20208391.4
1759233600000,1.8111,1.8178,1.7467,1.7497,14475664.3
1759248000000,1.7497,1.7845,1.73,1.7777,8841289.2
1759262400000,1.7777,1.8122,1.7525,1.7656,7962757.7
1759276800000,1.7656,1.7904,1.7347,1.776,7151736.7
1759291200000,1.776,1.8328,1.7732,1.7978,10313299.2
1759305600000,1.7978,1.8786,1.79,1.8759,12643581.4
1759320000000,1.8759,1.928,1.8407,1.8937,16930092.1
1759334400000,1.8937,1.9448,1.8726,1.8758,15677837.2
1759348800000,1.8758,1.8993,1.8647,1.8969,4958069.1
1759363200000,1.8969,1.9519,1.8702,1.8964,13838306.7
1759377600000,1.8964,1.95,1.8749,1.9339,9793545.9
1759392000000,1.9339,1.9845,1.9312,1.9827,12750905.5
1759406400000,1.9827,2.0,1.915,1.9674,20022745.2
1759420800000,1.9674,1.975,1.9352,1.9584,6617132.1
1759435200000,1.9584,1.9908,1.9575,1.9742,4886071.8
1759449600000,1.9742,1.98,1.9332,1.9396,5011938.0
1759464000000,1.9396,1.9699,1.9178,1.9242,6038675.5
1759478400000,1.9242,1.9748,1.9005,1.9515,9006975.7
1759492800000,1.9515,1.972,1.9281,1.9568,7687562.9
1759507200000,1.9568,1.9789,1.9242,1.9326,8605452.5
1759521600000,1.9326,1.945,1.912,1.9249,3425877.8
1759536000000,1.9249,1.9257,1.9015,1.91,3520805.8
1759550400000,1.91,1.9799,1.9097,1.9504,9447315.4
1759564800000,1.9504,1.9661,1.93,1.9428,6811326.6
1759579200000,1.9428,1.9502,1.916,1.943,6087129.1
1759593600000,1.943,1.9667,1.9414,1.9517,5280258.7
1759608000000,1.9517,1.978,1.948,1.9606,4752268.0
1759622400000,1.9606,1.9999,1.9483,1.9904,7736372.5
1759636800000,1.9904,2.0573,1.965,2.0498,18403476.2
1759651200000,2.0498,2.0982,2.0164,2.0965,18168494.8
1759665600000,2.0965,2.1303,2.0541,2.0695,18798464.5
1759680000000,2.0695,2.0832,2.0498,2.0647,5934677.1
1759694400000,2.0647,2.1269,2.0575,2.117,8101087.8
1759708800000,2.117,2.166,2.0924,2.0967,14061416.9
1759723200000,2.0967,2.1608,2.0871,2.1541,9952426.6
1759737600000,2.1541,2.2971,2.1201,2.2901,22860475.5
1759752000000,2.2901,2.45,2.2728,2.3921,51450878.3
1759766400000,2.3921,2.4467,2.3672,2.3894,19322038.8
1759780800000,2.3894,2.475,2.2977,2.4742,27219302.4
1759795200000,2.4742,2.483,2.3285,2.3323,13926806.4
1759809600000,2.3323,2.3705,2.205,2.2546,24475012.7
1759824000000,2.2546,2.3798,2.2457,2.3254,18403395.9
1759838400000,2.3254,2.372,2.2273,2.2955,28694780.1
1759852800000,2.2955,2.4065,2.2603,2.3959,19595170.1
1759867200000,2.3959,2.4525,2.2936,2.2954,21110708.2
1759881600000,2.2954,2.3764,2.2743,2.2764,10601601.0
1759896000000,2.2764,2.42,2.2749,2.3867,12378759.0
1759910400000,2.3867,2.4799,2.3587,2.4303,18831076.0
1759924800000,2.4303,2.5648,2.4175,2.5077,36412095.2
1759939200000,2.5077,2.8243,2.48,2.7174,45479423.9
1759953600000,2.7174,2.7273,2.6085,2.6858,11663608.3
1759968000000,2.6858,2.8799,2.6819,2.7094,36456161.0
1759982400000,2.7094,2.8357,2.67,2.6803,21994230.8
1759996800000,2.6803,2.6803,2.5054,2.581,52079829.2
1760011200000,2.581,2.6313,2.415,2.4272,38618286.1
1760025600000,2.4272,2.4488,2.2918,2.3571,39030024.6
1760040000000,2.3571,2.4149,2.3195,2.3376,18156573.0
1760054400000,2.3376,2.4065,2.256,2.285,19936340.5
1760068800000,2.285,2.3722,2.1617,2.1918,31056980.7
1760083200000,2.1918,2.28,2.1708,2.2137,24706555.8
1760097600000,2.2137,2.266,1.995,2.0418,69280449.7
1760112000000,2.0418,2.1378,2.001,2.0467,50976421.5
1760126400000,2.0467,2.0532,1.0914,1.7185,212373606.6
1760140800000,1.7185,1.8358,1.6324,1.74,61639997.1
1760155200000,1.74,1.875,1.7388,1.7909,41363192.3
1760169600000,1.7909,1.8584,1.738,1.7873,31968747.7
1760184000000,1.7873,1.8117,1.643,1.7064,40786510.0
1760198400000,1.7064,1.7264,1.5824,1.5909,26590118.8
1760212800000,1.5909,1.64,1.5224,1.6209,35339504.2
1760227200000,1.6209,1.6394,1.4954,1.5747,31612078.3
1760241600000,1.5747,1.6905,1.5656,1.6625,26596377.1
1760256000000,1.6625,1.8516,1.6398,1.805,46331271.9
1760270400000,1.805,2.2,1.7997,2.125,100201301.2
1760284800000,2.125,2.308,2.0862,2.1956,72775632.1
1760299200000,2.1956,2.2946,2.1071,2.2428,44834780.7
1760313600000,2.2428,2.2491,2.05,2.0602,29218586.1
1760328000000,2.0602,2.25,1.95,2.1958,52435225.6
1760342400000,2.1958,2.2298,2.043,2.076,43683949.6
1760356800000,2.076,2.192,2.0017,2.0516,58901577.7
1760371200000,2.0516,2.1473,1.9733,2.1242,38976006.3
1760385600000,2.1242,2.1674,2.0979,2.116,17002677.4
1760400000000,2.116,2.176,2.0149,2.0231,29998640.1
1760414400000,2.0231,2.0604,1.8921,1.9252,57069231.2
1760428800000,1.9252,1.9317,1.7639,1.8577,66699226.3
1760443200000,1.8577,1.9758,1.7906,1.9755,62296202.8
1760457600000,1.9755,2.064,1.9101,1.9656,54925094.9
1760472000000,1.9656,2.0254,1.9573,1.9729,20439625.3
1760486400000,1.9729,2.03,1.9193,1.9266,23802899.6
1760500800000,1.9266,1.9543,1.8704,1.9406,25656948.2
1760515200000,1.9406,2.0049,1.9121,1.9517,27549746.7
1760529600000,1.9517,1.9644,1.8227,1.84,39747336.2
1760544000000,1.84,1.8964,1.8137,1.8416,20831164.7
1760558400000,1.8416,1.8526,1.7846,1.8116,19568388.4
1760572800000,1.8116,1.8577,1.7712,1.8393,13571913.5
1760587200000,1.8393,1.8944,1.8103,1.8627,14490908.6
1760601600000,1.8627,1.8822,1.738,1.8626,33522012.1
1760616000000,1.8626,1.9178,1.7122,1.724,39592047.6
1760630400000,1.724,1.75,1.67,1.7156,35660684.9
1760644800000,1.7156,1.7455,1.658,1.7135,17479114.1
1760659200000,1.7135,1.7343,1.6843,1.7041,11246020.8
1760673600000,1.7041,1.7083,1.513,1.5161,41454648.5
1760688000000,1.5161,1.6428,1.5086,1.6087,55406367.5
1760702400000,1.6087,1.6238,1.5221,1.5915,38130801.2
1760716800000,1.5915,1.6141,1.5674,1.5845,18311492.1
1760731200000,1.5845,1.6324,1.5775,1.6025,11183270.5
1760745600000,1.6025,1.6699,1.5907,1.6651,11103472.5
1760760000000,1.6651,1.6745,1.6158,1.6489,13295419.6
1760774400000,1.6489,1.6664,1.6275,1.6547,9577845.5
1760788800000,1.6547,1.6619,1.5973,1.6227,13175991.0
1760803200000,1.6227,1.6435,1.5773,1.6402,10481043.3
1760817600000,1.6402,1.671,1.6299,1.6677,7662501.2
1760832000000,1.6677,1.7745,1.6418,1.7689,14326593.4
1760846400000,1.7689,1.7884,1.7122,1.7298,19003543.4
1760860800000,1.7298,1.8038,1.6918,1.7632,27603288.2
1760875200000,1.7632,1.8865,1.7456,1.8399,25866682.8
1760889600000,1.8399,1.8591,1.8155,1.8342,13201543.4
1760904000000,1.8342,1.9091,1.8179,1.8611,18475935.7
1760918400000,1.8611,1.9376,1.8027,1.9277,24678217.3
1760932800000,1.9277,1.9613,1.8697,1.8774,19573144.3
1760947200000,1.8774,1.9139,1.805,1.8285,22374837.9
1760961600000,1.8285,1.8634,1.7962,1.8215,17139443.6
1760976000000,1.8215,1.8388,1.7336,1.7819,24315768.1
1760990400000,1.7819,1.8326,1.7734,1.8087,9703753.3
1761004800000,1.8087,1.8124,1.7422,1.7476,12314751.5
1761019200000,1.7476,1.762,1.6925,1.7443,22588982.4
1761033600000,1.7443,1.7453,1.6914,1.7233,14093199.3
1761048000000,1.7233,1.8499,1.704,1.8322,34821135.8
1761062400000,1.8322,1.8464,1.704,1.7247,29204483.9
1761076800000,1.7247,1.7326,1.6183,1.6287,21854724.2
1761091200000,1.6287,1.6449,1.5707,1.5858,19945574.5
1761105600000,1.5858,1.6073,1.5622,1.6039,10831795.5
1761120000000,1.6039,1.6302,1.5773,1.61,18757037.5
1761134400000,1.61,1.6579,1.6051,1.6372,19896703.3
1761148800000,1.6372,1.6675,1.6035,1.6285,12241556.6
1761163200000,1.6285,1.6377,1.512,1.5925,19640103.9
1761177600000,1.5925,1.6665,1.5801,1.6474,11441347.2
1761192000000,1.6474,1.7,1.6369,1.6759,14845681.1
1761206400000,1.6759,1.7132,1.663,1.6708,11207872.0
1761220800000,1.6708,1.7088,1.6511,1.6782,15301351.6
1761235200000,1.6782,1.7199,1.6669,1.679,10770987.0
1761249600000,1.679,1.6919,1.6568,1.6844,4748343.2
1761264000000,1.6844,1.7255,1.6613,1.677,7964731.0
1761278400000,1.677,1.7122,1.6702,1.6911,8575220.5
1761292800000,1.6911,1.7065,1.6666,1.6813,7429891.3
1761307200000,1.6813,1.731,1.596,1.6228,27487114.3
1761321600000,1.6228,1.6572,1.6098,1.6473,8221155.6
1761336000000,1.6473,1.6603,1.6358,1.6428,4159540.6
1761350400000,1.6428,1.6563,1.6226,1.6312,4470684.1
1761364800000,1.6312,1.6494,1.6205,1.6417,4805972.2
1761379200000,1.6417,1.6677,1.6383,1.6517,4816236.0
1761393600000,1.6517,1.6599,1.6308,1.6354,4558606.5
1761408000000,1.6354,1.6815,1.6305,1.6732,5955444.9
1761422400000,1.6732,1.68,1.6533,1.6581,3843977.8
1761436800000,1.6581,1.6785,1.626,1.6308,5832244.4
1761451200000,1.6308,1.6618,1.6289,1.6612,2829170.9
1761465600000,1.6612,1.7981,1.6546,1.7897,21582512.7
1761480000000,1.7897,1.7988,1.7255,1.7506,14601756.5
1761494400000,1.7506,1.7571,1.734,1.7439,4576317.1
1761508800000,1.7439,1.7989,1.7227,1.7737,11707793.5
1761523200000,1.7737,1.7952,1.6856,1.7213,14495541.2
1761537600000,1.7213,1.7576,1.7153,1.7255,11987376.1
1761552000000,1.7255,1.7285,1.6696,1.6946,15148717.8
1761566400000,1.6946,1.7,1.6433,1.6801,12377714.9
1761580800000,1.6801,1.7227,1.6798,1.6942,9528029.9
1761595200000,1.6942,1.6942,1.6531,1.6632,7633825.1
1761609600000,1.6632,1.691,1.6583,1.6742,6237583.1
1761624000000,1.6742,1.6743,1.57,1.6326,15729294.3
1761638400000,1.6326,1.6599,1.6225,1.6442,5850646.3
1761652800000,1.6442,1.6851,1.62,1.6349,9467448.4
1761667200000,1.6349,1.6534,1.5902,1.6034,8426647.3
1761681600000,1.6034,1.6127,1.5729,1.6065,7835785.5
1761696000000,1.6065,1.6157,1.5847,1.5917,3627933.3
1761710400000,1.5917,1.5944,1.5448,1.5637,9545620.3
1761724800000,1.5637,1.6027,1.5598,1.5961,4784761.8
1761739200000,1.5961,1.6103,1.5558,1.5733,8346824.0
1761753600000,1.5733,1.616,1.5501,1.6037,15854143.1
1761768000000,1.6037,1.63,1.5782,1.5839,6525409.3
1761782400000,1.5839,1.6375,1.5725,1.6175,5285884.5
1761796800000,1.6175,1.6187,1.55,1.6121,13082789.2
1761811200000,1.6121,1.6132,1.5277,1.5583,10002811.4
1761825600000,1.5583,1.5627,1.4631,1.4717,30381779.1
1761840000000,1.4717,1.4825,1.3703,1.3822,35632498.1
1761854400000,1.3822,1.4462,1.3755,1.4388,10866332.9
1761868800000,1.4388,1.454,1.4124,1.4283,7371221.2
1761883200000,1.4283,1.4755,1.4266,1.4662,6541487.6
1761897600000,1.4662,1.4731,1.4335,1.4651,7221948.6
1761912000000,1.4651,1.495,1.4455,1.4739,8260907.0
1761926400000,1.4739,1.4769,1.4191,1.4666,9150972.3
1761940800000,1.4666,1.4698,1.4461,1.454,3679816.1
1761955200000,1.454,1.4661,1.4322,1.4366,3594474.5
1761969600000,1.4366,1.4506,1.4225,1.4506,4109318.7
1761984000000,1.4506,1.455,1.4323,1.448,3625141.9
1761998400000,1.448,1.4497,1.4049,1.4308,7055045.1
1762012800000,1.4308,1.4497,1.427,1.4398,3667016.6
1762027200000,1.4398,1.4454,1.42,1.4422,2774594.5
1762041600000,1.4422,1.4425,1.4142,1.417,2996044.3
1762056000000,1.417,1.4599,1.4156,1.4525,4399883.4
1762070400000,1.4525,1.4615,1.4124,1.4384,5199440.0
1762084800000,1.4384,1.439,1.396,1.3976,7667187.1
1762099200000,1.3976,1.411,1.3854,1.4024,4945688.7
1762113600000,1.4024,1.4343,1.3993,1.4298,2843052.3
1762128000000,1.4298,1.4324,1.2954,1.3002,21260455.1
1762142400000,1.3002,1.3182,1.2654,1.289,14049817.1
1762156800000,1.289,1.3051,1.2722,1.2856,20358026.2
1762171200000,1.2856,1.3016,1.1783,1.2223,32656242.0
1762185600000,1.2223,1.2688,1.2137,1.2209,11500167.9
1762200000000,1.2209,1.2349,1.1855,1.2282,10892255.8
1762214400000,1.2282,1.2599,1.216,1.2487,8806001.1
1762228800000,1.2487,1.2545,1.1653,1.184,18539382.9
1762243200000,1.184,1.2476,1.1767,1.2414,14384772.0
1762257600000,1.2414,1.2734,1.2186,1.2349,13873637.3
1762272000000,1.2349,1.2634,1.1879,1.2571,22593472.4
1762286400000,1.2571,1.3304,1.192,1.2696,52604708.2
1762300800000,1.2696,1.2769,1.2062,1.2561,15372803.5
1762315200000,1.2561,1.2917,1.2501,1.2876,6742731.3
1762329600000,1.2876,1.2878,1.2322,1.2653,11379320.3
1762344000000,1.2653,1.2841,1.2521,1.2771,9607988.9
1762358400000,1.2771,1.2868,1.2624,1.2775,7751156.5
1762372800000,1.2775,1.29,1.2365,1.247,8718502.4
1762387200000,1.247,1.247,1.1984,1.2265,9857985.2
1762401600000,1.2265,1.2398,1.2,1.2114,6641041.3
1762416000000,1.2114,1.2367,1.2022,1.2321,6930474.0
1762430400000,1.2321,1.2441,1.2007,1.2208,11707142.6
1762444800000,1.2208,1.236,1.2035,1.2286,7165814.0
1762459200000,1.2286,1.238,1.2037,1.2103,4026623.6
1762473600000,1.2103,1.243,1.2073,1.2348,4871666.3
1762488000000,1.2348,1.2804,1.2277,1.2794,5345332.4
1762502400000,1.2794,1.3441,1.2351,1.2592,27838643.2
1762516800000,1.2592,1.2984,1.2184,1.2925,14637166.6
1762531200000,1.2925,1.356,1.2893,1.341,19412297.2
1762545600000,1.341,1.343,1.2875,1.291,7244038.6
1762560000000,1.291,1.3026,1.2577,1.2592,8924559.6
1762574400000,1.2592,1.3095,1.2584,1.3043,9671343.6
1762588800000,1.3043,1.3348,1.2907,1.314,6815626.0
1762603200000,1.314,1.3223,1.257,1.2776,10188670.8
1762617600000,1.2776,1.3456,1.2704,1.3216,8539102.2
1762632000000,1.3216,1.3667,1.3211,1.3358,4823313.2
1762646400000,1.3358,1.3558,1.307,1.3175,5413366.7
1762660800000,1.3175,1.3419,1.296,1.3206,6260090.2
1762675200000,1.3206,1.3389,1.2801,1.3077,13273640.6
1762689600000,1.3077,1.3579,1.2834,1.3289,13336857.8
1762704000000,1.3289,1.3477,1.3067,1.3405,9688671.1
1762718400000,1.3405,1.3599,1.3231,1.3346,5628839.8
1762732800000,1.3346,1.3757,1.32,1.3482,8475517.4
1762747200000,1.3482,1.352,1.3293,1.3417,4328228.5
1762761600000,1.3417,1.3519,1.3128,1.3375,9230330.0
1762776000000,1.3375,1.3448,1.296,1.3059,8767434.8
1762790400000,1.3059,1.319,1.2861,1.3129,6085597.1
1762804800000,1.3129,1.3252,1.294,1.32,3634294.8
1762819200000,1.32,1.3401,1.3013,1.3269,5751573.0
1762833600000,1.3269,1.3293,1.275,1.2758,6058471.0
1762848000000,1.2758,1.2827,1.2327,1.2568,15185272.2
1762862400000,1.2568,1.2728,1.2445,1.2601,6402475.4
1762876800000,1.2601,1.2712,1.2453,1.2501,4516714.7
1762891200000,1.2501,1.255,1.2339,1.2364,3324018.4
1762905600000,1.2364,1.2533,1.2282,1.2469,3628382.6
1762920000000,1.2469,1.2675,1.2442,1.2526,2210180.0
1762934400000,1.2526,1.2915,1.2513,1.285,4376807.2
1762948800000,1.285,1.3048,1.2449,1.252,11129997.4
1762963200000,1.252,1.2798,1.234,1.2522,12611479.1
1762977600000,1.2522,1.2735,1.2505,1.2633,4241012.1
1762992000000,1.2633,1.2876,1.26,1.2767,2896777.1
1763006400000,1.2767,1.3016,1.2726,1.2874,3904327.5
1763020800000,1.2874,1.3046,1.2745,1.2805,5776514.0
1763035200000,1.2805,1.2937,1.2502,1.2526,8524699.1
1763049600000,1.2526,1.2588,1.1903,1.2003,11966329.3
1763064000000,1.2003,1.2339,1.19,1.2225,4736567.4
1763078400000,1.2225,1.2238,1.2022,1.2068,3525977.6
1763092800000,1.2068,1.2374,1.1569,1.22,17074461.2
1763107200000,1.22,1.22,1.1649,1.1745,6834480.6
1763121600000,1.1745,1.2058,1.1559,1.196,13495717.8
1763136000000,1.196,1.2096,1.1856,1.2011,4403219.3
1763150400000,1.2011,1.2011,1.1602,1.17,4367983.3
1763164800000,1.17,1.2034,1.1684,1.1982,2730677.6
1763179200000,1.1982,1.2083,1.1942,1.1995,2115226.9
1763193600000,1.1995,1.1996,1.1725,1.183,3403118.0
1763208000000,1.183,1.2018,1.1819,1.1959,2102674.8
1763222400000,1.1959,1.2076,1.188,1.1969,2742082.3
1763236800000,1.1969,1.2018,1.1883,1.2015,1723186.0
1763251200000,1.2015,1.2189,1.1913,1.2156,3472382.4
1763265600000,1.2156,1.2192,1.2061,1.2154,2230551.0
1763280000000,1.2154,1.2184,1.1994,1.2014,3165152.5
1763294400000,1.2014,1.2056,1.1737,1.1751,5544009.2
1763308800000,1.1751,1.206,1.1714,1.1935,7421238.7
1763323200000,1.1935,1.2002,1.1659,1.1921,5137789.2
1763337600000,1.1921,1.2022,1.1798,1.1904,3690969.4
1763352000000,1.1904,1.198,1.1841,1.195,2293428.8
1763366400000,1.195,1.202,1.1924,1.198,2209544.4
1763380800000,1.198,1.208,1.1585,1.1667,12071324.8
1763395200000,1.1667,1.1695,1.1,1.1016,15252546.0
1763409600000,1.1016,1.1139,1.0947,1.1064,5893689.8
1763424000000,1.1064,1.1111,1.0463,1.0757,14392326.4
1763438400000,1.0757,1.0899,1.0527,1.0768,8549346.0
1763452800000,1.0768,1.092,1.0696,1.0809,5900041.9
1763467200000,1.0809,1.1142,1.067,1.1104,9759947.8
1763481600000,1.1104,1.1392,1.1014,1.1077,8258515.9
1763496000000,1.1077,1.114,1.092,1.1083,3317026.8
1763510400000,1.1083,1.1268,1.0946,1.1203,3618110.6
1763524800000,1.1203,1.1284,1.084,1.1147,5013717.9
1763539200000,1.1147,1.1245,1.1022,1.1194,4113283.4
1763553600000,1.1194,1.1285,1.0972,1.0981,6987336.4
1763568000000,1.0981,1.1066,1.05,1.0629,7937758.7
1763582400000,1.0629,1.1185,1.0592,1.1181,6881353.1
1763596800000,1.1181,1.1265,1.1042,1.1121,3373961.4
1763611200000,1.1121,1.1136,1.0962,1.1104,4084373.8
1763625600000,1.1104,1.1129,1.0953,1.1066,3645027.8
1763640000000,1.1066,1.115,1.0736,1.076,7206820.0
1763654400000,1.076,1.078,1.0363,1.0505,11984789.4
1763668800000,1.0505,1.0713,1.0404,1.0429,4326383.7
1763683200000,1.0429,1.0568,1.0131,1.0244,7239923.0
1763697600000,1.0244,1.0263,0.8283,0.9422,28823097.3
1763712000000,0.9422,0.954,0.9091,0.9136,12816612.1
1763726400000,0.9136,0.9452,0.8861,0.9259,17202300.8
1763740800000,0.9259,0.9678,0.9131,0.9393,12065742.5
1763755200000,0.9393,0.9517,0.922,0.9469,6553218.9
1763769600000,0.9469,0.9593,0.9448,0.9538,3343270.2
1763784000000,0.9538,0.9679,0.9312,0.9577,6588677.7
1763798400000,0.9577,0.9654,0.9376,0.9528,6231017.0
1763812800000,0.9528,0.9692,0.9471,0.9679,5098944.8
1763827200000,0.9679,0.9911,0.9667,0.9879,6651947.4
1763841600000,0.9879,0.997,0.9749,0.9866,3731683.9
1763856000000,0.9866,1.0201,0.9865,1.0199,4495336.4
1763870400000,1.0199,1.0654,1.006,1.0219,12578816.3
1763884800000,1.0219,1.0379,1.0003,1.0121,7337348.0
1763899200000,1.0121,1.0266,1.005,1.0151,8180484.7
1763913600000,1.0151,1.0259,1.0073,1.018,4137211.4
1763928000000,1.018,1.0345,1.0142,1.0151,3332828.3
1763942400000,1.0151,1.0362,1.005,1.0287,4780104.3
1763956800000,1.0287,1.0303,1.01,1.018,4336978.2
1763971200000,1.018,1.0252,1.0072,1.0098,4608723.1
1763985600000,1.0098,1.0099,0.9768,0.9915,9255999.1
1764000000000,0.9915,1.0331,0.9915,1.0169,9662714.0
1764014400000,1.0169,1.0312,1.0169,1.0209,2582280.9
1764028800000,1.0209,1.0296,1.0052,1.0119,2750957.0
1764043200000,1.0119,1.0204,0.9966,1.0016,3576872.4
1764057600000,1.0016,1.0139,0.9778,1.0006,8693308.4
1764072000000,1.0006,1.0176,0.9831,1.0059,6425622.8
1764086400000,1.0059,1.0248,1.0024,1.0133,4107587.7
1764100800000,1.0133,1.0311,1.0057,1.0256,2274007.5
1764115200000,1.0256,1.0335,1.0102,1.0125,1918898.9
1764129600000,1.0125,1.0168,1.0065,1.0128,2059374.2
1764144000000,1.0128,1.0135,0.9966,1.002,3611619.8
1764158400000,1.002,1.0067,0.9921,1.0009,3878523.0
1764172800000,1.0009,1.0539,1.0006,1.0464,6993253.1
1764187200000,1.0464,1.0787,1.0412,1.0691,4340674.1
1764201600000,1.0691,1.0906,1.0625,1.0728,4630447.2
1764216000000,1.0728,1.0778,1.0477,1.0486,3272174.1
1764230400000,1.0486,1.0785,1.0421,1.0616,5337613.0
1764244800000,1.0616,1.0757,1.0541,1.0732,2967605.1
1764259200000,1.0732,1.0827,1.07,1.0787,2379019.4
1764273600000,1.0787,1.0803,1.0606,1.0625,1516883.9
1764288000000,1.0625,1.0628,1.0432,1.0569,1993192.3
1764302400000,1.0569,1.0707,1.0331,1.0573,6569285.4
1764316800000,1.0573,1.0996,1.0572,1.0952,4877017.1
1764331200000,1.0952,1.1059,1.0701,1.084,6312491.0
1764345600000,1.084,1.0843,1.0385,1.0704,7010201.3
1764360000000,1.0704,1.0783,1.0647,1.0748,1524226.2
1764374400000,1.0748,1.0838,1.0688,1.0695,1290621.3
1764388800000,1.0695,1.0995,1.0604,1.0691,5500726.7
1764403200000,1.0691,1.0972,1.0674,1.086,4304067.6
1764417600000,1.086,1.0931,1.048,1.0845,5837534.5
1764432000000,1.0845,1.0848,1.062,1.0687,2311274.1
1764446400000,1.0687,1.104,1.0681,1.0856,4830990.0
1764460800000,1.0856,1.0905,1.0724,1.0827,1839104.1
1764475200000,1.0827,1.115,1.0511,1.1022,8409477.0
1764489600000,1.1022,1.1232,1.0824,1.0841,6776964.7
1764504000000,1.0841,1.1259,1.0824,1.0967,12039371.5
1764518400000,1.0967,1.1181,1.0859,1.091,12187065.9
1764532800000,1.091,1.0995,1.0642,1.0656,3306518.7
1764547200000,1.0656,1.0683,0.9812,0.9842,13919508.5
1764561600000,0.9842,1.0041,0.9645,1.0031,6136536.0
1764576000000,1.0031,1.0062,0.9838,0.9852,5047320.1
1764590400000,0.9852,0.9854,0.947,0.9621,8722883.2
1764604800000,0.9621,0.9742,0.9569,0.97,4249133.6
1764619200000,0.97,0.9877,0.9523,0.9745,7494544.6
1764633600000,0.9745,1.0112,0.9683,0.9914,4663080.5
1764648000000,0.9914,0.9957,0.9652,0.9825,7127791.2
1764662400000,0.9825,1.0061,0.9667,0.9827,17514964.1
1764676800000,0.9827,1.0393,0.9809,1.0343,8183639.5
1764691200000,1.0343,1.044,1.0223,1.0291,5563725.9
1764705600000,1.0291,1.0376,1.0186,1.0243,2978750.2
1764720000000,1.0243,1.0396,1.0226,1.0367,2392475.1
1764734400000,1.0367,1.0604,1.0361,1.041,4364349.8
1764748800000,1.041,1.0712,1.0367,1.0619,7208142.2
1764763200000,1.0619,1.0758,1.0393,1.0633,7002231.5
1764777600000,1.0633,1.0832,1.0539,1.0777,2762348.2
1764792000000,1.0777,1.1125,1.0776,1.1051,3831518.6
1764806400000,1.1051,1.1339,1.0888,1.1006,10479706.9
1764820800000,1.1006,1.1007,1.0818,1.0909,3212821.0
1764835200000,1.0909,1.0927,1.0742,1.0796,2691662.4
1764849600000,1.0796,1.0815,1.0463,1.0677,6758728.0
1764864000000,1.0677,1.0839,1.0404,1.0581,11555479.3
1764878400000,1.0581,1.0619,1.0493,1.0561,2170491.6
1764892800000,1.0561,1.086,1.0531,1.0632,7098819.5
1764907200000,1.0632,1.0693,1.0552,1.0687,1682209.7
1764921600000,1.0687,1.0749,1.0412,1.0632,5247184.7
1764936000000,1.0632,1.0682,1.0461,1.0547,4565765.9
1764950400000,1.0547,1.1039,1.0216,1.0931,23887913.4
1764964800000,1.0931,1.0976,1.0818,1.0876,2699230.2
1764979200000,1.0876,1.1036,1.057,1.0897,5674143.3
1764993600000,1.0897,1.0956,1.0603,1.0647,4095719.2
1765008000000,1.0647,1.0758,1.0584,1.0721,1984744.8
1765022400000,1.0721,1.0891,1.0662,1.0825,3287752.0
1765036800000,1.0825,1.0847,1.055,1.0638,5168325.2
1765051200000,1.0638,1.071,1.0611,1.0646,1477850.7
1765065600000,1.0646,1.0777,1.0622,1.0742,1581367.5
1765080000000,1.0742,1.0876,1.056,1.0708,3545205.8
1765094400000,1.0708,1.088,1.0657,1.0857,2182384.1
1765108800000,1.0857,1.1,1.0668,1.0905,6410662.7
1765123200000,1.0905,1.1333,1.0837,1.1276,8247817.7
1765137600000,1.1276,1.1299,1.0833,1.0946,4558464.5
1765152000000,1.0946,1.1144,1.081,1.1139,6954419.6
1765166400000,1.1139,1.1208,1.11,1.1154,2214861.8
1765180800000,1.1154,1.139,1.1144,1.1344,3796779.0
1765195200000,1.1344,1.1374,1.1023,1.1144,8706917.1
1765209600000,1.1144,1.1207,1.0828,1.0943,16348089.3
1765224000000,1.0943,1.11,1.0916,1.0926,2261658.5
1765238400000,1.0926,1.1281,1.0851,1.1275,10928265.7
1765252800000,1.1275,1.1398,1.0973,1.1126,5966676.9
1765267200000,1.1126,1.1127,1.1015,1.1063,2686380.4
1765281600000,1.1063,1.1328,1.102,1.1279,4602706.1
1765296000000,1.1279,1.1546,1.0976,1.1323,37385204.5
1765310400000,1.1323,1.1323,1.1021,1.1122,4356557.4
1765324800000,1.1122,1.1628,1.1012,1.1461,16544679.0
1765339200000,1.1461,1.1708,1.1409,1.1475,5395699.5
1765353600000,1.1475,1.1673,1.1404,1.1525,6508011.3
1765368000000,1.1525,1.1896,1.146,1.1636,9204865.6
1765382400000,1.1636,1.177,1.1384,1.17,27835218.0
1765396800000,1.17,1.1862,1.146,1.1639,5257010.9
1765411200000,1.1639,1.1717,1.1151,1.1319,12412257.2
1765425600000,1.1319,1.1479,1.1219,1.1446,4217221.1
1765440000000,1.1446,1.1526,1.1367,1.1487,3011740.5
1765454400000,1.1487,1.1492,1.1223,1.134,6250644.7
1765468800000,1.134,1.1659,1.1266,1.1522,7763113.8
1765483200000,1.1522,1.1985,1.1519,1.1979,6921313.7
1765497600000,1.1979,1.206,1.1712,1.2053,10694615.5
1765512000000,1.2053,1.2298,1.191,1.2019,9531587.9
1765526400000,1.2019,1.2755,1.2001,1.275,7906558.0
1765540800000,1.275,1.2753,1.214,1.2207,11408727.6
1765555200000,1.2207,1.2492,1.2153,1.2261,9538445.5
1765569600000,1.2261,1.2623,1.2251,1.2518,5155369.3
1765584000000,1.2518,1.2706,1.2363,1.2596,6860672.0
1765598400000,1.2596,1.2615,1.2383,1.2397,3237207.6
1765612800000,1.2397,1.2867,1.2357,1.2863,9690933.0
1765627200000,1.2863,1.29,1.2558,1.2692,6435323.7
1765641600000,1.2692,1.2797,1.2636,1.2642,2891993.8
1765656000000,1.2642,1.3379,1.251,1.3285,16262305.9
1765670400000,1.3285,1.3516,1.3144,1.3162,9133883.6
1765684800000,1.3162,1.3191,1.2717,1.2987,10309123.4
1765699200000,1.2987,1.3079,1.2701,1.2799,7277257.2
1765713600000,1.2799,1.3232,1.2787,1.2886,9395552.5
1765728000000,1.2886,1.3148,1.277,1.3012,9915041.7
1765742400000,1.3012,1.3037,1.2326,1.2476,9242570.6
1765756800000,1.2476,1.3,1.2219,1.295,15405629.0
1765771200000,1.295,1.318,1.2864,1.2978,10630688.2
1765785600000,1.2978,1.3024,1.2708,1.2767,5262336.7
1765800000000,1.2767,1.2875,1.2156,1.237,11717248.0
1765814400000,1.237,1.2824,1.2283,1.2717,17876856.2
1765828800000,1.2717,1.3019,1.2461,1.2877,12837057.5
1765843200000,1.2877,1.2986,1.2371,1.2478,5487082.6
1765857600000,1.2478,1.2815,1.2431,1.2655,5034256.3
1765872000000,1.2655,1.2669,1.2389,1.243,5697003.3
1765886400000,1.243,1.2638,1.23,1.2593,6914222.1
1765900800000,1.2593,1.269,1.2427,1.2472,3604089.7
1765915200000,1.2472,1.2765,1.2427,1.2458,5604522.3
1765929600000,1.2458,1.3332,1.2368,1.3094,15489673.3
1765944000000,1.3094,1.3192,1.2773,1.284,7247433.4
1765958400000,1.284,1.2944,1.2559,1.2687,5035439.2
1765972800000,1.2687,1.303,1.2618,1.2654,10860735.9
1765987200000,1.2654,1.275,1.2166,1.2195,9749756.2
1766001600000,1.2195,1.2262,1.1889,1.2109,7988363.1
1766016000000,1.2109,1.2126,1.1762,1.1775,4032083.9
1766030400000,1.1775,1.2183,1.1717,1.2183,5036492.8
1766044800000,1.2183,1.2248,1.205,1.2223,3366187.0
1766059200000,1.2223,1.2378,1.2092,1.2303,6665066.9
1766073600000,1.2303,1.2356,1.175,1.1787,6759366.3
1766088000000,1.1787,1.1936,1.1391,1.1451,5818980.9
1766102400000,1.1451,1.1662,1.1255,1.1573,5802725.0
1766116800000,1.1573,1.176,1.1395,1.174,4271041.7
1766131200000,1.174,1.174,1.1593,1.1637,3947802.3
1766145600000,1.1637,1.1661,1.1282,1.1335,7723635.7
1766160000000,1.1335,1.1727,1.1317,1.1531,8891053.3
1766174400000,1.1531,1.163,1.1426,1.1514,3168339.8
1766188800000,1.1514,1.1552,1.1367,1.1377,2308677.6
1766203200000,1.1377,1.1449,1.1277,1.1438,2817516.2
1766217600000,1.1438,1.1471,1.1328,1.1427,2208047.3
1766232000000,1.1427,1.1668,1.1367,1.1643,3632108.3
1766246400000,1.1643,1.1858,1.1563,1.1849,3712637.2
1766260800000,1.1849,1.1973,1.1773,1.1912,2767932.1
1766275200000,1.1912,1.196,1.1727,1.176,2361205.3
1766289600000,1.176,1.179,1.1541,1.1746,3025529.0
1766304000000,1.1746,1.1875,1.17,1.1842,2964063.8
1766318400000,1.1842,1.1863,1.1522,1.1624,3883260.6
1766332800000,1.1624,1.172,1.1513,1.1674,2729597.8
1766347200000,1.1674,1.1744,1.1589,1.1742,1648712.9
1766361600000,1.1742,1.184,1.1538,1.1594,2804833.6
1766376000000,1.1594,1.1789,1.155,1.176,2351179.0
1766390400000,1.176,1.1875,1.1633,1.1661,3424069.4
1766404800000,1.1661,1.1757,1.1351,1.1429,7041020.4
1766419200000,1.1429,1.147,1.1001,1.112,6770903.1
1766433600000,1.112,1.1143,1.1021,1.1084,2622936.6
1766448000000,1.1084,1.1188,1.1039,1.1114,2544334.1
1766462400000,1.1114,1.1154,1.0687,1.087,6525113.8
1766476800000,1.087,1.088,1.0709,1.078,2519296.9
1766491200000,1.078,1.0808,1.042,1.0497,6567314.3
1766505600000,1.0497,1.0635,1.0458,1.0544,2978292.9
1766520000000,1.0544,1.0607,1.0485,1.0572,2063513.5
1766534400000,1.0572,1.0648,1.0086,1.0177,7480893.8
1766548800000,1.0177,1.0442,1.0099,1.0381,3692685.2
1766563200000,1.0381,1.0395,1.0235,1.0388,2956895.2
1766577600000,1.0388,1.043,1.025,1.0379,2366792.5
1766592000000,1.0379,1.0395,1.021,1.0357,2979836.7
1766606400000,1.0357,1.048,1.033,1.0374,1756480.4
1766620800000,1.0374,1.0549,1.0341,1.045,2237049.9
1766635200000,1.045,1.0524,1.0434,1.0503,1697661.8
1766649600000,1.0503,1.0586,1.0397,1.0488,2311147.2
1766664000000,1.0488,1.059,1.0246,1.0402,5672190.9
1766678400000,1.0402,1.052,1.0325,1.0452,2987976.7
1766692800000,1.0452,1.0491,1.0276,1.032,2553699.6
1766707200000,1.032,1.0546,1.0178,1.0453,4130363.2
1766721600000,1.0453,1.0516,1.0367,1.039,2008312.6
1766736000000,1.039,1.0468,1.0354,1.0383,1301121.0
1766750400000,1.0383,1.0513,1.0279,1.0332,2829550.9
1766764800000,1.0332,1.048,1.0278,1.0467,2072549.0
1766779200000,1.0467,1.0524,1.0326,1.044,2119838.3
1766793600000,1.044,1.0532,1.0399,1.0481,1413902.9
1766808000000,1.0481,1.052,1.044,1.0485,1053478.5
1766822400000,1.0485,1.0588,1.0389,1.0455,2721360.3
1766836800000,1.0455,1.0465,1.0356,1.0397,2107817.0
1766851200000,1.0397,1.0562,1.0355,1.0463,2884069.4
1766865600000,1.0463,1.0642,1.0455,1.0612,1815218.6
1766880000000,1.0612,1.0635,1.0472,1.0483,1597449.8
1766894400000,1.0483,1.0529,1.0411,1.0483,2162113.1
1766908800000,1.0483,1.0485,1.0375,1.0385,2364423.7
1766923200000,1.0385,1.0421,1.0307,1.034,2191696.4
1766937600000,1.034,1.0398,1.028,1.0297,1598182.7
1766952000000,1.0297,1.0411,1.028,1.0401,1496876.2
1766966400000,1.0401,1.058,1.0315,1.0562,3788666.5
1766980800000,1.0562,1.0666,1.0435,1.0438,3330107.8
1766995200000,1.0438,1.0489,1.0298,1.0333,2798595.5
1767009600000,1.0333,1.0333,0.9846,1.0193,8692964.8
1767024000000,1.0193,1.0203,1.005,1.0067,1852623.1
1767038400000,1.0067,1.0145,0.9986,1.0135,1968105.0
1767052800000,1.0135,1.014,0.9935,0.9951,2093561.0
1767067200000,0.9951,0.9973,0.9781,0.9851,4052436.7
1767081600000,0.9851,0.9973,0.978,0.9824,3565751.6
1767096000000,0.9824,0.9904,0.9742,0.9866,3017554.8
1767110400000,0.9866,0.9902,0.9668,0.9713,2952612.2
1767124800000,0.9713,0.9717,0.9589,0.9682,3081884.5
1767139200000,0.9682,0.9737,0.9539,0.9555,2637378.6
1767153600000,0.9555,0.9651,0.955,0.96,1852112.5
1767168000000,0.96,0.9703,0.9495,0.9662,3941265.0
1767182400000,0.9662,0.9777,0.9627,0.977,2771594.9
1767196800000,0.977,0.9785,0.9449,0.9605,5061321.5
1767211200000,0.9605,0.9666,0.9535,0.963,1645825.6
1767225600000,0.963,0.9722,0.9602,0.9611,1578169.6
1767240000000,0.9611,0.9661,0.9545,0.9586,1239584.7
1767254400000,0.9586,0.9674,0.9576,0.9668,944097.0
1767268800000,0.9668,0.9681,0.9585,0.9649,1739940.6
1767283200000,0.9649,0.9716,0.9604,0.968,2189532.0
1767297600000,0.968,0.9745,0.964,0.9734,1737691.8
1767312000000,0.9734,0.9767,0.9653,0.9758,1185916.6
1767326400000,0.9758,0.9862,0.97,0.9782,2633581.0
1767340800000,0.9782,0.996,0.9748,0.988,3784481.9
1767355200000,0.988,0.995,0.972,0.9936,5017552.6
1767369600000,0.9936,1.0148,0.9922,1.0144,5561949.1
1767384000000,1.0144,1.02,1.0109,1.0142,2641938.3
1767398400000,1.0142,1.0234,1.0131,1.0202,1557342.9
1767412800000,1.0202,1.0209,0.9883,0.991,4920520.3
1767427200000,0.991,0.9984,0.9778,0.9851,3874033.5
1767441600000,0.9851,0.9995,0.9824,0.9915,2184459.8
1767456000000,0.9915,0.9968,0.9882,0.9929,1778094.6
1767470400000,0.9929,1.0271,0.9865,1.0196,5019146.0
1767484800000,1.0196,1.0536,1.0187,1.0392,6323656.9
1767499200000,1.0392,1.0476,1.025,1.0327,3434688.6
1767513600000,1.0327,1.0714,1.0292,1.0546,5446363.6
1767528000000,1.0546,1.068,1.0459,1.0665,4253977.8
1767542400000,1.0665,1.085,1.0408,1.05,7701764.1
1767556800000,1.05,1.059,1.0321,1.0432,4498117.2
1767571200000,1.0432,1.076,1.0411,1.0535,5395425.7
1767585600000,1.0535,1.0554,1.0373,1.0487,2660030.8
1767600000000,1.0487,1.0599,1.048,1.0512,2696349.4
1767614400000,1.0512,1.084,1.0462,1.0834,8599019.9
1767628800000,1.0834,1.085,1.0598,1.0679,3958122.9
1767643200000,1.0679,1.0842,1.0669,1.0776,3401345.9
1767657600000,1.0776,1.1188,1.0738,1.1125,5098689.3
1767672000000,1.1125,1.1142,1.0682,1.075,6544061.7
1767686400000,1.075,1.1396,1.0746,1.1378,10234508.4
1767700800000,1.1378,1.1718,1.1062,1.1103,17613909.7
1767715200000,1.1103,1.1147,1.0539,1.0923,15606094.4
1767729600000,1.0923,1.1175,1.0898,1.1151,4993084.4
1767744000000,1.1151,1.12,1.0867,1.1003,3621474.2
1767758400000,1.1003,1.1022,1.065,1.0752,4767084.1
1767772800000,1.0752,1.0852,1.0302,1.049,12105727.2
1767787200000,1.049,1.0509,1.0151,1.0263,10172559.6
1767801600000,1.0263,1.042,1.0181,1.0284,5885575.2
1767816000000,1.0284,1.0384,1.0238,1.0329,2170750.7
1767830400000,1.0329,1.0394,1.0192,1.0205,2313404.5
1767844800000,1.0205,1.0318,0.993,1.0114,6376819.2
1767859200000,1.0114,1.0139,0.9876,0.9921,4795487.6
1767873600000,0.9921,1.0001,0.9763,0.9994,5795782.1
1767888000000,0.9994,1.0094,0.9958,0.9975,3348009.3
1767902400000,0.9975,1.0074,0.9936,0.9995,1755817.3
1767916800000,0.9995,1.001,0.982,0.9898,2826256.5
1767931200000,0.9898,0.9978,0.9857,0.9901,2025824.0
1767945600000,0.9901,0.9975,0.981,0.9835,2993270.2
1767960000000,0.9835,0.9973,0.9774,0.9888,4204276.9
1767974400000,0.9888,0.9961,0.9363,0.9579,9544072.9
1767988800000,0.9579,0.9652,0.952,0.9637,1878578.4
1768003200000,0.9637,0.97,0.9613,0.9684,1914282.7
1768017600000,0.9684,0.9826,0.9656,0.9764,3037886.0
1768032000000,0.9764,0.985,0.976,0.984,1208072.5
1768046400000,0.984,0.987,0.9761,0.9853,2026566.9
1768060800000,0.9853,0.9855,0.9784,0.9831,1243672.0
1768075200000,0.9831,0.9835,0.975,0.978,563031.8
1768089600000,0.978,0.9796,0.974,0.9781,723932.9
1768104000000,0.9781,0.9825,0.9775,0.9815,784490.7
1768118400000,0.9815,0.9824,0.9747,0.9794,1238984.0
1768132800000,0.9794,0.9901,0.9786,0.9827,2071402.4
1768147200000,0.9827,0.9911,0.982,0.9838,1423343.3
1768161600000,0.9838,0.9859,0.977,0.9849,1320385.8
1768176000000,0.9849,0.9958,0.9812,0.99,2796183.0
1768190400000,0.99,0.9961,0.9816,0.9836,2225997.4
1768204800000,0.9836,0.985,0.9709,0.9759,2645344.2
1768219200000,0.9759,0.9769,0.9266,0.9545,11864062.5
1768233600000,0.9545,0.9609,0.9447,0.9523,3164391.6
1768248000000,0.9523,0.958,0.9392,0.9437,2846171.7
1768262400000,0.9437,0.9525,0.9429,0.9489,1190531.8
1768276800000,0.9489,0.9598,0.9482,0.9532,2635317.0
1768291200000,0.9532,0.965,0.9532,0.9597,1885279.4
1768305600000,0.9597,0.9703,0.9566,0.9644,3673337.1
1768320000000,0.9644,0.9696,0.9558,0.9687,3326202.4
1768334400000,0.9687,0.9978,0.9657,0.9874,7144624.3
1768348800000,0.9874,0.9945,0.9807,0.994,3206716.8
1768363200000,0.994,0.9969,0.984,0.9897,2570949.2
1768377600000,0.9897,0.994,0.978,0.9808,2790578.8
1768392000000,0.9808,0.9962,0.9795,0.9884,4530346.5
1768406400000,0.9884,1.0192,0.9735,0.9885,9708592.2
1768420800000,0.9885,0.9936,0.9733,0.9763,2630385.4
1768435200000,0.9763,0.9763,0.9453,0.9477,6685652.0
1768449600000,0.9477,0.9812,0.9452,0.9739,3805494.7
1768464000000,0.9739,0.9751,0.9641,0.9685,2293588.1
1768478400000,0.9685,0.9748,0.9537,0.9634,4292068.4
1768492800000,0.9634,0.969,0.955,0.9622,2592480.5
1768507200000,0.9622,0.9653,0.9581,0.9628,960947.9
1768521600000,0.9628,0.9651,0.958,0.9586,904624.5
1768536000000,0.9586,0.9613,0.9168,0.9449,6325389.3
1768550400000,0.9449,0.9573,0.9441,0.954,2052642.4
1768564800000,0.954,0.9559,0.9284,0.9328,3276113.8
1768579200000,0.9328,0.9406,0.9312,0.9364,2050207.5
1768593600000,0.9364,0.9515,0.934,0.949,3048190.1
1768608000000,0.949,0.953,0.9463,0.9471,1225108.9
1768622400000,0.9471,0.9494,0.9431,0.9484,1087944.1
1768636800000,0.9484,0.9537,0.9372,0.9458,2622697.0
1768651200000,0.9458,0.9605,0.945,0.9586,1900977.5
1768665600000,0.9586,0.9604,0.9548,0.9584,957750.2
1768680000000,0.9584,0.9587,0.9472,0.9496,1006662.1
1768694400000,0.9496,0.9513,0.9451,0.9507,984561.8
1768708800000,0.9507,0.9527,0.946,0.9468,868428.5
1768723200000,0.9468,0.9592,0.9464,0.9544,1626214.7
1768737600000,0.9544,0.9548,0.9416,0.9502,2359829.2
1768752000000,0.9502,0.966,0.9492,0.9604,2041425.3
1768766400000,0.9604,0.9778,0.9449,0.9457,4969219.8
1768780800000,0.9457,0.9457,0.8525,0.9175,23176204.9
1768795200000,0.9175,0.935,0.9161,0.9236,3834775.8
1768809600000,0.9236,0.932,0.9192,0.922,2651524.6
1768824000000,0.922,0.9297,0.9102,0.9128,3425193.7
1768838400000,0.9128,0.9271,0.9116,0.922,2095969.3
1768852800000,0.922,0.9248,0.9051,0.9148,2919187.4
1768867200000,0.9148,0.9176,0.9004,0.9078,2109527.6
1768881600000,0.9078,0.9101,0.8827,0.8939,6274048.6
1768896000000,0.8939,0.9192,0.8752,0.9123,6157611.8
1768910400000,0.9123,0.93,0.8767,0.8854,16591855.0
1768924800000,0.8854,0.897,0.8712,0.8806,4294508.9
1768939200000,0.8806,0.8838,0.8693,0.87,3289443.8
1768953600000,0.87,0.8854,0.8667,0.8846,2392949.7
1768968000000,0.8846,0.8886,0.8802,0.8816,1701542.0
1768982400000,0.8816,0.8846,0.8725,0.8738,2050726.6
1768996800000,0.8738,0.8895,0.8677,0.8882,4111380.2
1769011200000,0.8882,0.8936,0.8592,0.8924,6897926.5
1769025600000,0.8924,0.898,0.8842,0.8888,2610641.6
1769040000000,0.8888,0.9043,0.8875,0.8936,2200409.6
1769054400000,0.8936,0.8999,0.89,0.8929,1926621.5
1769068800000,0.8929,0.9008,0.8777,0.8805,3552310.6
1769083200000,0.8805,0.8855,0.871,0.8743,3913402.8
1769097600000,0.8743,0.8836,0.8733,0.8821,2003397.9
1769112000000,0.8821,0.8846,0.8754,0.8822,1144505.3
1769126400000,0.8822,0.8858,0.878,0.8851,1084162.9
1769140800000,0.8851,0.8905,0.8804,0.8831,1909621.1
1769155200000,0.8831,0.8847,0.8769,0.8826,1618860.8
1769169600000,0.8826,0.8862,0.873,0.8824,2919821.0
1769184000000,0.8824,0.8906,0.8791,0.8804,2783159.3
1769198400000,0.8804,0.8856,0.8748,0.8819,2264746.9
1769212800000,0.8819,0.8895,0.8817,0.8879,901726.2
1769227200000,0.8879,0.8945,0.8871,0.8886,1374428.0
1769241600000,0.8886,0.8993,0.8863,0.8956,1573964.1
1769256000000,0.8956,0.9041,0.8939,0.9034,2031774.2
1769270400000,0.9034,0.9101,0.9013,0.9045,2538073.5
1769284800000,0.9045,0.9123,0.904,0.9049,2849548.7
1769299200000,0.9049,0.9142,0.9009,0.9031,2614084.5
1769313600000,0.9031,0.9054,0.8973,0.9007,2646046.6
1769328000000,0.9007,0.9035,0.8973,0.9005,1982393.7
1769342400000,0.9005,0.9006,0.8823,0.8846,2932837.9
1769356800000,0.8846,0.8846,0.8502,0.8519,9102782.9
1769371200000,0.8519,0.8558,0.8391,0.8474,4453375.2
1769385600000,0.8474,0.8523,0.8352,0.8484,4229245.0
1769400000000,0.8484,0.8662,0.8484,0.865,1297491.5
1769414400000,0.865,0.8673,0.8482,0.8571,2747431.9
1769428800000,0.8571,0.8666,0.8527,0.8606,2965945.2
1769443200000,0.8606,0.866,0.8528,0.8633,2349273.0
1769457600000,0.8633,0.87,0.8613,0.865,1417390.9
1769472000000,0.865,0.8742,0.8623,0.8731,1231805.4
1769486400000,0.8731,0.8764,0.8714,0.8756,1072514.4
1769500800000,0.8756,0.8777,0.8649,0.8714,2207002.8
1769515200000,0.8714,0.8839,0.871,0.8796,4446090.1
1769529600000,0.8796,0.8917,0.8748,0.889,3397991.0
1769544000000,0.889,0.8979,0.8889,0.8929,2251889.1
1769558400000,0.8929,0.8995,0.892,0.8937,1133479.7
1769572800000,0.8937,0.898,0.8921,0.8963,1231893.9
1769587200000,0.8963,0.9271,0.8935,0.9215,6374278.8
1769601600000,0.9215,0.9236,0.9059,0.912,3987173.8
1769616000000,0.912,0.916,0.9056,0.9136,2268202.2
1769630400000,0.9136,0.9211,0.9101,0.9203,1682691.4
1769644800000,0.9203,0.9234,0.8999,0.9044,3533306.6
1769659200000,0.9044,0.9116,0.8898,0.9061,4482789.8
1769673600000,0.9061,0.9061,0.85,0.8579,10982467.5
1769688000000,0.8579,0.8601,0.8114,0.8262,11873740.7
1769702400000,0.8262,0.8435,0.8223,0.8397,4323526.5
1769716800000,0.8397,0.8449,0.8362,0.8414,2721617.3
1769731200000,0.8414,0.8423,0.8,0.8044,8092210.4
1769745600000,0.8044,0.8108,0.7748,0.7979,8834104.7
1769760000000,0.7979,0.799,0.7853,0.7965,3357507.7
1769774400000,0.7965,0.7974,0.7668,0.7747,5050046.8
1769788800000,0.7747,0.7897,0.7482,0.7844,9543766.2
1769803200000,0.7844,0.7852,0.7719,0.7775,4037772.3
1769817600000,0.7775,0.7793,0.7677,0.7721,1382460.2
1769832000000,0.7721,0.7811,0.7686,0.775,2346188.8
1769846400000,0.775,0.7771,0.7566,0.7654,3918666.4
1769860800000,0.7654,0.7694,0.7183,0.7359,12345225.5
1769875200000,0.7359,0.7458,0.6611,0.7144,29479494.7
1769889600000,0.7144,0.733,0.7053,0.7326,5045915.6
1769904000000,0.7326,0.7351,0.7152,0.7198,3654143.7
1769918400000,0.7198,0.7223,0.7096,0.7168,2191499.2
1769932800000,0.7168,0.7199,0.7029,0.7107,2455015.6
1769947200000,0.7107,0.715,0.68,0.6891,6027164.9
1769961600000,0.6891,0.7025,0.6855,0.6933,3739329.0
1769976000000,0.6933,0.6994,0.6752,0.6844,4966536.4
1769990400000,0.6844,0.6995,0.6625,0.6829,7648522.1
1770004800000,0.6829,0.6942,0.6719,0.6919,6035899.5
1770019200000,0.6919,0.7329,0.6919,0.7278,6335579.3
1770033600000,0.7278,0.7427,0.7218,0.7413,7627078.6
1770048000000,0.7413,0.7507,0.7336,0.7351,3186939.7
1770062400000,0.7351,0.7364,0.7146,0.721,4506266.1
1770076800000,0.721,0.7234,0.7065,0.7212,3274868.8
1770091200000,0.7212,0.7375,0.7198,0.7318,3360662.3
1770105600000,0.7318,0.7381,0.7198,0.7247,2363430.0
1770120000000,0.7247,0.7313,0.6994,0.7096,6745831.5
1770134400000,0.7096,0.7197,0.6804,0.7143,11177355.3
1770148800000,0.7143,0.7359,0.7062,0.7104,6918710.3
1770163200000,0.7104,0.7221,0.7086,0.7181,3066068.5
1770177600000,0.7181,0.7206,0.7107,0.7164,1592741.1
1770192000000,0.7164,0.7194,0.7076,0.7117,1850600.0
1770206400000,0.7117,0.7135,0.6884,0.6941,8103255.1
1770220800000,0.6941,0.7041,0.6842,0.7033,7041555.6
1770235200000,0.7033,0.7055,0.6913,0.6985,4685846.1
1770249600000,0.6985,0.7032,0.6924,0.6932,2721255.6
1770264000000,0.6932,0.6948,0.6835,0.687,3378112.4
1770278400000,0.687,0.6958,0.6712,0.6733,4758953.0
1770292800000,0.6733,0.6764,0.6178,0.629,22608579.3
1770307200000,0.629,0.6368,0.6182,0.6228,11722783.9
1770321600000,0.6228,0.6265,0.5984,0.6014,17729493.4
1770336000000,0.6014,0.6019,0.5214,0.5905,38129940.7
1770350400000,0.5905,0.6124,0.5895,0.6002,5869054.1
1770364800000,0.6002,0.62,0.5962,0.6186,4358784.2
1770379200000,0.6186,0.6391,0.6151,0.6372,4816206.1
1770393600000,0.6372,0.6593,0.6363,0.6499,6629027.0
1770408000000,0.6499,0.6538,0.6413,0.6452,2680622.2
1770422400000,0.6452,0.6479,0.642,0.6459,1781526.4
1770436800000,0.6459,0.6504,0.6273,0.6284,5109773.8
1770451200000,0.6284,0.6317,0.6227,0.6274,3040947.5
1770465600000,0.6274,0.6417,0.6266,0.6379,4408677.2
1770480000000,0.6379,0.6491,0.6357,0.6462,5978822.6
1770494400000,0.6462,0.6494,0.64,0.6429,1316605.6
1770508800000,0.6429,0.6447,0.637,0.6397,3160864.3
1770523200000,0.6397,0.6429,0.6382,0.642,1430745.3
1770537600000,0.642,0.6495,0.6396,0.6494,2155708.2
1770552000000,0.6494,0.6527,0.6438,0.6467,2022647.8
1770566400000,0.6467,0.6477,0.6357,0.6439,2447069.1
1770580800000,0.6439,0.6489,0.6382,0.6413,1801091.2
1770595200000,0.6413,0.6446,0.6366,0.6431,2034644.1
1770609600000,0.6431,0.6431,0.6373,0.6406,951750.4
1770624000000,0.6406,0.6411,0.626,0.6299,2459834.3
1770638400000,0.6299,0.6404,0.6291,0.6401,2596962.4
1770652800000,0.6401,0.6517,0.6375,0.6509,2381524.9
1770667200000,0.6509,0.652,0.6427,0.6456,1370222.2
1770681600000,0.6456,0.6473,0.6385,0.6405,1431642.0
1770696000000,0.6405,0.6471,0.6368,0.6392,2218330.8
1770710400000,0.6392,0.643,0.6329,0.6368,1959520.0
1770724800000,0.6368,0.6407,0.631,0.634,2645179.5
1770739200000,0.634,0.6372,0.6245,0.6282,2187580.5
1770753600000,0.6282,0.6324,0.6253,0.6318,1066564.1
1770768000000,0.6318,0.6331,0.6263,0.6289,1002369.7
1770782400000,0.6289,0.6314,0.6201,0.6206,2134377.8
1770796800000,0.6206,0.6216,0.6024,0.6085,4742307.8
1770811200000,0.6085,0.6168,0.5977,0.6048,7062351.8
1770825600000,0.6048,0.6179,0.6044,0.6162,3107638.0
1770840000000,0.6162,0.6215,0.6125,0.6158,2185877.1
1770854400000,0.6158,0.623,0.6157,0.6207,1225758.7
1770868800000,0.6207,0.6227,0.6167,0.6198,1403946.7
1770883200000,0.6198,0.6273,0.6153,0.6259,2246046.0
1770897600000,0.6259,0.626,0.619,0.6193,1958112.1
1770912000000,0.6193,0.6198,0.6045,0.6103,4904746.3
1770926400000,0.6103,0.6139,0.607,0.6128,1394237.1
1770940800000,0.6128,0.6136,0.6041,0.6093,1704057.4
1770955200000,0.6093,0.6108,0.603,0.604,1644532.3
1770969600000,0.604,0.6129,0.6037,0.611,1747011.7
1770984000000,0.611,0.6305,0.6092,0.6281,4723660.3
1770998400000,0.6281,0.6363,0.6272,0.6351,2463192.4
1771012800000,0.6351,0.6415,0.6336,0.6369,1141291.9
1771027200000,0.6369,0.6434,0.6365,0.6422,1018252.1
1771041600000,0.6422,0.6425,0.6381,0.6393,795550.8
1771056000000,0.6393,0.6597,0.6391,0.6577,2901616.1
1771070400000,0.6577,0.659,0.6472,0.6562,2815143.3
1771084800000,0.6562,0.666,0.6526,0.6628,2550853.7
1771099200000,0.6628,0.6647,0.6588,0.6631,1668629.4
1771113600000,0.6631,0.6639,0.6539,0.6597,2508177.8
1771128000000,0.6597,0.6686,0.654,0.6669,4003326.4
1771142400000,0.6669,0.6791,0.6668,0.6705,4681835.3
1771156800000,0.6705,0.671,0.6262,0.6338,11127403.6
1771171200000,0.6338,0.6374,0.6221,0.6262,2962975.9
1771185600000,0.6262,0.6305,0.6214,0.6274,2207096.3
1771200000000,0.6274,0.6355,0.6236,0.6264,2510007.8
1771214400000,0.6264,0.6324,0.6257,0.6318,1114544.2
1771228800000,0.6318,0.6387,0.6278,0.6326,3534104.7
1771243200000,0.6326,0.6437,0.6253,0.6271,4214896.4
1771257600000,0.6271,0.6379,0.6267,0.6356,2144391.5
1771272000000,0.6356,0.6472,0.6348,0.6444,2140360.5
1771286400000,0.6444,0.6472,0.6421,0.6432,1184489.8
1771300800000,0.6432,0.6445,0.6373,0.6419,888317.8
1771315200000,0.6419,0.6429,0.6359,0.6363,1312325.7
1771329600000,0.6363,0.642,0.6216,0.6273,5468097.0
1771344000000,0.6273,0.6346,0.6256,0.6307,2783750.9
1771358400000,0.6307,0.6339,0.6287,0.6331,895172.5
1771372800000,0.6331,0.6346,0.6293,0.6335,909468.0
1771387200000,0.6335,0.6366,0.6322,0.6358,638825.6
1771401600000,0.6358,0.6369,0.6284,0.6301,1331187.8
1771416000000,0.6301,0.6337,0.624,0.6305,2029982.6
1771430400000,0.6305,0.6307,0.6134,0.6162,4551997.1
1771444800000,0.6162,0.6208,0.6156,0.6207,1191219.5
1771459200000,0.6207,0.623,0.6176,0.6227,899373.7
1771473600000,0.6227,0.6242,0.6193,0.623,682884.5
1771488000000,0.623,0.6251,0.6155,0.6197,2572745.1
1771502400000,0.6197,0.6211,0.6119,0.6156,2203287.5
1771516800000,0.6156,0.6195,0.6125,0.6177,1433429.2
1771531200000,0.6177,0.6206,0.6168,0.6206,749973.0
1771545600000,0.6206,0.6239,0.6188,0.6214,1448413.5
1771560000000,0.6214,0.6275,0.6188,0.6264,1574917.7
1771574400000,0.6264,0.6282,0.6167,0.6171,3035136.6
1771588800000,0.6171,0.6236,0.6132,0.6231,3501413.7
1771603200000,0.6231,0.6264,0.6215,0.6237,1648904.3
1771617600000,0.6237,0.6344,0.6234,0.63,1936590.5
1771632000000,0.63,0.6337,0.6292,0.6302,801333.2
1771646400000,0.6302,0.6329,0.6295,0.6296,608603.7
1771660800000,0.6296,0.6378,0.6296,0.6353,2079603.6
1771675200000,0.6353,0.6403,0.6353,0.6361,1052152.3
1771689600000,0.6361,0.6378,0.6329,0.6371,886794.9
1771704000000,0.6371,0.6378,0.6311,0.6329,1100146.6
1771718400000,0.6329,0.6359,0.6276,0.6299,1919453.0
1771732800000,0.6299,0.6334,0.6292,0.631,799530.0
1771747200000,0.631,0.6331,0.6274,0.6315,1585417.6
1771761600000,0.6315,0.6328,0.6258,0.626,1634379.8
1771776000000,0.626,0.6287,0.5933,0.6038,9909269.0
1771790400000,0.6038,0.6065,0.6015,0.6054,1596259.8
1771804800000,0.6054,0.6062,0.5802,0.587,7477802.6
1771819200000,0.587,0.5929,0.5856,0.5923,1599345.8
1771833600000,0.5923,0.5958,0.586,0.5869,2613104.8
1771848000000,0.5869,0.5889,0.5813,0.5858,2742646.3
1771862400000,0.5858,0.5862,0.5724,0.5774,4244326.6
1771876800000,0.5774,0.581,0.5741,0.5762,1714803.0
1771891200000,0.5762,0.5805,0.5718,0.5775,2107209.3
1771905600000,0.5775,0.5826,0.5744,0.5799,2986478.1
1771920000000,0.5799,0.5856,0.5778,0.5803,2339694.4
1771934400000,0.5803,0.5864,0.5748,0.5861,2782043.4
1771948800000,0.5861,0.5914,0.586,0.589,2377729.0
1771963200000,0.589,0.5915,0.5875,0.5896,596038.1
1771977600000,0.5896,0.6023,0.5896,0.5943,3010450.1
1771992000000,0.5943,0.6013,0.5909,0.5993,2188520.3
1772006400000,0.5993,0.6018,0.5969,0.6017,1153401.9
1772020800000,0.6017,0.6208,0.601,0.6183,3711202.8
1772035200000,0.6183,0.6272,0.6182,0.6245,2477963.9
1772049600000,0.6245,0.6359,0.6187,0.623,5126068.8
1772064000000,0.623,0.6236,0.6172,0.6192,1711401.8
1772078400000,0.6192,0.62,0.6067,0.6135,2380138.7
1772092800000,0.6135,0.6621,0.6134,0.6277,17175590.5
1772107200000,0.6277,0.6558,0.6185,0.6425,14911606.0
1772121600000,0.6425,0.644,0.6305,0.6387,2449631.0
1772136000000,0.6387,0.6415,0.637,0.6394,1055242.9
1772150400000,0.6394,0.6408,0.6349,0.6404,999166.4
1772164800000,0.6404,0.6507,0.6349,0.6373,3182891.4
1772179200000,0.6373,0.6435,0.6286,0.6364,6318087.7
1772193600000,0.6364,0.6404,0.6338,0.6365,1663816.8
1772208000000,0.6365,0.6382,0.6275,0.6293,1301699.8
1772222400000,0.6293,0.6351,0.6277,0.6344,1325385.9
1772236800000,0.6344,0.6405,0.6334,0.6356,1265264.9
1772251200000,0.6356,0.6362,0.6138,0.6165,5051133.2
1772265600000,0.6165,0.6199,0.6106,0.6165,2730943.3
1772280000000,0.6165,0.6276,0.6143,0.6265,2765957.7
1772294400000,0.6265,0.6313,0.6222,0.6302,1321224.0
1772308800000,0.6302,0.6384,0.629,0.6378,2382952.4
1772323200000,0.6378,0.6484,0.6332,0.6443,3103367.5
1772337600000,0.6443,0.6461,0.639,0.6424,1283676.4
1772352000000,0.6424,0.6434,0.6366,0.6367,1161241.2
1772366400000,0.6367,0.6429,0.6351,0.6405,1292441.2
1772380800000,0.6405,0.6435,0.6368,0.6393,1047607.1
1772395200000,0.6393,0.6402,0.6331,0.6358,1402833.3
1772409600000,0.6358,0.6422,0.6358,0.6396,827652.7
1772424000000,0.6396,0.6409,0.6252,0.6275,2209375.1
1772438400000,0.6275,0.6305,0.6229,0.6279,1088240.1
1772452800000,0.6279,0.6412,0.6227,0.639,3555266.6
1772467200000,0.639,0.65,0.6385,0.6443,3394402.0
1772481600000,0.6443,0.6616,0.6415,0.6585,3332441.0
1772496000000,0.6585,0.6696,0.6571,0.6681,3350832.3
1772510400000,0.6681,0.6689,0.6606,0.665,2374202.7
1772524800000,0.665,0.6661,0.653,0.6604,3640025.7
1772539200000,0.6604,0.6663,0.6539,0.6616,3851396.3
1772553600000,0.6616,0.6958,0.6611,0.688,8592714.2
1772568000000,0.688,0.6956,0.6874,0.6892,2305695.6
1772582400000,0.6892,0.6925,0.6806,0.6835,2512208.2
1772596800000,0.6835,0.6854,0.6738,0.6819,2904267.9
1772611200000,0.6819,0.7139,0.6817,0.7008,6742625.3
1772625600000,0.7008,0.7141,0.6978,0.7136,3416497.9
1772640000000,0.7136,0.7146,0.6995,0.7067,4315664.7
1772654400000,0.7067,0.7072,0.6891,0.693,2314836.9
1772668800000,0.693,0.7038,0.6862,0.7026,2046846.9
1772683200000,0.7026,0.7093,0.6977,0.7003,2743917.6
1772697600000,0.7003,0.7078,0.6973,0.704,1557456.8
1772712000000,0.704,0.7333,0.703,0.7056,9340940.6
1772726400000,0.7056,0.7056,0.6959,0.6978,2988701.7
1772740800000,0.6978,0.7033,0.6975,0.7005,1098885.8
1772755200000,0.7005,0.704,0.6901,0.6979,2145679.5
1772769600000,0.6979,0.7025,0.6946,0.7017,1607085.9
1772784000000,0.7017,0.7027,0.6906,0.6908,1469054.8
1772798400000,0.6908,0.6913,0.6709,0.6751,4857710.2
1772812800000,0.6751,0.6816,0.6724,0.6813,1460532.5
1772827200000,0.6813,0.6845,0.6793,0.6834,641539.3
1772841600000,0.6834,0.6852,0.6802,0.6811,684204.2
1772856000000,0.6811,0.6829,0.6749,0.6802,1622517.8
1772870400000,0.6802,0.6816,0.6771,0.6789,808126.7
1772884800000,0.6789,0.6798,0.6729,0.6766,1170395.7
1772899200000,0.6766,0.679,0.6714,0.6726,762090.7
1772913600000,0.6726,0.6751,0.6721,0.6737,566067.8
1772928000000,0.6737,0.6749,0.6684,0.6697,1293713.2
1772942400000,0.6697,0.676,0.6639,0.6685,3935547.5
1772956800000,0.6685,0.6798,0.6679,0.6735,3152301.9
1772971200000,0.6735,0.6769,0.6684,0.6715,2213214.0
1772985600000,0.6715,0.6726,0.6539,0.6576,5278104.7
1773000000000,0.6576,0.6608,0.6468,0.6482,4272097.5
1773014400000,0.6482,0.656,0.6466,0.6535,2161385.9
1773028800000,0.6535,0.6589,0.6512,0.6577,2477350.9
1773043200000,0.6577,0.6642,0.6565,0.6614,1976129.5
1773057600000,0.6614,0.6709,0.6614,0.6683,3029022.9
1773072000000,0.6683,0.6745,0.6653,0.6717,1371412.8
1773086400000,0.6717,0.6746,0.6677,0.6681,1218313.9
1773100800000,0.6681,0.6757,0.6678,0.6724,1270884.4
1773115200000,0.6724,0.6831,0.6724,0.6822,2498322.5
1773129600000,0.6822,0.6967,0.6822,0.6931,2799935.1
1773144000000,0.6931,0.7069,0.6858,0.7037,4945095.8
1773158400000,0.7037,0.7075,0.6931,0.6997,4745901.0
1773172800000,0.6997,0.7026,0.694,0.6997,1356110.0
1773187200000,0.6997,0.7,0.695,0.6955,762871.3
1773201600000,0.6955,0.7027,0.6917,0.6927,1694047.0
1773216000000,0.6927,0.6952,0.6893,0.692,1166095.5
1773230400000,0.692,0.7027,0.6901,0.6993,3257054.6
1773244800000,0.6993,0.7006,0.6967,0.6987,841414.3
1773259200000,0.6987,0.6993,0.6899,0.6902,1165712.1
1773273600000,0.6902,0.6946,0.69,0.6931,858800.8
1773288000000,0.6931,0.7026,0.6916,0.701,1421408.6
1773302400000,0.701,0.7115,0.7009,0.7105,3124029.4
1773316800000,0.7105,0.7141,0.7053,0.7096,2776786.8
1773331200000,0.7096,0.7177,0.7077,0.7157,2317587.2
1773345600000,0.7157,0.7168,0.7106,0.7164,864419.1
1773360000000,0.7164,0.7255,0.7131,0.7183,2877583.3
1773374400000,0.7183,0.7272,0.7174,0.7221,2712922.3
1773388800000,0.7221,0.7294,0.7207,0.7249,2915768.4
1773403200000,0.7249,0.7383,0.7206,0.7233,5316521.6
1773417600000,0.7233,0.7278,0.7116,0.7158,2694583.5
1773432000000,0.7158,0.7197,0.7091,0.7149,1958583.6
1773446400000,0.7149,0.7189,0.7061,0.7156,2375731.2
1773460800000,0.7156,0.7171,0.7066,0.7129,2598653.1
1773475200000,0.7129,0.7311,0.7118,0.7302,2628705.9
1773489600000,0.7302,0.8069,0.7301,0.7606,32485045.8
1773504000000,0.7606,0.7892,0.7568,0.7778,10107410.8
1773518400000,0.7778,0.8012,0.7722,0.7952,4941203.3
1773532800000,0.7952,0.8122,0.7841,0.7911,6481475.4
1773547200000,0.7911,0.7911,0.7753,0.7779,5021783.1
1773561600000,0.7779,0.7832,0.7686,0.7727,4019889.8
1773576000000,0.7727,0.7841,0.7722,0.7796,2525347.7
1773590400000,0.7796,0.7856,0.7769,0.7828,1682708.1
1773604800000,0.7828,0.8116,0.7814,0.8035,5896647.0
1773619200000,0.8035,0.8071,0.7864,0.7929,3574846.1
1773633600000,0.7929,0.8081,0.7898,0.7981,4029986.4
1773648000000,0.7981,0.8354,0.7972,0.8283,6220365.9
1773662400000,0.8283,0.8557,0.821,0.826,9252366.2
1773676800000,0.826,0.8465,0.826,0.8393,3924280.2
1773691200000,0.8393,0.8671,0.8378,0.8662,3196232.2
1773705600000,0.8662,0.8691,0.8367,0.8406,4705835.9
1773720000000,0.8406,0.8417,0.8235,0.8329,3238648.4
1773734400000,0.8329,0.848,0.8309,0.8437,3209815.0
1773748800000,0.8437,0.8513,0.8361,0.8473,4252045.2
1773763200000,0.8473,0.8512,0.8378,0.8438,3040266.5
1773777600000,0.8438,0.8441,0.8343,0.8365,1186090.8
1773792000000,0.8365,0.8378,0.8278,0.837,1820906.2
1773806400000,0.837,0.8522,0.8309,0.8433,2351861.3
1773820800000,0.8433,0.8447,0.8337,0.839,3914284.3
1773835200000,0.839,0.8408,0.732,0.7606,31142802.3
1773849600000,0.7606,0.7979,0.7481,0.7793,16428139.8
1773864000000,0.7793,0.7793,0.7677,0.7745,2253533.8
1773878400000,0.7745,0.7772,0.7639,0.7742,2058315.5
1773892800000,0.7742,0.7745,0.7475,0.7502,2834077.9
1773907200000,0.7502,0.7541,0.7431,0.7453,2523431.7
1773921600000,0.7453,0.7466,0.7222,0.7285,4635612.1
1773936000000,0.7285,0.7493,0.7268,0.7421,3832831.1
1773950400000,0.7421,0.7528,0.7416,0.7494,1626447.1
1773964800000,0.7494,0.762,0.7469,0.7595,2399039.9
1773979200000,0.7595,0.7611,0.751,0.7526,1820817.2
1773993600000,0.7526,0.7645,0.7524,0.7551,2678390.6
1774008000000,0.7551,0.7567,0.7376,0.7453,2753734.9
1774022400000,0.7453,0.7471,0.7385,0.745,1215647.1
1774036800000,0.745,0.755,0.742,0.7507,982441.4
1774051200000,0.7507,0.7549,0.7492,0.751,466267.3
1774065600000,0.751,0.7545,0.7495,0.7505,574337.6
1774080000000,0.7505,0.7529,0.7468,0.7491,962925.1
1774094400000,0.7491,0.7536,0.7485,0.7513,818663.3
1774108800000,0.7513,0.7533,0.7469,0.7477,585963.9
1774123200000,0.7477,0.7579,0.7327,0.7361,3957312.3
1774137600000,0.7361,0.7422,0.7284,0.7399,2191036.7
1774152000000,0.7399,0.7433,0.7351,0.7353,586711.0
1774166400000,0.7353,0.7366,0.7274,0.7277,1650386.1
1774180800000,0.7277,0.7327,0.7186,0.7228,2833710.6
1774195200000,0.7228,0.7231,0.7117,0.7143,3283252.3
1774209600000,0.7143,0.7184,0.7036,0.71,2395242.4
1774224000000,0.71,0.7172,0.7046,0.7106,1504872.6
1774238400000,0.7106,0.7159,0.668,0.684,19322970.2
1774252800000,0.684,0.7257,0.6805,0.7092,13136393.3
1774267200000,0.7092,0.7131,0.6983,0.6988,6273009.7
1774281600000,0.6988,0.7091,0.6987,0.7039,2443530.7
1774296000000,0.7039,0.7082,0.7019,0.7053,868507.5
1774310400000,0.7053,0.7065,0.6999,0.7038,1063634.0
1774324800000,0.7038,0.7123,0.6984,0.7111,1636867.2
1774339200000,0.7111,0.7179,0.7104,0.7172,1729241.3
1774353600000,0.7172,0.7173,0.7011,0.7049,2610630.1
1774368000000,0.7049,0.7059,0.6998,0.7022,1151434.4
1774382400000,0.7022,0.7184,0.702,0.7157,1503814.1
1774396800000,0.7157,0.7178,0.7115,0.7144,1394624.3
1774411200000,0.7144,0.7374,0.7137,0.7324,3134753.4
1774425600000,0.7324,0.7476,0.7324,0.7415,4086130.7
1774440000000,0.7415,0.7445,0.7316,0.7357,3382576.0
1774454400000,0.7357,0.7442,0.735,0.7396,1863721.0
1774468800000,0.7396,0.7425,0.7332,0.7398,1179994.8
1774483200000,0.7398,0.7433,0.7208,0.7244,2714706.5
1774497600000,0.7244,0.7244,0.7044,0.7104,4246381.0
1774512000000,0.7104,0.7107,0.6984,0.7031,2026111.3
1774526400000,0.7031,0.7079,0.6948,0.6992,2365832.8
1774540800000,0.6992,0.6996,0.6892,0.6919,2449998.0
1774555200000,0.6919,0.7006,0.6908,0.6953,2296926.6
1774569600000,0.6953,0.7018,0.6946,0.6976,1007707.9
1774584000000,0.6976,0.704,0.692,0.6922,2627608.7
1774598400000,0.6922,0.695,0.6684,0.6719,5075891.9
1774612800000,0.6719,0.6791,0.6686,0.6736,2335628.4
1774627200000,0.6736,0.6772,0.6708,0.6759,1070712.2
1774641600000,0.6759,0.6766,0.6717,0.6739,381300.9
1774656000000,0.6739,0.6767,0.665,0.6705,1550546.8
1774670400000,0.6705,0.6777,0.6689,0.6769,727486.7
1774684800000,0.6769,0.6823,0.6746,0.6773,1245245.2
1774699200000,0.6773,0.6878,0.6767,0.6829,3093054.7
1774713600000,0.6829,0.6842,0.6791,0.6804,364595.7
1774728000000,0.6804,0.6813,0.6706,0.6724,746904.7
1774742400000,0.6724,0.6766,0.6715,0.6757,553960.4
1774756800000,0.6757,0.676,0.6724,0.6743,542014.2
1774771200000,0.6743,0.6802,0.6728,0.6775,2146494.2
1774785600000,0.6775,0.6783,0.6748,0.6772,684711.6
1774800000000,0.6772,0.678,0.6736,0.6745,405801.2
1774814400000,0.6745,0.6769,0.6622,0.6711,3036226.9
1774828800000,0.6711,0.682,0.6701,0.6797,4222450.4
1774843200000,0.6797,0.6864,0.6781,0.6858,1721039.2
1774857600000,0.6858,0.6935,0.6858,0.6902,1635069.7
1774872000000,0.6902,0.6959,0.6883,0.6952,2655258.9
1774886400000,0.6952,0.6969,0.6792,0.682,1601130.9
1774900800000,0.682,0.6876,0.681,0.6866,639287.6
1774915200000,0.6866,0.6961,0.6857,0.6903,1397537.5
1774929600000,0.6903,0.6949,0.6889,0.6925,997963.1
1774944000000,0.6925,0.6926,0.6752,0.6836,4236701.8
1774958400000,0.6836,0.69,0.6783,0.6803,1786601.3
1774972800000,0.6803,0.6915,0.6797,0.6914,1599003.7
1774987200000,0.6914,0.698,0.6913,0.697,1690924.8
1775001600000,0.697,0.6991,0.6912,0.6947,1230316.4
1775016000000,0.6947,0.7088,0.6929,0.7016,2394794.1
1775030400000,0.7016,0.7059,0.6977,0.703,2055365.9
1775044800000,0.703,0.7035,0.6929,0.7,3649088.8
1775059200000,0.7,0.7063,0.6981,0.7023,1837137.1
1775073600000,0.7023,0.705,0.6986,0.7001,1079248.3
1775088000000,0.7001,0.7022,0.6739,0.6759,3274669.4
1775102400000,0.6759,0.6808,0.6729,0.6799,1687626.8
1775116800000,0.6799,0.6801,0.6687,0.6705,1679603.5
1775131200000,0.6705,0.6767,0.6656,0.6755,1966567.2
1775145600000,0.6755,0.679,0.67,0.6728,950330.4
1775160000000,0.6728,0.6782,0.6704,0.6715,1161297.8
1775174400000,0.6715,0.6761,0.6703,0.6752,650512.7
1775188800000,0.6752,0.6795,0.6723,0.6765,1150598.6
1775203200000,0.6765,0.6789,0.674,0.6756,755969.0
1775217600000,0.6756,0.6807,0.6731,0.6753,1054710.6
1775232000000,0.6753,0.6774,0.6724,0.6743,647723.2
1775246400000,0.6743,0.6761,0.6713,0.675,587345.0
1775260800000,0.675,0.6752,0.6713,0.6729,364763.6
1775275200000,0.6729,0.6747,0.6719,0.6743,406104.2
1775289600000,0.6743,0.6758,0.6722,0.6733,293349.6
1775304000000,0.6733,0.6736,0.6682,0.6723,1535920.0
1775318400000,0.6723,0.6735,0.6699,0.671,488752.3
1775332800000,0.671,0.6712,0.6684,0.6687,426831.2
1775347200000,0.6687,0.6695,0.656,0.6589,3061583.5
1775361600000,0.6589,0.6617,0.6535,0.6575,1842142.2
1775376000000,0.6575,0.6593,0.656,0.6565,597135.0
1775390400000,0.6565,0.6796,0.6511,0.6622,3848806.3
1775404800000,0.6622,0.6657,0.6591,0.6609,738644.0
1775419200000,0.6609,0.6712,0.6594,0.6703,1385218.7
1775433600000,0.6703,0.6813,0.6675,0.6715,4447485.3
1775448000000,0.6715,0.6754,0.668,0.6728,2007615.8
1775462400000,0.6728,0.6784,0.6718,0.6728,1732407.1
1775476800000,0.6728,0.6739,0.663,0.6682,2146135.9
1775491200000,0.6682,0.67,0.6614,0.6628,1060123.5
1775505600000,0.6628,0.6669,0.6526,0.6544,3187599.6
1775520000000,0.6544,0.6564,0.6457,0.6484,2225828.4
1775534400000,0.6484,0.6524,0.6454,0.6523,1313791.6
1775548800000,0.6523,0.655,0.648,0.6505,1789757.7
1775563200000,0.6505,0.6518,0.6433,0.6454,1739756.0
1775577600000,0.6454,0.6492,0.6356,0.6449,2823789.1
1775592000000,0.6449,0.6766,0.6446,0.6745,6315240.9
1775606400000,0.6745,0.6783,0.6669,0.6715,3209750.2
1775620800000,0.6715,0.6848,0.6713,0.6794,2484616.1
1775635200000,0.6794,0.6828,0.677,0.6824,1310759.7
1775649600000,0.6824,0.6881,0.6691,0.6747,4054722.5
1775664000000,0.6747,0.68,0.6575,0.6614,3390131.4
1775678400000,0.6614,0.6658,0.655,0.658,2997489.9
1775692800000,0.658,0.6585,0.654,0.656,1241286.4
1775707200000,0.656,0.6586,0.6543,0.657,834330.8
1775721600000,0.657,0.6606,0.6563,0.6579,1039776.2
1775736000000,0.6579,0.6671,0.653,0.6657,2179475.8
1775750400000,0.6657,0.6673,0.6603,0.6662,1800791.9
1775764800000,0.6662,0.671,0.6643,0.6648,1499196.1
1775779200000,0.6648,0.6684,0.6632,0.6644,758200.3
1775793600000,0.6644,0.6708,0.6612,0.6623,1772173.1
1775808000000,0.6623,0.6671,0.6619,0.6665,638771.1
1775822400000,0.6665,0.6768,0.6659,0.672,2059320.9
1775836800000,0.672,0.6868,0.672,0.6861,2674915.6
1775851200000,0.6861,0.6959,0.6825,0.6926,3294036.1
1775865600000,0.6926,0.6939,0.6829,0.6833,1869139.2
1775880000000,0.6833,0.6844,0.672,0.6751,3150813.1
1775894400000,0.6751,0.6803,0.6734,0.6795,861025.1
1775908800000,0.6795,0.6797,0.6727,0.6785,2048565.1
1775923200000,0.6785,0.6886,0.6777,0.6879,1325061.5
1775937600000,0.6879,0.6885,0.6783,0.6794,1141994.5
1775952000000,0.6794,0.6802,0.6607,0.6676,4027141.6
1775966400000,0.6676,0.6694,0.6654,0.6671,543023.8
1775980800000,0.6671,0.6687,0.6653,0.6663,674454.2
1775995200000,0.6663,0.6668,0.6613,0.6636,1045931.0
1776009600000,0.6636,0.6665,0.6628,0.6643,662423.2
1776024000000,0.6643,0.6675,0.6624,0.664,926446.3
1776038400000,0.664,0.668,0.6633,0.6672,642534.4
1776052800000,0.6672,0.6676,0.6591,0.6615,1735392.8
1776067200000,0.6615,0.664,0.6597,0.6623,979279.7
1776081600000,0.6623,0.6705,0.6611,0.6653,2405059.4
1776096000000,0.6653,0.6735,0.6636,0.6732,1083258.0
1776110400000,0.6732,0.684,0.6715,0.6823,2987763.1
1776124800000,0.6823,0.6844,0.6798,0.6823,1301970.4
1776139200000,0.6823,0.6877,0.6798,0.6802,2624456.8
1776153600000,0.6802,0.683,0.6676,0.6712,3463852.9
1776168000000,0.6712,0.68,0.6678,0.6736,5369109.0
1776182400000,0.6736,0.6742,0.6535,0.6562,3950809.6
1776196800000,0.6562,0.6572,0.6508,0.6539,1296202.1
1776211200000,0.6539,0.6585,0.6534,0.6548,1124698.6
1776225600000,0.6548,0.6581,0.65,0.6551,1861305.2
1776240000000,0.6551,0.6572,0.652,0.6568,1912840.3
1776254400000,0.6568,0.6643,0.653,0.6592,3478951.2
1776268800000,0.6592,0.668,0.6583,0.6663,1394202.1
1776283200000,0.6663,0.6677,0.6628,0.6646,1184084.2
1776297600000,0.6646,0.6677,0.6624,0.6676,989948.5
1776312000000,0.6676,0.6689,0.6617,0.6625,1313652.3
1776326400000,0.6625,0.664,0.6572,0.6603,1609766.7
1776340800000,0.6603,0.6666,0.6461,0.6577,7437558.1
1776355200000,0.6577,0.6764,0.6553,0.6758,4816496.4
1776369600000,0.6758,0.6777,0.6466,0.6723,5609308.3
1776384000000,0.6723,0.6748,0.6607,0.6637,2105869.9
1776398400000,0.6637,0.6667,0.6584,0.6651,1341054.9
1776412800000,0.6651,0.6784,0.6649,0.677,2712589.6
1776427200000,0.677,0.696,0.676,0.6846,7135046.1
1776441600000,0.6846,0.6912,0.6814,0.6841,1800658.3
1776456000000,0.6841,0.6848,0.678,0.6812,1615535.0
1776470400000,0.6812,0.6848,0.6786,0.6815,1099607.8
1776484800000,0.6815,0.6873,0.6801,0.682,1630732.8
1776499200000,0.682,0.6836,0.6617,0.6653,6416639.8
1776513600000,0.6653,0.6694,0.6629,0.6687,1782790.7
1776528000000,0.6687,0.6687,0.6604,0.6616,1509064.9
1776542400000,0.6616,0.6636,0.6599,0.66,1061157.6
1776556800000,0.66,0.6607,0.6498,0.6532,2382532.8
1776571200000,0.6532,0.6555,0.6489,0.6547,1940222.6
1776585600000,0.6547,0.657,0.6493,0.6565,2038603.0
1776600000000,0.6565,0.6637,0.65,0.6537,14827500.8
1776614400000,0.6537,0.6557,0.6343,0.6407,27822495.2
1776628800000,0.6407,0.6455,0.6192,0.6211,35193098.7
1776643200000,0.6211,0.6302,0.6163,0.6204,22693763.2
1776657600000,0.6204,0.6215,0.6065,0.6117,18470276.7
1776672000000,0.6117,0.6305,0.6105,0.6183,13497339.4
1776686400000,0.6183,0.6378,0.6158,0.623,13212404.6
1776700800000,0.623,0.647,0.6205,0.6305,12918093.0
1776715200000,0.6305,0.6411,0.6231,0.6301,15632343.1
1776729600000,0.6301,0.6355,0.6244,0.6329,13774361.3
1776744000000,0.6329,0.6443,0.628,0.6417,11760305.7
1776758400000,0.6417,0.6482,0.6412,0.6434,5056308.1
1776772800000,0.6434,0.6445,0.6322,0.6346,3980528.4
1776787200000,0.6346,0.6359,0.6218,0.624,3805937.8
1776801600000,0.624,0.6314,0.6224,0.6307,1868402.4
1776816000000,0.6307,0.6368,0.6246,0.6323,3311935.5
1776830400000,0.6323,0.639,0.6302,0.6381,3186616.4
1776844800000,0.6381,0.6413,0.6355,0.6395,2062478.5
1776859200000,0.6395,0.6451,0.6376,0.6415,3720529.9
1776873600000,0.6415,0.6502,0.6403,0.6449,2542874.7
1776888000000,0.6449,0.6525,0.6432,0.6436,2493668.1
1776902400000,0.6436,0.6443,0.6341,0.6354,3311090.7
1776916800000,0.6354,0.6404,0.6343,0.6358,1986552.2
1776931200000,0.6358,0.6364,0.6293,0.6359,2743477.8
1776945600000,0.6359,0.6445,0.6348,0.6423,3327930.6
1776960000000,0.6423,0.6433,0.6315,0.639,2308277.3
1776974400000,0.639,0.6482,0.639,0.6471,1438270.8
1776988800000,0.6471,0.6557,0.6412,0.6445,6331298.4
1777003200000,0.6445,0.6521,0.6433,0.6443,2240483.7
1777017600000,0.6443,0.6538,0.6442,0.6501,1897335.6
1777032000000,0.6501,0.6517,0.6417,0.6461,1623694.7
1777046400000,0.6461,0.6497,0.6448,0.6481,1220983.0
1777060800000,0.6481,0.6502,0.6457,0.6474,704789.8
1777075200000,0.6474,0.6509,0.6449,0.6505,920415.5
1777089600000,0.6505,0.6524,0.6482,0.6493,813993.6
1777104000000,0.6493,0.662,0.6485,0.6586,4067866.2
1777118400000,0.6586,0.6636,0.6557,0.6562,2186614.2
1777132800000,0.6562,0.658,0.6517,0.6552,2220336.4
1777147200000,0.6552,0.6597,0.6542,0.6587,718569.6
1777161600000,0.6587,0.6589,0.6501,0.6519,905207.7
1777176000000,0.6519,0.6566,0.6503,0.6558,1154780.7
1777190400000,0.6558,0.6575,0.6539,0.6569,912351.9
1777204800000,0.6569,0.6575,0.6518,0.6566,1300223.3
1777219200000,0.6566,0.6587,0.6532,0.6569,847628.5
1777233600000,0.6569,0.6581,0.6519,0.6539,1932732.5
1777248000000,0.6539,0.6632,0.6514,0.6591,2931450.5
1777262400000,0.6591,0.6612,0.6384,0.6411,4878576.0
1777276800000,0.6411,0.6412,0.6353,0.6404,2187277.4
1777291200000,0.6404,0.6434,0.6283,0.633,3976640.7
1777305600000,0.633,0.6364,0.6309,0.6337,1323070.0
1777320000000,0.6337,0.6378,0.632,0.6373,718297.1
1777334400000,0.6373,0.6378,0.6319,0.6332,535266.9
1777348800000,0.6332,0.6368,0.6292,0.6326,913706.9
1777363200000,0.6326,0.6333,0.6288,0.6298,676625.5
1777377600000,0.6298,0.6336,0.6274,0.631,1364268.8
1777392000000,0.631,0.6343,0.6301,0.6335,672874.6
1777406400000,0.6335,0.6345,0.6279,0.6302,1127724.7
1777420800000,0.6302,0.6375,0.6288,0.635,1781182.1
1777435200000,0.635,0.6393,0.634,0.6344,1415104.6
1777449600000,0.6344,0.64,0.6339,0.636,1309010.0
1777464000000,0.636,0.6362,0.623,0.624,3087230.4
1777478400000,0.624,0.6264,0.6184,0.622,2592518.4
1777492800000,0.622,0.6252,0.6212,0.6243,1004144.0
1777507200000,0.6243,0.6275,0.6228,0.6252,1118488.0
1777521600000,0.6252,0.6263,0.6206,0.6259,817405.8
1777536000000,0.6259,0.6266,0.621,0.624,930199.4
1777550400000,0.624,0.6271,0.6219,0.6256,2342402.6
1777564800000,0.6256,0.6274,0.6235,0.6267,1222063.2
1777579200000,0.6267,0.6294,0.6251,0.6275,828923.5
1777593600000,0.6275,0.632,0.6263,0.6298,1365509.0
1777608000000,0.6298,0.6316,0.6282,0.6309,754131.2
1777622400000,0.6309,0.6336,0.6289,0.6328,1201371.7
1777636800000,0.6328,0.6367,0.632,0.6345,1777914.2
1777651200000,0.6345,0.6357,0.6312,0.6323,685292.1
1777665600000,0.6323,0.6327,0.6277,0.6306,724680.9
1777680000000,0.6306,0.6316,0.6286,0.6292,492733.5
1777694400000,0.6292,0.6302,0.6273,0.629,612373.6
1777708800000,0.629,0.6319,0.6282,0.6301,429162.7
1777723200000,0.6301,0.6335,0.6297,0.6322,498585.6
1777737600000,0.6322,0.6324,0.6291,0.63,520778.9
1777752000000,0.63,0.6338,0.6292,0.6302,657011.8
1777766400000,0.6302,0.6313,0.6253,0.626,925032.8
1777780800000,0.626,0.6342,0.6255,0.6307,869652.3
1777795200000,0.6307,0.6335,0.6298,0.6329,826285.6
1777809600000,0.6329,0.6349,0.6319,0.6333,510383.0
1777824000000,0.6333,0.6342,0.6322,0.6338,360305.8
1777838400000,0.6338,0.6353,0.6303,0.6314,1006959.8
1777852800000,0.6314,0.6418,0.628,0.641,2943813.5
1777867200000,0.641,0.6446,0.638,0.6401,1542287.5
1777881600000,0.6401,0.6439,0.6337,0.6375,1751543.6
1777896000000,0.6375,0.6429,0.6358,0.6404,2000364.0
1777910400000,0.6404,0.6436,0.6373,0.6383,1745778.3
1777924800000,0.6383,0.6416,0.6365,0.6394,654005.2
1777939200000,0.6394,0.6437,0.6388,0.6431,529755.1
1777953600000,0.6431,0.6447,0.6414,0.6422,910221.1
1777968000000,0.6422,0.6444,0.638,0.6419,1279154.6
1777982400000,0.6419,0.6461,0.6413,0.6417,1673969.8
1777996800000,0.6417,0.6456,0.639,0.6452,1486106.3
1778011200000,0.6452,0.6494,0.6437,0.6454,1494316.5
1778025600000,0.6454,0.6496,0.6447,0.649,814352.9
1778040000000,0.649,0.6539,0.6467,0.6519,1642702.1
1778054400000,0.6519,0.6749,0.6518,0.6736,4140736.3
1778068800000,0.6736,0.6757,0.6637,0.6712,5150096.9
1778083200000,0.6712,0.6715,0.6617,0.665,2057848.8
1778097600000,0.665,0.6689,0.6632,0.6673,1319699.0
1778112000000,0.6673,0.668,0.6533,0.6546,2795156.2
1778126400000,0.6546,0.6706,0.654,0.6675,3074151.5
1778140800000,0.6675,0.67,0.664,0.6679,1965413.2
1778155200000,0.6679,0.6699,0.6579,0.6611,3310423.5
1778169600000,0.6611,0.6615,0.6573,0.6604,1772287.0
1778184000000,0.6604,0.6624,0.6558,0.662,1198493.8
1778198400000,0.662,0.6645,0.6595,0.6637,753959.7
1778212800000,0.6637,0.6657,0.6598,0.6654,1189515.5
1778227200000,0.6654,0.6676,0.6632,0.6667,1333593.3
1778241600000,0.6667,0.6693,0.6609,0.6691,1881888.6
1778256000000,0.6691,0.6827,0.6673,0.6788,3694208.2
1778270400000,0.6788,0.6858,0.678,0.6843,1588243.4
1778284800000,0.6843,0.6954,0.6841,0.6894,2521099.3
1778299200000,0.6894,0.6918,0.6832,0.6858,1935219.4
1778313600000,0.6858,0.6886,0.6806,0.6873,1409641.6
1778328000000,0.6873,0.6925,0.6783,0.6877,3308013.4
1778342400000,0.6877,0.6895,0.6827,0.6849,950022.0
1778356800000,0.6849,0.6865,0.6814,0.6819,468701.4
1778371200000,0.6819,0.684,0.6791,0.6822,572963.1
1778385600000,0.6822,0.6857,0.6816,0.6832,454970.7
1778400000000,0.6832,0.6852,0.6819,0.6842,611201.4
1778414400000,0.6842,0.691,0.6834,0.6903,1421694.9
1778428800000,0.6903,0.712,0.6891,0.7101,4969043.4
1778443200000,0.7101,0.7151,0.696,0.7137,5040404.5
1778457600000,0.7137,0.7141,0.6984,0.7013,3053065.9
1778472000000,0.7013,0.7084,0.6984,0.7027,1900036.3
1778486400000,0.7027,0.709,0.6992,0.7066,1593118.6
1778500800000,0.7066,0.7068,0.6891,0.6981,3587563.6
1778515200000,0.6981,0.7004,0.6932,0.6986,1302949.8
1778529600000,0.6986,0.6994,0.6939,0.6969,627750.5
1778544000000,0.6969,0.6969,0.6809,0.6865,2148202.3
1778558400000,0.6865,0.6936,0.6831,0.6831,1590082.0
1778572800000,0.6831,0.6851,0.6724,0.6766,2377661.8
1778587200000,0.6766,0.6792,0.6637,0.6654,2949992.7
1778601600000,0.6654,0.6709,0.6622,0.6689,1649513.7
1778616000000,0.6689,0.6744,0.6646,0.667,1494823.3
1778630400000,0.667,0.6735,0.665,0.6712,1278039.6
1778644800000,0.6712,0.6736,0.6686,0.6707,1186130.3
1778659200000,0.6707,0.6797,0.6686,0.6695,2941780.5
1778673600000,0.6695,0.6709,0.6454,0.6469,6582895.5
1778688000000,0.6469,0.6543,0.6454,0.6519,2323849.4
1778702400000,0.6519,0.6848,0.6514,0.6714,10273337.7
1778716800000,0.6714,0.681,0.6686,0.6742,2056773.8
1778731200000,0.6742,0.6794,0.6721,0.674,1240957.9
1778745600000,0.674,0.68,0.673,0.6769,1483747.3
1778760000000,0.6769,0.685,0.6161,0.679,12406425.2
1778774400000,0.679,0.6998,0.6771,0.6959,4057502.6
1778788800000,0.6959,0.7039,0.6923,0.6945,2676605.1
1778803200000,0.6945,0.6974,0.6861,0.6943,2331166.4
1778817600000,0.6943,0.6946,0.6791,0.6848,1797871.7
1778832000000,0.6848,0.6849,0.6736,0.6769,1377944.5
1778846400000,0.6769,0.6773,0.6587,0.6644,3750570.3
1778860800000,0.6644,0.6676,0.6622,0.666,763703.3
1778875200000,0.666,0.6664,0.66,0.6658,452115.3
1778889600000,0.6658,0.6667,0.6582,0.6603,482778.2
1778904000000,0.6603,0.6614,0.6467,0.6507,2363952.9
1778918400000,0.6507,0.6511,0.6389,0.6408,3320667.8
1778932800000,0.6408,0.6452,0.6397,0.644,1118773.7
1778947200000,0.644,0.6456,0.6403,0.6408,652755.1
1778961600000,0.6408,0.6449,0.6405,0.6426,257729.7
1778976000000,0.6426,0.6438,0.6372,0.6413,1294808.0
1778990400000,0.6413,0.6439,0.6408,0.6432,655946.0
1779004800000,0.6432,0.6452,0.6413,0.6442,841131.5
1779019200000,0.6442,0.6459,0.6406,0.6417,579789.3
1779033600000,0.6417,0.6441,0.6389,0.6434,625144.8
1779048000000,0.6434,0.6467,0.6269,0.6336,4262701.2
1779062400000,0.6336,0.6366,0.6308,0.6326,1242338.5
1779076800000,0.6326,0.637,0.6285,0.6315,1507064.2
1779091200000,0.6315,0.6344,0.6251,0.6285,1278381.6
1779105600000,0.6285,0.6327,0.6204,0.6238,2020888.0
1779120000000,0.6238,0.6273,0.6188,0.627,1849113.1
1779134400000,0.627,0.6301,0.6236,0.6279,1260228.1
1779148800000,0.6279,0.6303,0.6233,0.6254,681956.7
1779163200000,0.6254,0.6333,0.6249,0.6313,1110272.8
1779177600000,0.6313,0.6313,0.6258,0.6271,923035.1
1779192000000,0.6271,0.631,0.6238,0.625,1041801.8
1779206400000,0.625,0.6279,0.623,0.6255,653642.2
1779220800000,0.6255,0.6276,0.6219,0.6226,525599.9
1779235200000,0.6226,0.6242,0.6193,0.6216,977011.4
1779249600000,0.6216,0.6276,0.6167,0.6254,2514083.3
1779264000000,0.6254,0.6293,0.6243,0.6247,1031458.8
1779278400000,0.6247,0.6323,0.6216,0.6321,1743346.2
1779292800000,0.6321,0.653,0.632,0.6529,4105675.7
1779307200000,0.6529,0.666,0.652,0.6658,3464292.3
1779321600000,0.6658,0.6823,0.6657,0.6805,4435638.9
1779336000000,0.6805,0.6982,0.6782,0.6811,6669039.5
1779350400000,0.6811,0.6895,0.6701,0.6778,4788103.0
1779364800000,0.6778,0.6894,0.6763,0.6829,5533689.0
1779379200000,0.6829,0.6841,0.6731,0.6818,1863145.1
1779393600000,0.6818,0.6846,0.6765,0.6782,1285562.3
1779408000000,0.6782,0.6846,0.6745,0.6805,1099042.0
1779422400000,0.6805,0.6826,0.6666,0.6703,1783300.1
1779436800000,0.6703,0.673,0.6628,0.6703,1780394.3
1779451200000,0.6703,0.6707,0.6551,0.6571,1964301.8
1779465600000,0.6571,0.6594,0.6358,0.6398,3453801.1
1779480000000,0.6398,0.6438,0.6354,0.6364,1646517.1
1779494400000,0.6364,0.6421,0.6354,0.6406,1484792.4
1779508800000,0.6406,0.6416,0.6341,0.641,1848075.5
1779523200000,0.641,0.6411,0.6344,0.6371,1000554.1
1779537600000,0.6371,0.6497,0.6347,0.6488,3565095.5
1779552000000,0.6488,0.6599,0.6441,0.6598,2863075.8
1779566400000,0.6598,0.6696,0.6595,0.6658,2626906.7
1779580800000,0.6658,0.6676,0.6604,0.6638,1399087.8
1779595200000,0.6638,0.6645,0.658,0.6586,894654.9
1779609600000,0.6586,0.6625,0.6569,0.6597,1174467.5
1779624000000,0.6597,0.6644,0.6486,0.6522,3478724.0
1779638400000,0.6522,0.6562,0.652,0.6534,885801.1
1779652800000,0.6534,0.6549,0.6455,0.6519,1705771.6
1779667200000,0.6519,0.6532,0.6467,0.6478,722297.7
1779681600000,0.6478,0.6505,0.6428,0.647,1172569.9
1779696000000,0.647,0.6518,0.647,0.6485,957717.2
1779710400000,0.6485,0.6547,0.6454,0.651,1374428.8
1779724800000,0.651,0.658,0.6501,0.6528,1659947.7
1779739200000,0.6528,0.6546,0.65,0.6534,671199.2
1779753600000,0.6534,0.6544,0.6376,0.6454,3554414.2
1779768000000,0.6454,0.6519,0.6437,0.6453,1238982.6
1779782400000,0.6453,0.6482,0.6415,0.6455,1843625.7
1779796800000,0.6455,0.6493,0.638,0.6413,2421460.3
1779811200000,0.6413,0.6413,0.6324,0.6371,2547658.3
1779825600000,0.6371,0.639,0.6355,0.6367,540553.5
1779840000000,0.6367,0.6378,0.6331,0.6357,695785.9
1779854400000,0.6357,0.6391,0.6328,0.6379,663684.7
1779868800000,0.6379,0.6392,0.6353,0.6368,604430.5
1779883200000,0.6368,0.6396,0.6311,0.6348,2438242.3
1779897600000,0.6348,0.6439,0.631,0.6366,2080460.9
1779912000000,0.6366,0.6377,0.6242,0.6275,2103268.7
1779926400000,0.6275,0.6298,0.6192,0.6199,1831673.2
1779940800000,0.6199,0.627,0.6167,0.6242,3361399.0
1779955200000,0.6242,0.6269,0.6192,0.6226,1413818.2
1779969600000,0.6226,0.6261,0.617,0.6207,2502913.6
1779984000000,0.6207,0.6346,0.6197,0.6282,2817306.5
1779998400000,0.6282,0.6335,0.6262,0.6298,1373970.7
1780012800000,0.6298,0.6319,0.6262,0.627,722425.6
1780027200000,0.627,0.6396,0.6265,0.638,1634464.1
1780041600000,0.638,0.6459,0.6366,0.6402,1966985.7
1780056000000,0.6402,0.6469,0.6323,0.6433,2902875.4
1780070400000,0.6433,0.649,0.6411,0.6426,2721391.1
1780084800000,0.6426,0.6447,0.6405,0.6431,538227.3
1780099200000,0.6431,0.6526,0.6428,0.6486,1376597.7
1780113600000,0.6486,0.6549,0.6442,0.6511,1567430.9
1780128000000,0.6511,0.6527,0.6456,0.6499,688335.5
1780142400000,0.6499,0.6522,0.6469,0.6493,1547560.6
1780156800000,0.6493,0.6848,0.6481,0.6842,7296600.2
1780171200000,0.6842,0.7017,0.6683,0.6781,14267071.2
1780185600000,0.6781,0.6924,0.6752,0.6839,2439771.4
1780200000000,0.6839,0.6884,0.6719,0.6733,3223303.2
1780214400000,0.6733,0.6792,0.6695,0.675,2182962.7
1780228800000,0.675,0.6843,0.6682,0.6715,3046644.6
1780243200000,0.6715,0.6734,0.6578,0.6632,2748792.0
1780257600000,0.6632,0.6694,0.663,0.6669,1109624.8
1780272000000,0.6669,0.669,0.6517,0.6567,2819426.5
1780286400000,0.6567,0.658,0.6465,0.6483,1702545.7
1780300800000,0.6483,0.6526,0.6444,0.6474,2086073.1
1780315200000,0.6474,0.6484,0.6267,0.6274,4576810.0
1780329600000,0.6274,0.6437,0.6215,0.6381,5480960.4
1780344000000,0.6381,0.64,0.6302,0.6363,1795352.9
1780358400000,0.6363,0.6384,0.6281,0.6345,2136445.8
1780372800000,0.6345,0.6347,0.6276,0.6318,1403842.2
1780387200000,0.6318,0.6325,0.6245,0.6248,1246878.1
1780401600000,0.6248,0.6294,0.6137,0.6173,4747299.1
1780416000000,0.6173,0.6242,0.6103,0.6159,3775612.2
1780430400000,0.6159,0.618,0.6031,0.6063,2498304.9
1780444800000,0.6063,0.6078,0.5939,0.5958,3116160.7
1780459200000,0.5958,0.615,0.5957,0.6117,3198353.4
1780473600000,0.6117,0.6144,0.6081,0.6118,1842278.4
1780488000000,0.6118,0.6144,0.606,0.6063,1955053.2
1780502400000,0.6063,0.6075,0.5958,0.5979,2932316.3
1780516800000,0.5979,0.6022,0.5912,0.5958,2042550.5
1780531200000,0.5958,0.6024,0.574,0.5907,8016631.2
1780545600000,0.5907,0.5922,0.5802,0.5813,2462230.9
1780560000000,0.5813,0.5878,0.5462,0.5517,9295944.1
1780574400000,0.5517,0.5646,0.5484,0.5626,3273484.4
1780588800000,0.5626,0.5641,0.5502,0.5544,2701390.6
1780603200000,0.5544,0.5576,0.549,0.556,2087792.2
1780617600000,0.556,0.5568,0.5409,0.5434,2696529.4
1780632000000,0.5434,0.5474,0.5223,0.5351,5781010.8
1780646400000,0.5351,0.5362,0.5275,0.5308,2134293.0
1780660800000,0.5308,0.535,0.5234,0.5248,4478747.1
1780675200000,0.5248,0.5248,0.5092,0.5143,6568996.9
1780689600000,0.5143,0.5222,0.5116,0.5184,2739678.0
1780704000000,0.5184,0.5246,0.5172,0.5203,2209896.5
1780718400000,0.5203,0.5213,0.5052,0.5133,4952907.0
1780732800000,0.5133,0.5183,0.5111,0.5149,1822229.1
1780747200000,0.5149,0.5192,0.5129,0.5181,1713985.7
1780761600000,0.5181,0.5201,0.5135,0.5135,1038132.2
1780776000000,0.5135,0.516,0.5064,0.5144,1534298.0
1780790400000,0.5144,0.5229,0.5134,0.521,1921664.7
1780804800000,0.521,0.5295,0.5189,0.5292,1501116.7
1780819200000,0.5292,0.5437,0.527,0.5358,2855821.8
1780833600000,0.5358,0.5387,0.5288,0.5346,1870818.7
1780848000000,0.5346,0.5408,0.5285,0.5322,2117091.0
1780862400000,0.5322,0.5445,0.531,0.5433,2340850.6
1780876800000,0.5433,0.5504,0.5415,0.5494,1528912.7
1780891200000,0.5494,0.5499,0.5417,0.5471,1950333.1
1780905600000,0.5471,0.5536,0.5406,0.5503,2217156.4
1780920000000,0.5503,0.5523,0.5467,0.5494,1697821.4
1780934400000,0.5494,0.5539,0.5483,0.551,2004885.2
1780948800000,0.551,0.5538,0.5451,0.5469,2215386.8
1780963200000,0.5469,0.5475,0.5374,0.5391,2718695.1
1780977600000,0.5391,0.5465,0.5381,0.5393,2000226.2
1780992000000,0.5393,0.5424,0.5382,0.542,1469173.5
1781006400000,0.542,0.5434,0.5258,0.5286,5544186.1
1781020800000,0.5286,0.5341,0.5244,0.5314,2430217.4
1781035200000,0.5314,0.537,0.531,0.5365,1188288.0
1781049600000,0.5365,0.5385,0.5341,0.538,1973863.7
1781064000000,0.538,0.5386,0.5313,0.5358,1305819.7
1781078400000,0.5358,0.5361,0.5292,0.5298,1581687.8
1781092800000,0.5298,0.5417,0.5282,0.5406,3249573.3
1781107200000,0.5406,0.5413,0.53,0.5307,2123983.0
1781121600000,0.5307,0.5313,0.5243,0.5284,1883124.4
1781136000000,0.5284,0.5376,0.5283,0.5362,1452469.3
1781150400000,0.5362,0.5375,0.5338,0.5359,1456683.8
1781164800000,0.5359,0.5409,0.5357,0.5404,1225498.2
1781179200000,0.5404,0.5436,0.5351,0.5375,1803483.2
1781193600000,0.5375,0.5454,0.531,0.5417,2396652.2
1781208000000,0.5417,0.5421,0.5388,0.5409,912764.8
1781222400000,0.5409,0.5435,0.5388,0.5417,1170607.1
1781236800000,0.5417,0.5436,0.5348,0.5406,1643695.5
1781251200000,0.5406,0.5457,0.54,0.5417,1327212.7
1781265600000,0.5417,0.5446,0.5363,0.5385,2576525.4
1781280000000,0.5385,0.5416,0.5362,0.5382,1132121.5
1781294400000,0.5382,0.5393,0.5353,0.5366,475651.9
1781308800000,0.5366,0.5398,0.5363,0.5379,583513.5
1781323200000,0.5379,0.5435,0.537,0.5426,695308.3
1781337600000,0.5426,0.5441,0.5406,0.5432,790578.0
1781352000000,0.5432,0.5491,0.5432,0.5482,1202703.4
1781366400000,0.5482,0.5534,0.5452,0.5523,1498533.4
1781380800000,0.5523,0.5578,0.5516,0.5568,1185426.7
1781395200000,0.5568,0.5575,0.5535,0.556,894969.9
1781409600000,0.556,0.5574,0.5525,0.557,786822.1
1781424000000,0.557,0.5635,0.5556,0.5596,1886046.4
1781438400000,0.5596,0.5603,0.5503,0.5528,1314920.2
1781452800000,0.5528,0.5554,0.5516,0.552,871458.4
1781467200000,0.552,0.5792,0.5515,0.5684,4102070.1
1781481600000,0.5684,0.5718,0.5645,0.5695,1304042.4
1781496000000,0.5695,0.5745,0.5688,0.5708,948533.6
1781510400000,0.5708,0.5851,0.5708,0.581,2640894.8
1781524800000,0.581,0.5947,0.5665,0.5799,7310394.3
1781539200000,0.5799,0.5859,0.5786,0.579,2451121.9
1781553600000,0.579,0.5816,0.5754,0.5768,1461401.5
1781568000000,0.5768,0.5772,0.5698,0.5746,1300997.8
1781582400000,0.5746,0.5778,0.5703,0.5754,1083941.3
1781596800000,0.5754,0.5812,0.5736,0.5751,1528564.1
1781611200000,0.5751,0.5801,0.557,0.5621,5849546.8
1781625600000,0.5621,0.5636,0.5507,0.5561,3081772.1
1781640000000,0.5561,0.5589,0.5551,0.5577,1027710.8
1781654400000,0.5577,0.5704,0.5545,0.5662,2352604.9
1781668800000,0.5662,0.5699,0.5623,0.5643,1711138.8
1781683200000,0.5643,0.5651,0.5479,0.5519,2404783.8
1781697600000,0.5519,0.556,0.5483,0.5556,2478739.1
1781712000000,0.5556,0.5593,0.5394,0.5414,4646419.4
1781726400000,0.5414,0.5432,0.5348,0.5422,1634045.7
1781740800000,0.5422,0.5468,0.5402,0.5402,1131435.9
1781755200000,0.5402,0.5429,0.5369,0.5422,1497228.0
1781769600000,0.5422,0.5425,0.5353,0.5361,1918437.7
1781784000000,0.5361,0.5419,0.5203,0.5217,3186545.2
1781798400000,0.5217,0.5283,0.5212,0.5276,1929675.4
1781812800000,0.5276,0.5318,0.5275,0.5312,906283.1
1781827200000,0.5312,0.5328,0.5251,0.5284,1943353.8
1781841600000,0.5284,0.5295,0.5242,0.5285,1176186.9
1781856000000,0.5285,0.5295,0.5168,0.5232,2497899.5
1781870400000,0.5232,0.5293,0.521,0.5279,2279935.8
1781884800000,0.5279,0.5288,0.5231,0.5271,2160815.7
1781899200000,0.5271,0.5305,0.5251,0.5295,1640108.5
1781913600000,0.5295,0.5301,0.5245,0.5262,699159.6
1781928000000,0.5262,0.5345,0.5258,0.5314,1371829.7
1781942400000,0.5314,0.5322,0.5278,0.5318,800931.3
1781956800000,0.5318,0.5349,0.5275,0.5338,2224131.1
1781971200000,0.5338,0.5348,0.5297,0.533,976956.5
1781985600000,0.533,0.5369,0.5323,0.5356,827330.1
1782000000000,0.5356,0.5373,0.5331,0.5367,680443.9
1782014400000,0.5367,0.537,0.5311,0.5316,847948.3
1782028800000,0.5316,0.5347,0.5295,0.5303,898070.3
1782043200000,0.5303,0.5384,0.5287,0.5362,1248667.2
1782057600000,0.5362,0.5378,0.5322,0.5368,857336.6
1782072000000,0.5368,0.5369,0.5264,0.5287,1808295.1
1782086400000,0.5287,0.5372,0.5286,0.5309,1528257.8
1782100800000,0.5309,0.5368,0.5298,0.5348,1330864.6
1782115200000,0.5348,0.5405,0.5328,0.5384,1888791.2
1782129600000,0.5384,0.5414,0.5332,0.5338,2216091.8
1782144000000,0.5338,0.5357,0.531,0.5337,1368564.7
1782158400000,0.5337,0.5349,0.5306,0.5336,683835.1
1782172800000,0.5336,0.534,0.5302,0.5322,680327.2
1782187200000,0.5322,0.5324,0.5185,0.5207,3703605.2
1782201600000,0.5207,0.5214,0.5103,0.5179,3597823.3
1782216000000,0.5179,0.519,0.5125,0.5144,2319115.7
1782230400000,0.5144,0.5164,0.5092,0.514,1286264.1
1782244800000,0.514,0.5162,0.514,0.5152,631471.7
1782259200000,0.5152,0.519,0.5126,0.5149,844185.7
1782273600000,0.5149,0.5188,0.5116,0.5156,1435188.9
1782288000000,0.5156,0.518,0.5115,0.5164,1212884.5
1782302400000,0.5164,0.5168,0.5021,0.5031,3946996.6
1782316800000,0.5031,0.5065,0.49,0.4984,5266832.9
1782331200000,0.4984,0.5039,0.4977,0.5033,2052485.1
1782345600000,0.5033,0.5065,0.4976,0.5019,1943910.6
1782360000000,0.5019,0.5105,0.5018,0.5096,1709826.2
1782374400000,0.5096,0.5101,0.5014,0.5048,1657468.0
1782388800000,0.5048,0.507,0.45,0.4555,28918220.4
1782403200000,0.4555,0.4581,0.4431,0.4441,7836720.0
1782417600000,0.4441,0.4483,0.438,0.442,6304337.9
1782432000000,0.442,0.4464,0.4191,0.4278,11985513.7
1782446400000,0.4278,0.4336,0.4235,0.4292,7966603.8
1782460800000,0.4292,0.4293,0.4157,0.4175,5668219.9
1782475200000,0.4175,0.4296,0.4156,0.4277,8485884.2
1782489600000,0.4277,0.439,0.4238,0.4375,5140777.9
1782504000000,0.4375,0.4414,0.4364,0.4379,2185081.6
1782518400000,0.4379,0.4395,0.4321,0.4334,1301425.8
1782532800000,0.4334,0.4382,0.4334,0.4361,1470582.1
1782547200000,0.4361,0.4374,0.4347,0.437,604631.5
